{"type": "FeatureCollection", "features": [{"type": "Feature", "id": "airport:AGGH", "geometry": {"type": "Point", "coordinates": [160.054993, -9.428]}, "properties": {"id": "e:fac:apt-aggh", "name": "Honiara International Airport", "kind": "airport", "iata": "HIR", "country": "SB", "municipality": "Honiara", "function": "客货混合·农产品进境口岸", "geoPrecision": "exact", "provenance": {"provider": "OurAirports", "url": "https://davidmegginson.github.io/ourairports-data/airports.csv", "license": "Public Domain", "collectedAt": "2026-09-22"}}}, {"type": "Feature", "id": "airport:AU-0539", "geometry": {"type": "Point", "coordinates": [150.712981, -33.883461]}, "properties": {"id": "e:fac:apt-au-0539", "name": "Western Sydney International (Nancy-Bird Walton) Airport", "kind": "airport", "iata": "WSI", "country": "AU", "municipality": "Sydney", "function": "客货混合·农产品进境口岸", "geoPrecision": "exact", "provenance": {"provider": "OurAirports", "url": "https://davidmegginson.github.io/ourairports-data/airports.csv", "license": "Public Domain", "collectedAt": "2026-09-22"}}}, {"type": "Feature", "id": "airport:AYNZ", "geometry": {"type": "Point", "coordinates": [146.726544, -6.567995]}, "properties": {"id": "e:fac:apt-aynz", "name": "Nadzab Tomodachi International Airport", "kind": "airport", "iata": "LAE", "country": "PG", "municipality": "Lae", "function": "客货混合·农产品进境口岸", "geoPrecision": "exact", "provenance": {"provider": "OurAirports", "url": "https://davidmegginson.github.io/ourairports-data/airports.csv", "license": "Public Domain", "collectedAt": "2026-09-22"}}}, {"type": "Feature", "id": "airport:AYPY", "geometry": {"type": "Point", "coordinates": [147.220001, -9.44338]}, "properties": {"id": "e:fac:apt-aypy", "name": "Port Moresby Jacksons International Airport", "kind": "airport", "iata": "POM", "country": "PG", "municipality": "Port Moresby", "function": "客货混合·农产品进境口岸", "geoPrecision": "exact", "provenance": {"provider": "OurAirports", "url": "https://davidmegginson.github.io/ourairports-data/airports.csv", "license": "Public Domain", "collectedAt": "2026-09-22"}}}, {"type": "Feature", "id": "airport:BGGH", "geometry": {"type": "Point", "coordinates": [-51.67914, 64.191066]}, "properties": {"id": "e:fac:apt-bggh", "name": "Nuuk International Airport", "kind": "airport", "iata": "GOH", "country": "GL", "municipality": "Nuuk", "function": "客货混合·农产品进境口岸", "geoPrecision": "exact", "provenance": {"provider": "OurAirports", "url": "https://davidmegginson.github.io/ourairports-data/airports.csv", "license": "Public Domain", "collectedAt": "2026-09-22"}}}, {"type": "Feature", "id": "airport:BIAR", "geometry": {"type": "Point", "coordinates": [-18.072018, 65.656573]}, "properties": {"id": "e:fac:apt-biar", "name": "Akureyri International Airport", "kind": "airport", "iata": "AEY", "country": "IS", "municipality": "Akureyri", "function": "客货混合·农产品进境口岸", "geoPrecision": "exact", "provenance": {"provider": "OurAirports", "url": "https://davidmegginson.github.io/ourairports-data/airports.csv", "license": "Public Domain", "collectedAt": "2026-09-22"}}}, {"type": "Feature", "id": "airport:BIKF", "geometry": {"type": "Point", "coordinates": [-22.6056, 63.985001]}, "properties": {"id": "e:fac:apt-bikf", "name": "Keflavik International Airport", "kind": "airport", "iata": "KEF", "country": "IS", "municipality": "Reykjavík", "function": "客货混合·农产品进境口岸", "geoPrecision": "exact", "provenance": {"provider": "OurAirports", "url": "https://davidmegginson.github.io/ourairports-data/airports.csv", "license": "Public Domain", "collectedAt": "2026-09-22"}}}, {"type": "Feature", "id": "airport:BKPR", "geometry": {"type": "Point", "coordinates": [21.035801, 42.5728]}, "properties": {"id": "e:fac:apt-bkpr", "name": "Priština Adem Jashari International Airport", "kind": "airport", "iata": "PRN", "country": "XK", "municipality": "Prishtina", "function": "客货混合·农产品进境口岸", "geoPrecision": "exact", "provenance": {"provider": "OurAirports", "url": "https://davidmegginson.github.io/ourairports-data/airports.csv", "license": "Public Domain", "collectedAt": "2026-09-22"}}}, {"type": "Feature", "id": "airport:CA-1291", "geometry": {"type": "Point", "coordinates": [-113.58, 53.3097]}, "properties": {"id": "e:fac:apt-ca-1291", "name": "(Duplicate)YEG", "kind": "airport", "iata": "", "country": "CA", "municipality": "Edmonton", "function": "客货混合·农产品进境口岸", "geoPrecision": "exact", "provenance": {"provider": "OurAirports", "url": "https://davidmegginson.github.io/ourairports-data/airports.csv", "license": "Public Domain", "collectedAt": "2026-09-22"}}}, {"type": "Feature", "id": "airport:CA-1292", "geometry": {"type": "Point", "coordinates": [-106.699219, 50.341652]}, "properties": {"id": "e:fac:apt-ca-1292", "name": "YEG", "kind": "airport", "iata": "", "country": "CA", "municipality": "Edmonton", "function": "客货混合·农产品进境口岸", "geoPrecision": "exact", "provenance": {"provider": "OurAirports", "url": "https://davidmegginson.github.io/ourairports-data/airports.csv", "license": "Public Domain", "collectedAt": "2026-09-22"}}}, {"type": "Feature", "id": "airport:CYEG", "geometry": {"type": "Point", "coordinates": [-113.580002, 53.3097]}, "properties": {"id": "e:fac:apt-cyeg", "name": "Edmonton International Airport", "kind": "airport", "iata": "YEG", "country": "CA", "municipality": "Edmonton", "function": "客货混合·农产品进境口岸", "geoPrecision": "exact", "provenance": {"provider": "OurAirports", "url": "https://davidmegginson.github.io/ourairports-data/airports.csv", "license": "Public Domain", "collectedAt": "2026-09-22"}}}, {"type": "Feature", "id": "airport:CYHM", "geometry": {"type": "Point", "coordinates": [-79.929416, 43.171308]}, "properties": {"id": "e:fac:apt-cyhm", "name": "John C. Munro Hamilton International Airport", "kind": "airport", "iata": "YHM", "country": "CA", "municipality": "Hamilton", "function": "客货混合·农产品进境口岸", "geoPrecision": "exact", "provenance": {"provider": "OurAirports", "url": "https://davidmegginson.github.io/ourairports-data/airports.csv", "license": "Public Domain", "collectedAt": "2026-09-22"}}}, {"type": "Feature", "id": "airport:CYHZ", "geometry": {"type": "Point", "coordinates": [-63.508598, 44.880798]}, "properties": {"id": "e:fac:apt-cyhz", "name": "Halifax / Stanfield International Airport", "kind": "airport", "iata": "YHZ", "country": "CA", "municipality": "Halifax", "function": "客货混合·农产品进境口岸", "geoPrecision": "exact", "provenance": {"provider": "OurAirports", "url": "https://davidmegginson.github.io/ourairports-data/airports.csv", "license": "Public Domain", "collectedAt": "2026-09-22"}}}, {"type": "Feature", "id": "airport:CYLW", "geometry": {"type": "Point", "coordinates": [-119.377998, 49.9561]}, "properties": {"id": "e:fac:apt-cylw", "name": "Kelowna International Airport", "kind": "airport", "iata": "YLW", "country": "CA", "municipality": "Kelowna", "function": "客货混合·农产品进境口岸", "geoPrecision": "exact", "provenance": {"provider": "OurAirports", "url": "https://davidmegginson.github.io/ourairports-data/airports.csv", "license": "Public Domain", "collectedAt": "2026-09-22"}}}, {"type": "Feature", "id": "airport:CYOW", "geometry": {"type": "Point", "coordinates": [-75.669197, 45.322498]}, "properties": {"id": "e:fac:apt-cyow", "name": "Ottawa Macdonald-Cartier International Airport", "kind": "airport", "iata": "YOW", "country": "CA", "municipality": "Ottawa", "function": "客货混合·农产品进境口岸", "geoPrecision": "exact", "provenance": {"provider": "OurAirports", "url": "https://davidmegginson.github.io/ourairports-data/airports.csv", "license": "Public Domain", "collectedAt": "2026-09-22"}}}, {"type": "Feature", "id": "airport:CYQB", "geometry": {"type": "Point", "coordinates": [-71.393303, 46.7911]}, "properties": {"id": "e:fac:apt-cyqb", "name": "Quebec Jean Lesage International Airport", "kind": "airport", "iata": "YQB", "country": "CA", "municipality": "Quebec", "function": "客货混合·农产品进境口岸", "geoPrecision": "exact", "provenance": {"provider": "OurAirports", "url": "https://davidmegginson.github.io/ourairports-data/airports.csv", "license": "Public Domain", "collectedAt": "2026-09-22"}}}, {"type": "Feature", "id": "airport:CYQG", "geometry": {"type": "Point", "coordinates": [-82.955597, 42.2756]}, "properties": {"id": "e:fac:apt-cyqg", "name": "Windsor International Airport", "kind": "airport", "iata": "YQG", "country": "CA", "municipality": "Windsor", "function": "客货混合·农产品进境口岸", "geoPrecision": "exact", "provenance": {"provider": "OurAirports", "url": "https://davidmegginson.github.io/ourairports-data/airports.csv", "license": "Public Domain", "collectedAt": "2026-09-22"}}}, {"type": "Feature", "id": "airport:CYUL", "geometry": {"type": "Point", "coordinates": [-73.742294, 45.467837]}, "properties": {"id": "e:fac:apt-cyul", "name": "Montreal / Pierre Elliott Trudeau International Airport", "kind": "airport", "iata": "YUL", "country": "CA", "municipality": "Montréal", "function": "客货混合·农产品进境口岸", "geoPrecision": "exact", "provenance": {"provider": "OurAirports", "url": "https://davidmegginson.github.io/ourairports-data/airports.csv", "license": "Public Domain", "collectedAt": "2026-09-22"}}}, {"type": "Feature", "id": "airport:CYVR", "geometry": {"type": "Point", "coordinates": [-123.183998, 49.193901]}, "properties": {"id": "e:fac:apt-cyvr", "name": "Vancouver International Airport", "kind": "airport", "iata": "YVR", "country": "CA", "municipality": "Vancouver", "function": "客货混合·农产品进境口岸", "geoPrecision": "exact", "provenance": {"provider": "OurAirports", "url": "https://davidmegginson.github.io/ourairports-data/airports.csv", "license": "Public Domain", "collectedAt": "2026-09-22"}}}, {"type": "Feature", "id": "airport:CYWG", "geometry": {"type": "Point", "coordinates": [-97.239899, 49.91]}, "properties": {"id": "e:fac:apt-cywg", "name": "Winnipeg / James Armstrong Richardson International Airport", "kind": "airport", "iata": "YWG", "country": "CA", "municipality": "Winnipeg", "function": "客货混合·农产品进境口岸", "geoPrecision": "exact", "provenance": {"provider": "OurAirports", "url": "https://davidmegginson.github.io/ourairports-data/airports.csv", "license": "Public Domain", "collectedAt": "2026-09-22"}}}, {"type": "Feature", "id": "airport:CYXE", "geometry": {"type": "Point", "coordinates": [-106.700793, 52.170723]}, "properties": {"id": "e:fac:apt-cyxe", "name": "Saskatoon John G. Diefenbaker International Airport", "kind": "airport", "iata": "YXE", "country": "CA", "municipality": "Saskatoon", "function": "客货混合·农产品进境口岸", "geoPrecision": "exact", "provenance": {"provider": "OurAirports", "url": "https://davidmegginson.github.io/ourairports-data/airports.csv", "license": "Public Domain", "collectedAt": "2026-09-22"}}}, {"type": "Feature", "id": "airport:CYYC", "geometry": {"type": "Point", "coordinates": [-114.009933, 51.118822]}, "properties": {"id": "e:fac:apt-cyyc", "name": "Calgary International Airport", "kind": "airport", "iata": "YYC", "country": "CA", "municipality": "Calgary", "function": "客货混合·农产品进境口岸", "geoPrecision": "exact", "provenance": {"provider": "OurAirports", "url": "https://davidmegginson.github.io/ourairports-data/airports.csv", "license": "Public Domain", "collectedAt": "2026-09-22"}}}, {"type": "Feature", "id": "airport:CYYJ", "geometry": {"type": "Point", "coordinates": [-123.427792, 48.647201]}, "properties": {"id": "e:fac:apt-cyyj", "name": "Victoria International Airport", "kind": "airport", "iata": "YYJ", "country": "CA", "municipality": "Victoria", "function": "客货混合·农产品进境口岸", "geoPrecision": "exact", "provenance": {"provider": "OurAirports", "url": "https://davidmegginson.github.io/ourairports-data/airports.csv", "license": "Public Domain", "collectedAt": "2026-09-22"}}}, {"type": "Feature", "id": "airport:CYYT", "geometry": {"type": "Point", "coordinates": [-52.7519, 47.618599]}, "properties": {"id": "e:fac:apt-cyyt", "name": "St. John's International Airport", "kind": "airport", "iata": "YYT", "country": "CA", "municipality": "St. John's", "function": "客货混合·农产品进境口岸", "geoPrecision": "exact", "provenance": {"provider": "OurAirports", "url": "https://davidmegginson.github.io/ourairports-data/airports.csv", "license": "Public Domain", "collectedAt": "2026-09-22"}}}, {"type": "Feature", "id": "airport:CYYZ", "geometry": {"type": "Point", "coordinates": [-79.629421, 43.675935]}, "properties": {"id": "e:fac:apt-cyyz", "name": "Toronto Pearson International Airport", "kind": "airport", "iata": "YYZ", "country": "CA", "municipality": "Toronto", "function": "客货混合·农产品进境口岸", "geoPrecision": "exact", "provenance": {"provider": "OurAirports", "url": "https://davidmegginson.github.io/ourairports-data/airports.csv", "license": "Public Domain", "collectedAt": "2026-09-22"}}}, {"type": "Feature", "id": "airport:DAAE", "geometry": {"type": "Point", "coordinates": [5.069909, 36.712547]}, "properties": {"id": "e:fac:apt-daae", "name": "Soummam–Abane Ramdane Airport", "kind": "airport", "iata": "BJA", "country": "DZ", "municipality": "Béjaïa", "function": "客货混合·农产品进境口岸", "geoPrecision": "exact", "provenance": {"provider": "OurAirports", "url": "https://davidmegginson.github.io/ourairports-data/airports.csv", "license": "Public Domain", "collectedAt": "2026-09-22"}}}, {"type": "Feature", "id": "airport:DAAG", "geometry": {"type": "Point", "coordinates": [3.214531, 36.693886]}, "properties": {"id": "e:fac:apt-daag", "name": "Houari Boumediene Airport", "kind": "airport", "iata": "ALG", "country": "DZ", "municipality": "Algiers", "function": "客货混合·农产品进境口岸", "geoPrecision": "exact", "provenance": {"provider": "OurAirports", "url": "https://davidmegginson.github.io/ourairports-data/airports.csv", "license": "Public Domain", "collectedAt": "2026-09-22"}}}, {"type": "Feature", "id": "airport:DAAJ", "geometry": {"type": "Point", "coordinates": [9.463652, 24.285448]}, "properties": {"id": "e:fac:apt-daaj", "name": "Tiska Djanet Airport", "kind": "airport", "iata": "DJG", "country": "DZ", "municipality": "Djanet", "function": "客货混合·农产品进境口岸", "geoPrecision": "exact", "provenance": {"provider": "OurAirports", "url": "https://davidmegginson.github.io/ourairports-data/airports.csv", "license": "Public Domain", "collectedAt": "2026-09-22"}}}, {"type": "Feature", "id": "airport:DAAT", "geometry": {"type": "Point", "coordinates": [5.450832, 22.810992]}, "properties": {"id": "e:fac:apt-daat", "name": "Aguenar – Hadj Bey Akhamok Airport", "kind": "airport", "iata": "TMR", "country": "DZ", "municipality": "Tamanrasset", "function": "客货混合·农产品进境口岸", "geoPrecision": "exact", "provenance": {"provider": "OurAirports", "url": "https://davidmegginson.github.io/ourairports-data/airports.csv", "license": "Public Domain", "collectedAt": "2026-09-22"}}}, {"type": "Feature", "id": "airport:DAAV", "geometry": {"type": "Point", "coordinates": [5.873652, 36.794125]}, "properties": {"id": "e:fac:apt-daav", "name": "Jijel Ferhat Abbas Airport", "kind": "airport", "iata": "GJL", "country": "DZ", "municipality": "Tahir", "function": "客货混合·农产品进境口岸", "geoPrecision": "exact", "provenance": {"provider": "OurAirports", "url": "https://davidmegginson.github.io/ourairports-data/airports.csv", "license": "Public Domain", "collectedAt": "2026-09-22"}}}, {"type": "Feature", "id": "airport:DABB", "geometry": {"type": "Point", "coordinates": [7.81334, 36.826781]}, "properties": {"id": "e:fac:apt-dabb", "name": "Annaba Rabah Bitat Airport", "kind": "airport", "iata": "AAE", "country": "DZ", "municipality": "Annaba", "function": "客货混合·农产品进境口岸", "geoPrecision": "exact", "provenance": {"provider": "OurAirports", "url": "https://davidmegginson.github.io/ourairports-data/airports.csv", "license": "Public Domain", "collectedAt": "2026-09-22"}}}, {"type": "Feature", "id": "airport:DABC", "geometry": {"type": "Point", "coordinates": [6.62039, 36.276001]}, "properties": {"id": "e:fac:apt-dabc", "name": "Mohamed Boudiaf International Airport", "kind": "airport", "iata": "CZL", "country": "DZ", "municipality": "Constantine", "function": "客货混合·农产品进境口岸", "geoPrecision": "exact", "provenance": {"provider": "OurAirports", "url": "https://davidmegginson.github.io/ourairports-data/airports.csv", "license": "Public Domain", "collectedAt": "2026-09-22"}}}, {"type": "Feature", "id": "airport:DABT", "geometry": {"type": "Point", "coordinates": [6.30859, 35.752102]}, "properties": {"id": "e:fac:apt-dabt", "name": "Batna Mostefa Ben Boulaid Airport", "kind": "airport", "iata": "BLJ", "country": "DZ", "municipality": "Batna", "function": "客货混合·农产品进境口岸", "geoPrecision": "exact", "provenance": {"provider": "OurAirports", "url": "https://davidmegginson.github.io/ourairports-data/airports.csv", "license": "Public Domain", "collectedAt": "2026-09-22"}}}, {"type": "Feature", "id": "airport:DAOI", "geometry": {"type": "Point", "coordinates": [1.341114, 36.216614]}, "properties": {"id": "e:fac:apt-daoi", "name": "Chlef Aboubakr Belkaid International Airport", "kind": "airport", "iata": "CFK", "country": "DZ", "municipality": "Chlef", "function": "客货混合·农产品进境口岸", "geoPrecision": "exact", "provenance": {"provider": "OurAirports", "url": "https://davidmegginson.github.io/ourairports-data/airports.csv", "license": "Public Domain", "collectedAt": "2026-09-22"}}}, {"type": "Feature", "id": "airport:DAON", "geometry": {"type": "Point", "coordinates": [-1.457117, 35.012732]}, "properties": {"id": "e:fac:apt-daon", "name": "Zenata – Messali El Hadj Airport", "kind": "airport", "iata": "TLM", "country": "DZ", "municipality": "Zenata", "function": "客货混合·农产品进境口岸", "geoPrecision": "exact", "provenance": {"provider": "OurAirports", "url": "https://davidmegginson.github.io/ourairports-data/airports.csv", "license": "Public Domain", "collectedAt": "2026-09-22"}}}, {"type": "Feature", "id": "airport:DAOO", "geometry": {"type": "Point", "coordinates": [-0.622486, 35.620648]}, "properties": {"id": "e:fac:apt-daoo", "name": "Oran Es-Sénia (Ahmed Ben Bella) International Airport", "kind": "airport", "iata": "ORN", "country": "DZ", "municipality": "Es-Sénia", "function": "客货混合·农产品进境口岸", "geoPrecision": "exact", "provenance": {"provider": "OurAirports", "url": "https://davidmegginson.github.io/ourairports-data/airports.csv", "license": "Public Domain", "collectedAt": "2026-09-22"}}}, {"type": "Feature", "id": "airport:DAUB", "geometry": {"type": "Point", "coordinates": [5.738899, 34.79318]}, "properties": {"id": "e:fac:apt-daub", "name": "Biskra - Mohamed Khider Airport", "kind": "airport", "iata": "BSK", "country": "DZ", "municipality": "Biskra", "function": "客货混合·农产品进境口岸", "geoPrecision": "exact", "provenance": {"provider": "OurAirports", "url": "https://davidmegginson.github.io/ourairports-data/airports.csv", "license": "Public Domain", "collectedAt": "2026-09-22"}}}, {"type": "Feature", "id": "airport:DBBB", "geometry": {"type": "Point", "coordinates": [2.38435, 6.35723]}, "properties": {"id": "e:fac:apt-dbbb", "name": "Cotonou Cadjehoun International Airport", "kind": "airport", "iata": "COO", "country": "BJ", "municipality": "Cotonou", "function": "客货混合·农产品进境口岸", "geoPrecision": "exact", "provenance": {"provider": "OurAirports", "url": "https://davidmegginson.github.io/ourairports-data/airports.csv", "license": "Public Domain", "collectedAt": "2026-09-22"}}}, {"type": "Feature", "id": "airport:DFFD", "geometry": {"type": "Point", "coordinates": [-1.51242, 12.3532]}, "properties": {"id": "e:fac:apt-dffd", "name": "Ouagadougou Thomas Sankara International Airport", "kind": "airport", "iata": "OUA", "country": "BF", "municipality": "Ouagadougou", "function": "客货混合·农产品进境口岸", "geoPrecision": "exact", "provenance": {"provider": "OurAirports", "url": "https://davidmegginson.github.io/ourairports-data/airports.csv", "license": "Public Domain", "collectedAt": "2026-09-22"}}}, {"type": "Feature", "id": "airport:DFOO", "geometry": {"type": "Point", "coordinates": [-4.33097, 11.1601]}, "properties": {"id": "e:fac:apt-dfoo", "name": "Bobo Dioulasso Airport", "kind": "airport", "iata": "BOY", "country": "BF", "municipality": "Bobo Dioulasso", "function": "客货混合·农产品进境口岸", "geoPrecision": "exact", "provenance": {"provider": "OurAirports", "url": "https://davidmegginson.github.io/ourairports-data/airports.csv", "license": "Public Domain", "collectedAt": "2026-09-22"}}}, {"type": "Feature", "id": "airport:DGAA", "geometry": {"type": "Point", "coordinates": [-0.166786, 5.60519]}, "properties": {"id": "e:fac:apt-dgaa", "name": "Kotoka International Airport", "kind": "airport", "iata": "ACC", "country": "GH", "municipality": "Accra", "function": "客货混合·农产品进境口岸", "geoPrecision": "exact", "provenance": {"provider": "OurAirports", "url": "https://davidmegginson.github.io/ourairports-data/airports.csv", "license": "Public Domain", "collectedAt": "2026-09-22"}}}, {"type": "Feature", "id": "airport:DGLE", "geometry": {"type": "Point", "coordinates": [-0.86606, 9.553909]}, "properties": {"id": "e:fac:apt-dgle", "name": "Yakubu Tali International Airport", "kind": "airport", "iata": "TML", "country": "GH", "municipality": "Tamale", "function": "客货混合·农产品进境口岸", "geoPrecision": "exact", "provenance": {"provider": "OurAirports", "url": "https://davidmegginson.github.io/ourairports-data/airports.csv", "license": "Public Domain", "collectedAt": "2026-09-22"}}}, {"type": "Feature", "id": "airport:DGSI", "geometry": {"type": "Point", "coordinates": [-1.59082, 6.71456]}, "properties": {"id": "e:fac:apt-dgsi", "name": "Prempeh I International Airport", "kind": "airport", "iata": "KMS", "country": "GH", "municipality": "Kumasi", "function": "客货混合·农产品进境口岸", "geoPrecision": "exact", "provenance": {"provider": "OurAirports", "url": "https://davidmegginson.github.io/ourairports-data/airports.csv", "license": "Public Domain", "collectedAt": "2026-09-22"}}}, {"type": "Feature", "id": "airport:DIAP", "geometry": {"type": "Point", "coordinates": [-3.92629, 5.26139]}, "properties": {"id": "e:fac:apt-diap", "name": "Félix-Houphouët-Boigny International Airport", "kind": "airport", "iata": "ABJ", "country": "CI", "municipality": "Abidjan", "function": "客货混合·农产品进境口岸", "geoPrecision": "exact", "provenance": {"provider": "OurAirports", "url": "https://davidmegginson.github.io/ourairports-data/airports.csv", "license": "Public Domain", "collectedAt": "2026-09-22"}}}, {"type": "Feature", "id": "airport:DIYO", "geometry": {"type": "Point", "coordinates": [-5.36558, 6.90317]}, "properties": {"id": "e:fac:apt-diyo", "name": "Yamoussoukro International Airport", "kind": "airport", "iata": "ASK", "country": "CI", "municipality": "Yamoussoukro", "function": "客货混合·农产品进境口岸", "geoPrecision": "exact", "provenance": {"provider": "OurAirports", "url": "https://davidmegginson.github.io/ourairports-data/airports.csv", "license": "Public Domain", "collectedAt": "2026-09-22"}}}, {"type": "Feature", "id": "airport:DNAA", "geometry": {"type": "Point", "coordinates": [7.26317, 9.00679]}, "properties": {"id": "e:fac:apt-dnaa", "name": "Nnamdi Azikiwe International Airport", "kind": "airport", "iata": "ABV", "country": "NG", "municipality": "Abuja", "function": "客货混合·农产品进境口岸", "geoPrecision": "exact", "provenance": {"provider": "OurAirports", "url": "https://davidmegginson.github.io/ourairports-data/airports.csv", "license": "Public Domain", "collectedAt": "2026-09-22"}}}, {"type": "Feature", "id": "airport:DNAS", "geometry": {"type": "Point", "coordinates": [6.665278, 6.204167]}, "properties": {"id": "e:fac:apt-dnas", "name": "Asaba International Airport", "kind": "airport", "iata": "ABB", "country": "NG", "municipality": "Asaba", "function": "客货混合·农产品进境口岸", "geoPrecision": "exact", "provenance": {"provider": "OurAirports", "url": "https://davidmegginson.github.io/ourairports-data/airports.csv", "license": "Public Domain", "collectedAt": "2026-09-22"}}}, {"type": "Feature", "id": "airport:DNBC", "geometry": {"type": "Point", "coordinates": [9.744, 10.482833]}, "properties": {"id": "e:fac:apt-dnbc", "name": "Sir Abubakar Tafawa Balewa Bauchi State International Airport", "kind": "airport", "iata": "BCU", "country": "NG", "municipality": "Bauchi", "function": "客货混合·农产品进境口岸", "geoPrecision": "exact", "provenance": {"provider": "OurAirports", "url": "https://davidmegginson.github.io/ourairports-data/airports.csv", "license": "Public Domain", "collectedAt": "2026-09-22"}}}, {"type": "Feature", "id": "airport:DNEN", "geometry": {"type": "Point", "coordinates": [7.560463, 6.473718]}, "properties": {"id": "e:fac:apt-dnen", "name": "Akanu Ibiam International Airport", "kind": "airport", "iata": "ENU", "country": "NG", "municipality": "Enegu", "function": "客货混合·农产品进境口岸", "geoPrecision": "exact", "provenance": {"provider": "OurAirports", "url": "https://davidmegginson.github.io/ourairports-data/airports.csv", "license": "Public Domain", "collectedAt": "2026-09-22"}}}, {"type": "Feature", "id": "airport:DNIL", "geometry": {"type": "Point", "coordinates": [4.49392, 8.44021]}, "properties": {"id": "e:fac:apt-dnil", "name": "General Tunde Idiagbon International Airport", "kind": "airport", "iata": "ILR", "country": "NG", "municipality": "Ilorin/Ogbomosho", "function": "客货混合·农产品进境口岸", "geoPrecision": "exact", "provenance": {"provider": "OurAirports", "url": "https://davidmegginson.github.io/ourairports-data/airports.csv", "license": "Public Domain", "collectedAt": "2026-09-22"}}}, {"type": "Feature", "id": "airport:DNKA", "geometry": {"type": "Point", "coordinates": [7.32011, 10.696]}, "properties": {"id": "e:fac:apt-dnka", "name": "Kaduna International Airport", "kind": "airport", "iata": "KAD", "country": "NG", "municipality": "Kaduna", "function": "客货混合·农产品进境口岸", "geoPrecision": "exact", "provenance": {"provider": "OurAirports", "url": "https://davidmegginson.github.io/ourairports-data/airports.csv", "license": "Public Domain", "collectedAt": "2026-09-22"}}}, {"type": "Feature", "id": "airport:DNKN", "geometry": {"type": "Point", "coordinates": [8.523566, 12.045613]}, "properties": {"id": "e:fac:apt-dnkn", "name": "Mallam Aminu Kano International Airport", "kind": "airport", "iata": "KAN", "country": "NG", "municipality": "Kano", "function": "客货混合·农产品进境口岸", "geoPrecision": "exact", "provenance": {"provider": "OurAirports", "url": "https://davidmegginson.github.io/ourairports-data/airports.csv", "license": "Public Domain", "collectedAt": "2026-09-22"}}}, {"type": "Feature", "id": "airport:DNMA", "geometry": {"type": "Point", "coordinates": [13.080702, 11.854163]}, "properties": {"id": "e:fac:apt-dnma", "name": "Maiduguri International Airport", "kind": "airport", "iata": "MIU", "country": "NG", "municipality": "Maiduguri", "function": "客货混合·农产品进境口岸", "geoPrecision": "exact", "provenance": {"provider": "OurAirports", "url": "https://davidmegginson.github.io/ourairports-data/airports.csv", "license": "Public Domain", "collectedAt": "2026-09-22"}}}, {"type": "Feature", "id": "airport:DNMM", "geometry": {"type": "Point", "coordinates": [3.32116, 6.57737]}, "properties": {"id": "e:fac:apt-dnmm", "name": "Murtala Muhammed International Airport", "kind": "airport", "iata": "LOS", "country": "NG", "municipality": "Lagos", "function": "客货混合·农产品进境口岸", "geoPrecision": "exact", "provenance": {"provider": "OurAirports", "url": "https://davidmegginson.github.io/ourairports-data/airports.csv", "license": "Public Domain", "collectedAt": "2026-09-22"}}}, {"type": "Feature", "id": "airport:DNPO", "geometry": {"type": "Point", "coordinates": [6.94959, 5.01549]}, "properties": {"id": "e:fac:apt-dnpo", "name": "Port Harcourt International Airport", "kind": "airport", "iata": "PHC", "country": "NG", "municipality": "Port Harcourt", "function": "客货混合·农产品进境口岸", "geoPrecision": "exact", "provenance": {"provider": "OurAirports", "url": "https://davidmegginson.github.io/ourairports-data/airports.csv", "license": "Public Domain", "collectedAt": "2026-09-22"}}}, {"type": "Feature", "id": "airport:DNSO", "geometry": {"type": "Point", "coordinates": [5.207547, 12.915729]}, "properties": {"id": "e:fac:apt-dnso", "name": "Sadiq Abubakar III International Airport", "kind": "airport", "iata": "SKO", "country": "NG", "municipality": "Sokoto", "function": "客货混合·农产品进境口岸", "geoPrecision": "exact", "provenance": {"provider": "OurAirports", "url": "https://davidmegginson.github.io/ourairports-data/airports.csv", "license": "Public Domain", "collectedAt": "2026-09-22"}}}, {"type": "Feature", "id": "airport:DRRN", "geometry": {"type": "Point", "coordinates": [2.18361, 13.4815]}, "properties": {"id": "e:fac:apt-drrn", "name": "Diori Hamani International Airport", "kind": "airport", "iata": "NIM", "country": "NE", "municipality": "Niamey", "function": "客货混合·农产品进境口岸", "geoPrecision": "exact", "provenance": {"provider": "OurAirports", "url": "https://davidmegginson.github.io/ourairports-data/airports.csv", "license": "Public Domain", "collectedAt": "2026-09-22"}}}, {"type": "Feature", "id": "airport:DTTA", "geometry": {"type": "Point", "coordinates": [10.2272, 36.851002]}, "properties": {"id": "e:fac:apt-dtta", "name": "Tunis Carthage International Airport", "kind": "airport", "iata": "TUN", "country": "TN", "municipality": "Tunis", "function": "客货混合·农产品进境口岸", "geoPrecision": "exact", "provenance": {"provider": "OurAirports", "url": "https://davidmegginson.github.io/ourairports-data/airports.csv", "license": "Public Domain", "collectedAt": "2026-09-22"}}}, {"type": "Feature", "id": "airport:DTTJ", "geometry": {"type": "Point", "coordinates": [10.7773, 33.873719]}, "properties": {"id": "e:fac:apt-dttj", "name": "Djerba Zarzis International Airport", "kind": "airport", "iata": "DJE", "country": "TN", "municipality": "Mellita", "function": "客货混合·农产品进境口岸", "geoPrecision": "exact", "provenance": {"provider": "OurAirports", "url": "https://davidmegginson.github.io/ourairports-data/airports.csv", "license": "Public Domain", "collectedAt": "2026-09-22"}}}, {"type": "Feature", "id": "airport:DXNG", "geometry": {"type": "Point", "coordinates": [1.090944, 9.766675]}, "properties": {"id": "e:fac:apt-dxng", "name": "Niamtougou International Airport", "kind": "airport", "iata": "LRL", "country": "TG", "municipality": "Niamtougou", "function": "客货混合·农产品进境口岸", "geoPrecision": "exact", "provenance": {"provider": "OurAirports", "url": "https://davidmegginson.github.io/ourairports-data/airports.csv", "license": "Public Domain", "collectedAt": "2026-09-22"}}}, {"type": "Feature", "id": "airport:DXXX", "geometry": {"type": "Point", "coordinates": [1.25451, 6.16561]}, "properties": {"id": "e:fac:apt-dxxx", "name": "Lomé–Tokoin International Airport", "kind": "airport", "iata": "LFW", "country": "TG", "municipality": "Lomé", "function": "客货混合·农产品进境口岸", "geoPrecision": "exact", "provenance": {"provider": "OurAirports", "url": "https://davidmegginson.github.io/ourairports-data/airports.csv", "license": "Public Domain", "collectedAt": "2026-09-22"}}}, {"type": "Feature", "id": "airport:EBBR", "geometry": {"type": "Point", "coordinates": [4.48444, 50.901402]}, "properties": {"id": "e:fac:apt-ebbr", "name": "Brussels Airport", "kind": "airport", "iata": "BRU", "country": "BE", "municipality": "Zaventem", "function": "客货混合·农产品进境口岸", "geoPrecision": "exact", "provenance": {"provider": "OurAirports", "url": "https://davidmegginson.github.io/ourairports-data/airports.csv", "license": "Public Domain", "collectedAt": "2026-09-22"}}}, {"type": "Feature", "id": "airport:EBCI", "geometry": {"type": "Point", "coordinates": [4.459562, 50.461963]}, "properties": {"id": "e:fac:apt-ebci", "name": "Brussels South Charleroi Airport", "kind": "airport", "iata": "CRL", "country": "BE", "municipality": "Charleroi", "function": "客货混合·农产品进境口岸", "geoPrecision": "exact", "provenance": {"provider": "OurAirports", "url": "https://davidmegginson.github.io/ourairports-data/airports.csv", "license": "Public Domain", "collectedAt": "2026-09-22"}}}, {"type": "Feature", "id": "airport:EBOS", "geometry": {"type": "Point", "coordinates": [2.874673, 51.1998]}, "properties": {"id": "e:fac:apt-ebos", "name": "Ostend-Bruges International Airport", "kind": "airport", "iata": "OST", "country": "BE", "municipality": "Oostende", "function": "客货混合·农产品进境口岸", "geoPrecision": "exact", "provenance": {"provider": "OurAirports", "url": "https://davidmegginson.github.io/ourairports-data/airports.csv", "license": "Public Domain", "collectedAt": "2026-09-22"}}}, {"type": "Feature", "id": "airport:EDDB", "geometry": {"type": "Point", "coordinates": [13.502341, 52.361738]}, "properties": {"id": "e:fac:apt-eddb", "name": "Berlin Brandenburg Airport", "kind": "airport", "iata": "BER", "country": "DE", "municipality": "Berlin", "function": "客货混合·农产品进境口岸", "geoPrecision": "exact", "provenance": {"provider": "OurAirports", "url": "https://davidmegginson.github.io/ourairports-data/airports.csv", "license": "Public Domain", "collectedAt": "2026-09-22"}}}, {"type": "Feature", "id": "airport:EDDC", "geometry": {"type": "Point", "coordinates": [13.767831, 51.134123]}, "properties": {"id": "e:fac:apt-eddc", "name": "Dresden Airport", "kind": "airport", "iata": "DRS", "country": "DE", "municipality": "Dresden", "function": "客货混合·农产品进境口岸", "geoPrecision": "exact", "provenance": {"provider": "OurAirports", "url": "https://davidmegginson.github.io/ourairports-data/airports.csv", "license": "Public Domain", "collectedAt": "2026-09-22"}}}, {"type": "Feature", "id": "airport:EDDE", "geometry": {"type": "Point", "coordinates": [10.960713, 50.978281]}, "properties": {"id": "e:fac:apt-edde", "name": "Erfurt-Weimar Airport", "kind": "airport", "iata": "ERF", "country": "DE", "municipality": "Erfurt", "function": "客货混合·农产品进境口岸", "geoPrecision": "exact", "provenance": {"provider": "OurAirports", "url": "https://davidmegginson.github.io/ourairports-data/airports.csv", "license": "Public Domain", "collectedAt": "2026-09-22"}}}, {"type": "Feature", "id": "airport:EDDF", "geometry": {"type": "Point", "coordinates": [8.55835, 50.026706]}, "properties": {"id": "e:fac:apt-eddf", "name": "Frankfurt Main Airport", "kind": "airport", "iata": "FRA", "country": "DE", "municipality": "Frankfurt am Main", "function": "客货混合·农产品进境口岸", "geoPrecision": "exact", "provenance": {"provider": "OurAirports", "url": "https://davidmegginson.github.io/ourairports-data/airports.csv", "license": "Public Domain", "collectedAt": "2026-09-22"}}}, {"type": "Feature", "id": "airport:EDDG", "geometry": {"type": "Point", "coordinates": [7.688482, 52.133816]}, "properties": {"id": "e:fac:apt-eddg", "name": "Münster Osnabrück Airport", "kind": "airport", "iata": "FMO", "country": "DE", "municipality": "Greven", "function": "客货混合·农产品进境口岸", "geoPrecision": "exact", "provenance": {"provider": "OurAirports", "url": "https://davidmegginson.github.io/ourairports-data/airports.csv", "license": "Public Domain", "collectedAt": "2026-09-22"}}}, {"type": "Feature", "id": "airport:EDDH", "geometry": {"type": "Point", "coordinates": [9.98823, 53.630402]}, "properties": {"id": "e:fac:apt-eddh", "name": "Hamburg Helmut Schmidt Airport", "kind": "airport", "iata": "HAM", "country": "DE", "municipality": "Hamburg", "function": "客货混合·农产品进境口岸", "geoPrecision": "exact", "provenance": {"provider": "OurAirports", "url": "https://davidmegginson.github.io/ourairports-data/airports.csv", "license": "Public Domain", "collectedAt": "2026-09-22"}}}, {"type": "Feature", "id": "airport:EDDK", "geometry": {"type": "Point", "coordinates": [7.14274, 50.865898]}, "properties": {"id": "e:fac:apt-eddk", "name": "Cologne Bonn Airport", "kind": "airport", "iata": "CGN", "country": "DE", "municipality": "Köln (Cologne)", "function": "客货混合·农产品进境口岸", "geoPrecision": "exact", "provenance": {"provider": "OurAirports", "url": "https://davidmegginson.github.io/ourairports-data/airports.csv", "license": "Public Domain", "collectedAt": "2026-09-22"}}}, {"type": "Feature", "id": "airport:EDDL", "geometry": {"type": "Point", "coordinates": [6.76678, 51.289501]}, "properties": {"id": "e:fac:apt-eddl", "name": "Düsseldorf Airport", "kind": "airport", "iata": "DUS", "country": "DE", "municipality": "Düsseldorf", "function": "客货混合·农产品进境口岸", "geoPrecision": "exact", "provenance": {"provider": "OurAirports", "url": "https://davidmegginson.github.io/ourairports-data/airports.csv", "license": "Public Domain", "collectedAt": "2026-09-22"}}}, {"type": "Feature", "id": "airport:EDDM", "geometry": {"type": "Point", "coordinates": [11.7861, 48.353802]}, "properties": {"id": "e:fac:apt-eddm", "name": "Munich Airport", "kind": "airport", "iata": "MUC", "country": "DE", "municipality": "Munich", "function": "客货混合·农产品进境口岸", "geoPrecision": "exact", "provenance": {"provider": "OurAirports", "url": "https://davidmegginson.github.io/ourairports-data/airports.csv", "license": "Public Domain", "collectedAt": "2026-09-22"}}}, {"type": "Feature", "id": "airport:EDDN", "geometry": {"type": "Point", "coordinates": [11.078056, 49.498699]}, "properties": {"id": "e:fac:apt-eddn", "name": "Nuremberg Airport", "kind": "airport", "iata": "NUE", "country": "DE", "municipality": "Nuremberg", "function": "客货混合·农产品进境口岸", "geoPrecision": "exact", "provenance": {"provider": "OurAirports", "url": "https://davidmegginson.github.io/ourairports-data/airports.csv", "license": "Public Domain", "collectedAt": "2026-09-22"}}}, {"type": "Feature", "id": "airport:EDDP", "geometry": {"type": "Point", "coordinates": [12.232705, 51.420657]}, "properties": {"id": "e:fac:apt-eddp", "name": "Leipzig/Halle Airport", "kind": "airport", "iata": "LEJ", "country": "DE", "municipality": "Schkeuditz", "function": "客货混合·农产品进境口岸", "geoPrecision": "exact", "provenance": {"provider": "OurAirports", "url": "https://davidmegginson.github.io/ourairports-data/airports.csv", "license": "Public Domain", "collectedAt": "2026-09-22"}}}, {"type": "Feature", "id": "airport:EDDS", "geometry": {"type": "Point", "coordinates": [9.22196, 48.689899]}, "properties": {"id": "e:fac:apt-edds", "name": "Stuttgart Airport", "kind": "airport", "iata": "STR", "country": "DE", "municipality": "Stuttgart", "function": "客货混合·农产品进境口岸", "geoPrecision": "exact", "provenance": {"provider": "OurAirports", "url": "https://davidmegginson.github.io/ourairports-data/airports.csv", "license": "Public Domain", "collectedAt": "2026-09-22"}}}, {"type": "Feature", "id": "airport:EDDV", "geometry": {"type": "Point", "coordinates": [9.68508, 52.461102]}, "properties": {"id": "e:fac:apt-eddv", "name": "Hannover Airport", "kind": "airport", "iata": "HAJ", "country": "DE", "municipality": "Hannover", "function": "客货混合·农产品进境口岸", "geoPrecision": "exact", "provenance": {"provider": "OurAirports", "url": "https://davidmegginson.github.io/ourairports-data/airports.csv", "license": "Public Domain", "collectedAt": "2026-09-22"}}}, {"type": "Feature", "id": "airport:EDDW", "geometry": {"type": "Point", "coordinates": [8.78932, 53.046786]}, "properties": {"id": "e:fac:apt-eddw", "name": "Bremen Airport", "kind": "airport", "iata": "BRE", "country": "DE", "municipality": "Bremen", "function": "客货混合·农产品进境口岸", "geoPrecision": "exact", "provenance": {"provider": "OurAirports", "url": "https://davidmegginson.github.io/ourairports-data/airports.csv", "license": "Public Domain", "collectedAt": "2026-09-22"}}}, {"type": "Feature", "id": "airport:EDFH", "geometry": {"type": "Point", "coordinates": [7.261734, 49.946353]}, "properties": {"id": "e:fac:apt-edfh", "name": "Frankfurt-Hahn Airport", "kind": "airport", "iata": "HHN", "country": "DE", "municipality": "Frankfurt am Main (Lautzenhausen)", "function": "客货混合·农产品进境口岸", "geoPrecision": "exact", "provenance": {"provider": "OurAirports", "url": "https://davidmegginson.github.io/ourairports-data/airports.csv", "license": "Public Domain", "collectedAt": "2026-09-22"}}}, {"type": "Feature", "id": "airport:EDJA", "geometry": {"type": "Point", "coordinates": [10.238248, 47.988092]}, "properties": {"id": "e:fac:apt-edja", "name": "Memmingen Allgau Airport", "kind": "airport", "iata": "FMM", "country": "DE", "municipality": "Memmingen", "function": "客货混合·农产品进境口岸", "geoPrecision": "exact", "provenance": {"provider": "OurAirports", "url": "https://davidmegginson.github.io/ourairports-data/airports.csv", "license": "Public Domain", "collectedAt": "2026-09-22"}}}, {"type": "Feature", "id": "airport:EDLP", "geometry": {"type": "Point", "coordinates": [8.617459, 51.612527]}, "properties": {"id": "e:fac:apt-edlp", "name": "Paderborn Lippstadt Airport", "kind": "airport", "iata": "PAD", "country": "DE", "municipality": "Büren", "function": "客货混合·农产品进境口岸", "geoPrecision": "exact", "provenance": {"provider": "OurAirports", "url": "https://davidmegginson.github.io/ourairports-data/airports.csv", "license": "Public Domain", "collectedAt": "2026-09-22"}}}, {"type": "Feature", "id": "airport:EDLV", "geometry": {"type": "Point", "coordinates": [6.141228, 51.601362]}, "properties": {"id": "e:fac:apt-edlv", "name": "Weeze (Niederrhein) Airport", "kind": "airport", "iata": "NRN", "country": "DE", "municipality": "Weeze", "function": "客货混合·农产品进境口岸", "geoPrecision": "exact", "provenance": {"provider": "OurAirports", "url": "https://davidmegginson.github.io/ourairports-data/airports.csv", "license": "Public Domain", "collectedAt": "2026-09-22"}}}, {"type": "Feature", "id": "airport:EDLW", "geometry": {"type": "Point", "coordinates": [7.61224, 51.518299]}, "properties": {"id": "e:fac:apt-edlw", "name": "Dortmund Airport", "kind": "airport", "iata": "DTM", "country": "DE", "municipality": "Dortmund", "function": "客货混合·农产品进境口岸", "geoPrecision": "exact", "provenance": {"provider": "OurAirports", "url": "https://davidmegginson.github.io/ourairports-data/airports.csv", "license": "Public Domain", "collectedAt": "2026-09-22"}}}, {"type": "Feature", "id": "airport:EDNY", "geometry": {"type": "Point", "coordinates": [9.51149, 47.671299]}, "properties": {"id": "e:fac:apt-edny", "name": "Bodensee Airport Friedrichshafen", "kind": "airport", "iata": "FDH", "country": "DE", "municipality": "Friedrichshafen", "function": "客货混合·农产品进境口岸", "geoPrecision": "exact", "provenance": {"provider": "OurAirports", "url": "https://davidmegginson.github.io/ourairports-data/airports.csv", "license": "Public Domain", "collectedAt": "2026-09-22"}}}, {"type": "Feature", "id": "airport:EDSB", "geometry": {"type": "Point", "coordinates": [8.0805, 48.7794]}, "properties": {"id": "e:fac:apt-edsb", "name": "Karlsruhe Baden-Baden Airport", "kind": "airport", "iata": "FKB", "country": "DE", "municipality": "Rheinmünster", "function": "客货混合·农产品进境口岸", "geoPrecision": "exact", "provenance": {"provider": "OurAirports", "url": "https://davidmegginson.github.io/ourairports-data/airports.csv", "license": "Public Domain", "collectedAt": "2026-09-22"}}}, {"type": "Feature", "id": "airport:EDVK", "geometry": {"type": "Point", "coordinates": [9.391638, 51.418395]}, "properties": {"id": "e:fac:apt-edvk", "name": "Kassel Airport", "kind": "airport", "iata": "KSF", "country": "DE", "municipality": "Calden", "function": "客货混合·农产品进境口岸", "geoPrecision": "exact", "provenance": {"provider": "OurAirports", "url": "https://davidmegginson.github.io/ourairports-data/airports.csv", "license": "Public Domain", "collectedAt": "2026-09-22"}}}, {"type": "Feature", "id": "airport:EES", "geometry": {"type": "Point", "coordinates": [35.460277, 23.980437]}, "properties": {"id": "e:fac:apt-ees", "name": "Berenice International Airport / Banas Cape Air Base", "kind": "airport", "iata": "EES", "country": "EG", "municipality": "Berenice Troglodytica", "function": "客货混合·农产品进境口岸", "geoPrecision": "exact", "provenance": {"provider": "OurAirports", "url": "https://davidmegginson.github.io/ourairports-data/airports.csv", "license": "Public Domain", "collectedAt": "2026-09-22"}}}, {"type": "Feature", "id": "airport:EETN", "geometry": {"type": "Point", "coordinates": [24.83264, 59.413246]}, "properties": {"id": "e:fac:apt-eetn", "name": "Lennart Meri Tallinn Airport", "kind": "airport", "iata": "TLL", "country": "EE", "municipality": "Tallinn", "function": "客货混合·农产品进境口岸", "geoPrecision": "exact", "provenance": {"provider": "OurAirports", "url": "https://davidmegginson.github.io/ourairports-data/airports.csv", "license": "Public Domain", "collectedAt": "2026-09-22"}}}, {"type": "Feature", "id": "airport:EFHK", "geometry": {"type": "Point", "coordinates": [24.963341, 60.318363]}, "properties": {"id": "e:fac:apt-efhk", "name": "Helsinki Vantaa Airport", "kind": "airport", "iata": "HEL", "country": "FI", "municipality": "Helsinki (Vantaa)", "function": "客货混合·农产品进境口岸", "geoPrecision": "exact", "provenance": {"provider": "OurAirports", "url": "https://davidmegginson.github.io/ourairports-data/airports.csv", "license": "Public Domain", "collectedAt": "2026-09-22"}}}, {"type": "Feature", "id": "airport:EFIV", "geometry": {"type": "Point", "coordinates": [27.4053, 68.6073]}, "properties": {"id": "e:fac:apt-efiv", "name": "Ivalo Airport", "kind": "airport", "iata": "IVL", "country": "FI", "municipality": "Ivalo", "function": "客货混合·农产品进境口岸", "geoPrecision": "exact", "provenance": {"provider": "OurAirports", "url": "https://davidmegginson.github.io/ourairports-data/airports.csv", "license": "Public Domain", "collectedAt": "2026-09-22"}}}, {"type": "Feature", "id": "airport:EFKT", "geometry": {"type": "Point", "coordinates": [24.8468, 67.700996]}, "properties": {"id": "e:fac:apt-efkt", "name": "Kittilä International Airport", "kind": "airport", "iata": "KTT", "country": "FI", "municipality": "Kittilä", "function": "客货混合·农产品进境口岸", "geoPrecision": "exact", "provenance": {"provider": "OurAirports", "url": "https://davidmegginson.github.io/ourairports-data/airports.csv", "license": "Public Domain", "collectedAt": "2026-09-22"}}}, {"type": "Feature", "id": "airport:EFKU", "geometry": {"type": "Point", "coordinates": [27.7978, 63.007099]}, "properties": {"id": "e:fac:apt-efku", "name": "Kuopio Airport", "kind": "airport", "iata": "KUO", "country": "FI", "municipality": "Kuopio / Siilinjärvi", "function": "客货混合·农产品进境口岸", "geoPrecision": "exact", "provenance": {"provider": "OurAirports", "url": "https://davidmegginson.github.io/ourairports-data/airports.csv", "license": "Public Domain", "collectedAt": "2026-09-22"}}}, {"type": "Feature", "id": "airport:EFLP", "geometry": {"type": "Point", "coordinates": [28.144743, 61.044601]}, "properties": {"id": "e:fac:apt-eflp", "name": "Lappeenranta Airport", "kind": "airport", "iata": "LPP", "country": "FI", "municipality": "Lappeenranta", "function": "客货混合·农产品进境口岸", "geoPrecision": "exact", "provenance": {"provider": "OurAirports", "url": "https://davidmegginson.github.io/ourairports-data/airports.csv", "license": "Public Domain", "collectedAt": "2026-09-22"}}}, {"type": "Feature", "id": "airport:EFOU", "geometry": {"type": "Point", "coordinates": [25.354601, 64.930099]}, "properties": {"id": "e:fac:apt-efou", "name": "Oulu Airport", "kind": "airport", "iata": "OUL", "country": "FI", "municipality": "Oulu / Oulunsalo", "function": "客货混合·农产品进境口岸", "geoPrecision": "exact", "provenance": {"provider": "OurAirports", "url": "https://davidmegginson.github.io/ourairports-data/airports.csv", "license": "Public Domain", "collectedAt": "2026-09-22"}}}, {"type": "Feature", "id": "airport:EFRO", "geometry": {"type": "Point", "coordinates": [25.829751, 66.563327]}, "properties": {"id": "e:fac:apt-efro", "name": "Rovaniemi Airport", "kind": "airport", "iata": "RVN", "country": "FI", "municipality": "Rovaniemi", "function": "客货混合·农产品进境口岸", "geoPrecision": "exact", "provenance": {"provider": "OurAirports", "url": "https://davidmegginson.github.io/ourairports-data/airports.csv", "license": "Public Domain", "collectedAt": "2026-09-22"}}}, {"type": "Feature", "id": "airport:EFTP", "geometry": {"type": "Point", "coordinates": [23.604401, 61.414101]}, "properties": {"id": "e:fac:apt-eftp", "name": "Tampere-Pirkkala Airport", "kind": "airport", "iata": "TMP", "country": "FI", "municipality": "Tampere / Pirkkala", "function": "客货混合·农产品进境口岸", "geoPrecision": "exact", "provenance": {"provider": "OurAirports", "url": "https://davidmegginson.github.io/ourairports-data/airports.csv", "license": "Public Domain", "collectedAt": "2026-09-22"}}}, {"type": "Feature", "id": "airport:EFTU", "geometry": {"type": "Point", "coordinates": [22.2628, 60.514099]}, "properties": {"id": "e:fac:apt-eftu", "name": "Turku Airport", "kind": "airport", "iata": "TKU", "country": "FI", "municipality": "Turku", "function": "客货混合·农产品进境口岸", "geoPrecision": "exact", "provenance": {"provider": "OurAirports", "url": "https://davidmegginson.github.io/ourairports-data/airports.csv", "license": "Public Domain", "collectedAt": "2026-09-22"}}}, {"type": "Feature", "id": "airport:EFVA", "geometry": {"type": "Point", "coordinates": [21.762543, 63.05023]}, "properties": {"id": "e:fac:apt-efva", "name": "Vaasa Airport", "kind": "airport", "iata": "VAA", "country": "FI", "municipality": "Vaasa", "function": "客货混合·农产品进境口岸", "geoPrecision": "exact", "provenance": {"provider": "OurAirports", "url": "https://davidmegginson.github.io/ourairports-data/airports.csv", "license": "Public Domain", "collectedAt": "2026-09-22"}}}, {"type": "Feature", "id": "airport:EGAA", "geometry": {"type": "Point", "coordinates": [-6.21583, 54.657501]}, "properties": {"id": "e:fac:apt-egaa", "name": "Belfast International Airport", "kind": "airport", "iata": "BFS", "country": "GB", "municipality": "Belfast", "function": "客货混合·农产品进境口岸", "geoPrecision": "exact", "provenance": {"provider": "OurAirports", "url": "https://davidmegginson.github.io/ourairports-data/airports.csv", "license": "Public Domain", "collectedAt": "2026-09-22"}}}, {"type": "Feature", "id": "airport:EGBB", "geometry": {"type": "Point", "coordinates": [-1.74803, 52.453899]}, "properties": {"id": "e:fac:apt-egbb", "name": "Birmingham Airport", "kind": "airport", "iata": "BHX", "country": "GB", "municipality": "Birmingham, West Midlands", "function": "客货混合·农产品进境口岸", "geoPrecision": "exact", "provenance": {"provider": "OurAirports", "url": "https://davidmegginson.github.io/ourairports-data/airports.csv", "license": "Public Domain", "collectedAt": "2026-09-22"}}}, {"type": "Feature", "id": "airport:EGCC", "geometry": {"type": "Point", "coordinates": [-2.279521, 53.349375]}, "properties": {"id": "e:fac:apt-egcc", "name": "Manchester Airport", "kind": "airport", "iata": "MAN", "country": "GB", "municipality": "Manchester, Greater Manchester", "function": "客货混合·农产品进境口岸", "geoPrecision": "exact", "provenance": {"provider": "OurAirports", "url": "https://davidmegginson.github.io/ourairports-data/airports.csv", "license": "Public Domain", "collectedAt": "2026-09-22"}}}, {"type": "Feature", "id": "airport:EGFF", "geometry": {"type": "Point", "coordinates": [-3.34333, 51.396702]}, "properties": {"id": "e:fac:apt-egff", "name": "Cardiff International Airport", "kind": "airport", "iata": "CWL", "country": "GB", "municipality": "Cardiff", "function": "客货混合·农产品进境口岸", "geoPrecision": "exact", "provenance": {"provider": "OurAirports", "url": "https://davidmegginson.github.io/ourairports-data/airports.csv", "license": "Public Domain", "collectedAt": "2026-09-22"}}}, {"type": "Feature", "id": "airport:EGGD", "geometry": {"type": "Point", "coordinates": [-2.716453, 51.382326]}, "properties": {"id": "e:fac:apt-eggd", "name": "Bristol Airport", "kind": "airport", "iata": "BRS", "country": "GB", "municipality": "Bristol", "function": "客货混合·农产品进境口岸", "geoPrecision": "exact", "provenance": {"provider": "OurAirports", "url": "https://davidmegginson.github.io/ourairports-data/airports.csv", "license": "Public Domain", "collectedAt": "2026-09-22"}}}, {"type": "Feature", "id": "airport:EGGP", "geometry": {"type": "Point", "coordinates": [-2.849637, 53.334863]}, "properties": {"id": "e:fac:apt-eggp", "name": "Liverpool John Lennon Airport", "kind": "airport", "iata": "LPL", "country": "GB", "municipality": "Liverpool", "function": "客货混合·农产品进境口岸", "geoPrecision": "exact", "provenance": {"provider": "OurAirports", "url": "https://davidmegginson.github.io/ourairports-data/airports.csv", "license": "Public Domain", "collectedAt": "2026-09-22"}}}, {"type": "Feature", "id": "airport:EGGW", "geometry": {"type": "Point", "coordinates": [-0.368333, 51.874699]}, "properties": {"id": "e:fac:apt-eggw", "name": "London Luton Airport", "kind": "airport", "iata": "LTN", "country": "GB", "municipality": "Luton, Luton", "function": "客货混合·农产品进境口岸", "geoPrecision": "exact", "provenance": {"provider": "OurAirports", "url": "https://davidmegginson.github.io/ourairports-data/airports.csv", "license": "Public Domain", "collectedAt": "2026-09-22"}}}, {"type": "Feature", "id": "airport:EGKK", "geometry": {"type": "Point", "coordinates": [-0.185739, 51.148744]}, "properties": {"id": "e:fac:apt-egkk", "name": "London Gatwick Airport", "kind": "airport", "iata": "LGW", "country": "GB", "municipality": "London", "function": "客货混合·农产品进境口岸", "geoPrecision": "exact", "provenance": {"provider": "OurAirports", "url": "https://davidmegginson.github.io/ourairports-data/airports.csv", "license": "Public Domain", "collectedAt": "2026-09-22"}}}, {"type": "Feature", "id": "airport:EGLL", "geometry": {"type": "Point", "coordinates": [-0.459909, 51.470748]}, "properties": {"id": "e:fac:apt-egll", "name": "London Heathrow Airport", "kind": "airport", "iata": "LHR", "country": "GB", "municipality": "London", "function": "客货混合·农产品进境口岸", "geoPrecision": "exact", "provenance": {"provider": "OurAirports", "url": "https://davidmegginson.github.io/ourairports-data/airports.csv", "license": "Public Domain", "collectedAt": "2026-09-22"}}}, {"type": "Feature", "id": "airport:EGNM", "geometry": {"type": "Point", "coordinates": [-1.66057, 53.865898]}, "properties": {"id": "e:fac:apt-egnm", "name": "Leeds Bradford Airport", "kind": "airport", "iata": "LBA", "country": "GB", "municipality": "Leeds, West Yorkshire", "function": "客货混合·农产品进境口岸", "geoPrecision": "exact", "provenance": {"provider": "OurAirports", "url": "https://davidmegginson.github.io/ourairports-data/airports.csv", "license": "Public Domain", "collectedAt": "2026-09-22"}}}, {"type": "Feature", "id": "airport:EGNS", "geometry": {"type": "Point", "coordinates": [-4.623871, 54.083081]}, "properties": {"id": "e:fac:apt-egns", "name": "Isle of Man Airport", "kind": "airport", "iata": "IOM", "country": "IM", "municipality": "Castletown", "function": "客货混合·农产品进境口岸", "geoPrecision": "exact", "provenance": {"provider": "OurAirports", "url": "https://davidmegginson.github.io/ourairports-data/airports.csv", "license": "Public Domain", "collectedAt": "2026-09-22"}}}, {"type": "Feature", "id": "airport:EGNT", "geometry": {"type": "Point", "coordinates": [-1.689577, 55.037958]}, "properties": {"id": "e:fac:apt-egnt", "name": "Newcastle International Airport", "kind": "airport", "iata": "NCL", "country": "GB", "municipality": "Newcastle upon Tyne, Tyne and Wear", "function": "客货混合·农产品进境口岸", "geoPrecision": "exact", "provenance": {"provider": "OurAirports", "url": "https://davidmegginson.github.io/ourairports-data/airports.csv", "license": "Public Domain", "collectedAt": "2026-09-22"}}}, {"type": "Feature", "id": "airport:EGNX", "geometry": {"type": "Point", "coordinates": [-1.32806, 52.8311]}, "properties": {"id": "e:fac:apt-egnx", "name": "East Midlands Airport", "kind": "airport", "iata": "EMA", "country": "GB", "municipality": "Nottingham, Leicestershire", "function": "客货混合·农产品进境口岸", "geoPrecision": "exact", "provenance": {"provider": "OurAirports", "url": "https://davidmegginson.github.io/ourairports-data/airports.csv", "license": "Public Domain", "collectedAt": "2026-09-22"}}}, {"type": "Feature", "id": "airport:EGPD", "geometry": {"type": "Point", "coordinates": [-2.19778, 57.2019]}, "properties": {"id": "e:fac:apt-egpd", "name": "Aberdeen International Airport", "kind": "airport", "iata": "ABZ", "country": "GB", "municipality": "Aberdeen", "function": "客货混合·农产品进境口岸", "geoPrecision": "exact", "provenance": {"provider": "OurAirports", "url": "https://davidmegginson.github.io/ourairports-data/airports.csv", "license": "Public Domain", "collectedAt": "2026-09-22"}}}, {"type": "Feature", "id": "airport:EGPF", "geometry": {"type": "Point", "coordinates": [-4.43306, 55.871899]}, "properties": {"id": "e:fac:apt-egpf", "name": "Glasgow Airport", "kind": "airport", "iata": "GLA", "country": "GB", "municipality": "Glasgow", "function": "客货混合·农产品进境口岸", "geoPrecision": "exact", "provenance": {"provider": "OurAirports", "url": "https://davidmegginson.github.io/ourairports-data/airports.csv", "license": "Public Domain", "collectedAt": "2026-09-22"}}}, {"type": "Feature", "id": "airport:EGPH", "geometry": {"type": "Point", "coordinates": [-3.372288, 55.950145]}, "properties": {"id": "e:fac:apt-egph", "name": "Edinburgh Airport", "kind": "airport", "iata": "EDI", "country": "GB", "municipality": "Ingliston, Edinburgh", "function": "客货混合·农产品进境口岸", "geoPrecision": "exact", "provenance": {"provider": "OurAirports", "url": "https://davidmegginson.github.io/ourairports-data/airports.csv", "license": "Public Domain", "collectedAt": "2026-09-22"}}}, {"type": "Feature", "id": "airport:EGPK", "geometry": {"type": "Point", "coordinates": [-4.577182, 55.501499]}, "properties": {"id": "e:fac:apt-egpk", "name": "Glasgow Prestwick Airport", "kind": "airport", "iata": "PIK", "country": "GB", "municipality": "Prestwick, South Ayrshire", "function": "客货混合·农产品进境口岸", "geoPrecision": "exact", "provenance": {"provider": "OurAirports", "url": "https://davidmegginson.github.io/ourairports-data/airports.csv", "license": "Public Domain", "collectedAt": "2026-09-22"}}}, {"type": "Feature", "id": "airport:EGSS", "geometry": {"type": "Point", "coordinates": [0.235, 51.884998]}, "properties": {"id": "e:fac:apt-egss", "name": "London Stansted Airport", "kind": "airport", "iata": "STN", "country": "GB", "municipality": "London, Essex", "function": "客货混合·农产品进境口岸", "geoPrecision": "exact", "provenance": {"provider": "OurAirports", "url": "https://davidmegginson.github.io/ourairports-data/airports.csv", "license": "Public Domain", "collectedAt": "2026-09-22"}}}, {"type": "Feature", "id": "airport:EHAM", "geometry": {"type": "Point", "coordinates": [4.76389, 52.308601]}, "properties": {"id": "e:fac:apt-eham", "name": "Amsterdam Airport Schiphol", "kind": "airport", "iata": "AMS", "country": "NL", "municipality": "Amsterdam", "function": "客货混合·农产品进境口岸", "geoPrecision": "exact", "provenance": {"provider": "OurAirports", "url": "https://davidmegginson.github.io/ourairports-data/airports.csv", "license": "Public Domain", "collectedAt": "2026-09-22"}}}, {"type": "Feature", "id": "airport:EHBK", "geometry": {"type": "Point", "coordinates": [5.769401, 50.911087]}, "properties": {"id": "e:fac:apt-ehbk", "name": "Maastricht Aachen Airport", "kind": "airport", "iata": "MST", "country": "NL", "municipality": "Maastricht", "function": "客货混合·农产品进境口岸", "geoPrecision": "exact", "provenance": {"provider": "OurAirports", "url": "https://davidmegginson.github.io/ourairports-data/airports.csv", "license": "Public Domain", "collectedAt": "2026-09-22"}}}, {"type": "Feature", "id": "airport:EHEH", "geometry": {"type": "Point", "coordinates": [5.37453, 51.4501]}, "properties": {"id": "e:fac:apt-eheh", "name": "Eindhoven Airport", "kind": "airport", "iata": "EIN", "country": "NL", "municipality": "Eindhoven", "function": "客货混合·农产品进境口岸", "geoPrecision": "exact", "provenance": {"provider": "OurAirports", "url": "https://davidmegginson.github.io/ourairports-data/airports.csv", "license": "Public Domain", "collectedAt": "2026-09-22"}}}, {"type": "Feature", "id": "airport:EHGG", "geometry": {"type": "Point", "coordinates": [6.577652, 53.119107]}, "properties": {"id": "e:fac:apt-ehgg", "name": "Groningen Airport Eelde", "kind": "airport", "iata": "GRQ", "country": "NL", "municipality": "Groningen", "function": "客货混合·农产品进境口岸", "geoPrecision": "exact", "provenance": {"provider": "OurAirports", "url": "https://davidmegginson.github.io/ourairports-data/airports.csv", "license": "Public Domain", "collectedAt": "2026-09-22"}}}, {"type": "Feature", "id": "airport:EHRD", "geometry": {"type": "Point", "coordinates": [4.43722, 51.956902]}, "properties": {"id": "e:fac:apt-ehrd", "name": "Rotterdam The Hague Airport", "kind": "airport", "iata": "RTM", "country": "NL", "municipality": "Rotterdam", "function": "客货混合·农产品进境口岸", "geoPrecision": "exact", "provenance": {"provider": "OurAirports", "url": "https://davidmegginson.github.io/ourairports-data/airports.csv", "license": "Public Domain", "collectedAt": "2026-09-22"}}}, {"type": "Feature", "id": "airport:EICK", "geometry": {"type": "Point", "coordinates": [-8.49111, 51.841301]}, "properties": {"id": "e:fac:apt-eick", "name": "Cork International Airport", "kind": "airport", "iata": "ORK", "country": "IE", "municipality": "Cork", "function": "客货混合·农产品进境口岸", "geoPrecision": "exact", "provenance": {"provider": "OurAirports", "url": "https://davidmegginson.github.io/ourairports-data/airports.csv", "license": "Public Domain", "collectedAt": "2026-09-22"}}}, {"type": "Feature", "id": "airport:EIDW", "geometry": {"type": "Point", "coordinates": [-6.262121, 53.428713]}, "properties": {"id": "e:fac:apt-eidw", "name": "Dublin Airport", "kind": "airport", "iata": "DUB", "country": "IE", "municipality": "Dublin", "function": "客货混合·农产品进境口岸", "geoPrecision": "exact", "provenance": {"provider": "OurAirports", "url": "https://davidmegginson.github.io/ourairports-data/airports.csv", "license": "Public Domain", "collectedAt": "2026-09-22"}}}, {"type": "Feature", "id": "airport:EIKN", "geometry": {"type": "Point", "coordinates": [-8.817002, 53.910439]}, "properties": {"id": "e:fac:apt-eikn", "name": "Ireland West Airport Knock", "kind": "airport", "iata": "NOC", "country": "IE", "municipality": "Charlestown", "function": "客货混合·农产品进境口岸", "geoPrecision": "exact", "provenance": {"provider": "OurAirports", "url": "https://davidmegginson.github.io/ourairports-data/airports.csv", "license": "Public Domain", "collectedAt": "2026-09-22"}}}, {"type": "Feature", "id": "airport:EINN", "geometry": {"type": "Point", "coordinates": [-8.92482, 52.702]}, "properties": {"id": "e:fac:apt-einn", "name": "Shannon Airport", "kind": "airport", "iata": "SNN", "country": "IE", "municipality": "Shannon", "function": "客货混合·农产品进境口岸", "geoPrecision": "exact", "provenance": {"provider": "OurAirports", "url": "https://davidmegginson.github.io/ourairports-data/airports.csv", "license": "Public Domain", "collectedAt": "2026-09-22"}}}, {"type": "Feature", "id": "airport:EKAH", "geometry": {"type": "Point", "coordinates": [10.618286, 56.303331]}, "properties": {"id": "e:fac:apt-ekah", "name": "Aarhus Airport", "kind": "airport", "iata": "AAR", "country": "DK", "municipality": "Aarhus", "function": "客货混合·农产品进境口岸", "geoPrecision": "exact", "provenance": {"provider": "OurAirports", "url": "https://davidmegginson.github.io/ourairports-data/airports.csv", "license": "Public Domain", "collectedAt": "2026-09-22"}}}, {"type": "Feature", "id": "airport:EKBI", "geometry": {"type": "Point", "coordinates": [9.157019, 55.740335]}, "properties": {"id": "e:fac:apt-ekbi", "name": "Billund Airport", "kind": "airport", "iata": "BLL", "country": "DK", "municipality": "Billund", "function": "客货混合·农产品进境口岸", "geoPrecision": "exact", "provenance": {"provider": "OurAirports", "url": "https://davidmegginson.github.io/ourairports-data/airports.csv", "license": "Public Domain", "collectedAt": "2026-09-22"}}}, {"type": "Feature", "id": "airport:EKCH", "geometry": {"type": "Point", "coordinates": [12.656, 55.617901]}, "properties": {"id": "e:fac:apt-ekch", "name": "Copenhagen Kastrup Airport", "kind": "airport", "iata": "CPH", "country": "DK", "municipality": "Copenhagen", "function": "客货混合·农产品进境口岸", "geoPrecision": "exact", "provenance": {"provider": "OurAirports", "url": "https://davidmegginson.github.io/ourairports-data/airports.csv", "license": "Public Domain", "collectedAt": "2026-09-22"}}}, {"type": "Feature", "id": "airport:EKOD", "geometry": {"type": "Point", "coordinates": [10.327206, 55.475307]}, "properties": {"id": "e:fac:apt-ekod", "name": "Odense Hans Christian Andersen Airport", "kind": "airport", "iata": "ODE", "country": "DK", "municipality": "Odense", "function": "客货混合·农产品进境口岸", "geoPrecision": "exact", "provenance": {"provider": "OurAirports", "url": "https://davidmegginson.github.io/ourairports-data/airports.csv", "license": "Public Domain", "collectedAt": "2026-09-22"}}}, {"type": "Feature", "id": "airport:EKVG", "geometry": {"type": "Point", "coordinates": [-7.275782, 62.063256]}, "properties": {"id": "e:fac:apt-ekvg", "name": "Vágar Airport", "kind": "airport", "iata": "FAE", "country": "FO", "municipality": "Vágar", "function": "客货混合·农产品进境口岸", "geoPrecision": "exact", "provenance": {"provider": "OurAirports", "url": "https://davidmegginson.github.io/ourairports-data/airports.csv", "license": "Public Domain", "collectedAt": "2026-09-22"}}}, {"type": "Feature", "id": "airport:EKYT", "geometry": {"type": "Point", "coordinates": [9.84993, 57.094763]}, "properties": {"id": "e:fac:apt-ekyt", "name": "Aalborg Airport", "kind": "airport", "iata": "AAL", "country": "DK", "municipality": "Aalborg", "function": "客货混合·农产品进境口岸", "geoPrecision": "exact", "provenance": {"provider": "OurAirports", "url": "https://davidmegginson.github.io/ourairports-data/airports.csv", "license": "Public Domain", "collectedAt": "2026-09-22"}}}, {"type": "Feature", "id": "airport:ELLX", "geometry": {"type": "Point", "coordinates": [6.212134, 49.626845]}, "properties": {"id": "e:fac:apt-ellx", "name": "Luxembourg-Findel International Airport", "kind": "airport", "iata": "LUX", "country": "LU", "municipality": "Luxembourg", "function": "客货混合·农产品进境口岸", "geoPrecision": "exact", "provenance": {"provider": "OurAirports", "url": "https://davidmegginson.github.io/ourairports-data/airports.csv", "license": "Public Domain", "collectedAt": "2026-09-22"}}}, {"type": "Feature", "id": "airport:ENAL", "geometry": {"type": "Point", "coordinates": [6.110845, 62.560443]}, "properties": {"id": "e:fac:apt-enal", "name": "Ålesund Airport", "kind": "airport", "iata": "AES", "country": "NO", "municipality": "Ålesund", "function": "客货混合·农产品进境口岸", "geoPrecision": "exact", "provenance": {"provider": "OurAirports", "url": "https://davidmegginson.github.io/ourairports-data/airports.csv", "license": "Public Domain", "collectedAt": "2026-09-22"}}}, {"type": "Feature", "id": "airport:ENBO", "geometry": {"type": "Point", "coordinates": [14.3653, 67.269203]}, "properties": {"id": "e:fac:apt-enbo", "name": "Bodø Airport", "kind": "airport", "iata": "BOO", "country": "NO", "municipality": "Bodø", "function": "客货混合·农产品进境口岸", "geoPrecision": "exact", "provenance": {"provider": "OurAirports", "url": "https://davidmegginson.github.io/ourairports-data/airports.csv", "license": "Public Domain", "collectedAt": "2026-09-22"}}}, {"type": "Feature", "id": "airport:ENBR", "geometry": {"type": "Point", "coordinates": [5.21814, 60.2934]}, "properties": {"id": "e:fac:apt-enbr", "name": "Bergen Airport, Flesland", "kind": "airport", "iata": "BGO", "country": "NO", "municipality": "Bergen", "function": "客货混合·农产品进境口岸", "geoPrecision": "exact", "provenance": {"provider": "OurAirports", "url": "https://davidmegginson.github.io/ourairports-data/airports.csv", "license": "Public Domain", "collectedAt": "2026-09-22"}}}, {"type": "Feature", "id": "airport:ENCN", "geometry": {"type": "Point", "coordinates": [8.08537, 58.204201]}, "properties": {"id": "e:fac:apt-encn", "name": "Kristiansand Airport", "kind": "airport", "iata": "KRS", "country": "NO", "municipality": "Kristiansand(Kjevik)", "function": "客货混合·农产品进境口岸", "geoPrecision": "exact", "provenance": {"provider": "OurAirports", "url": "https://davidmegginson.github.io/ourairports-data/airports.csv", "license": "Public Domain", "collectedAt": "2026-09-22"}}}, {"type": "Feature", "id": "airport:ENEV", "geometry": {"type": "Point", "coordinates": [16.678101, 68.491302]}, "properties": {"id": "e:fac:apt-enev", "name": "Harstad/Narvik Airport", "kind": "airport", "iata": "EVE", "country": "NO", "municipality": "Evenes", "function": "客货混合·农产品进境口岸", "geoPrecision": "exact", "provenance": {"provider": "OurAirports", "url": "https://davidmegginson.github.io/ourairports-data/airports.csv", "license": "Public Domain", "collectedAt": "2026-09-22"}}}, {"type": "Feature", "id": "airport:ENGM", "geometry": {"type": "Point", "coordinates": [11.1004, 60.193901]}, "properties": {"id": "e:fac:apt-engm", "name": "Oslo-Gardermoen International Airport", "kind": "airport", "iata": "OSL", "country": "NO", "municipality": "Oslo (Gardermoen)", "function": "客货混合·农产品进境口岸", "geoPrecision": "exact", "provenance": {"provider": "OurAirports", "url": "https://davidmegginson.github.io/ourairports-data/airports.csv", "license": "Public Domain", "collectedAt": "2026-09-22"}}}, {"type": "Feature", "id": "airport:ENTC", "geometry": {"type": "Point", "coordinates": [18.9189, 69.683296]}, "properties": {"id": "e:fac:apt-entc", "name": "Tromsø Airport", "kind": "airport", "iata": "TOS", "country": "NO", "municipality": "Tromsø", "function": "客货混合·农产品进境口岸", "geoPrecision": "exact", "provenance": {"provider": "OurAirports", "url": "https://davidmegginson.github.io/ourairports-data/airports.csv", "license": "Public Domain", "collectedAt": "2026-09-22"}}}, {"type": "Feature", "id": "airport:ENTO", "geometry": {"type": "Point", "coordinates": [10.2586, 59.186699]}, "properties": {"id": "e:fac:apt-ento", "name": "Sandefjord Airport, Torp", "kind": "airport", "iata": "TRF", "country": "NO", "municipality": "Sandefjord(Torp)", "function": "客货混合·农产品进境口岸", "geoPrecision": "exact", "provenance": {"provider": "OurAirports", "url": "https://davidmegginson.github.io/ourairports-data/airports.csv", "license": "Public Domain", "collectedAt": "2026-09-22"}}}, {"type": "Feature", "id": "airport:ENVA", "geometry": {"type": "Point", "coordinates": [10.924, 63.457802]}, "properties": {"id": "e:fac:apt-enva", "name": "Trondheim Airport, Værnes", "kind": "airport", "iata": "TRD", "country": "NO", "municipality": "Trondheim", "function": "客货混合·农产品进境口岸", "geoPrecision": "exact", "provenance": {"provider": "OurAirports", "url": "https://davidmegginson.github.io/ourairports-data/airports.csv", "license": "Public Domain", "collectedAt": "2026-09-22"}}}, {"type": "Feature", "id": "airport:ENZV", "geometry": {"type": "Point", "coordinates": [5.63778, 58.876701]}, "properties": {"id": "e:fac:apt-enzv", "name": "Stavanger Airport, Sola", "kind": "airport", "iata": "SVG", "country": "NO", "municipality": "Stavanger", "function": "客货混合·农产品进境口岸", "geoPrecision": "exact", "provenance": {"provider": "OurAirports", "url": "https://davidmegginson.github.io/ourairports-data/airports.csv", "license": "Public Domain", "collectedAt": "2026-09-22"}}}, {"type": "Feature", "id": "airport:EPGD", "geometry": {"type": "Point", "coordinates": [18.4662, 54.377602]}, "properties": {"id": "e:fac:apt-epgd", "name": "Gdańsk Lech Wałęsa Airport", "kind": "airport", "iata": "GDN", "country": "PL", "municipality": "Gdańsk", "function": "客货混合·农产品进境口岸", "geoPrecision": "exact", "provenance": {"provider": "OurAirports", "url": "https://davidmegginson.github.io/ourairports-data/airports.csv", "license": "Public Domain", "collectedAt": "2026-09-22"}}}, {"type": "Feature", "id": "airport:EPKK", "geometry": {"type": "Point", "coordinates": [19.7848, 50.077702]}, "properties": {"id": "e:fac:apt-epkk", "name": "Kraków John Paul II International Airport", "kind": "airport", "iata": "KRK", "country": "PL", "municipality": "Balice", "function": "客货混合·农产品进境口岸", "geoPrecision": "exact", "provenance": {"provider": "OurAirports", "url": "https://davidmegginson.github.io/ourairports-data/airports.csv", "license": "Public Domain", "collectedAt": "2026-09-22"}}}, {"type": "Feature", "id": "airport:EPKT", "geometry": {"type": "Point", "coordinates": [19.080705, 50.476015]}, "properties": {"id": "e:fac:apt-epkt", "name": "Katowice Wojciech Korfanty International Airport", "kind": "airport", "iata": "KTW", "country": "PL", "municipality": "Katowice", "function": "客货混合·农产品进境口岸", "geoPrecision": "exact", "provenance": {"provider": "OurAirports", "url": "https://davidmegginson.github.io/ourairports-data/airports.csv", "license": "Public Domain", "collectedAt": "2026-09-22"}}}, {"type": "Feature", "id": "airport:EPLB", "geometry": {"type": "Point", "coordinates": [22.713461, 51.240157]}, "properties": {"id": "e:fac:apt-eplb", "name": "Lublin Airport", "kind": "airport", "iata": "LUZ", "country": "PL", "municipality": "Lublin", "function": "客货混合·农产品进境口岸", "geoPrecision": "exact", "provenance": {"provider": "OurAirports", "url": "https://davidmegginson.github.io/ourairports-data/airports.csv", "license": "Public Domain", "collectedAt": "2026-09-22"}}}, {"type": "Feature", "id": "airport:EPLL", "geometry": {"type": "Point", "coordinates": [19.3981, 51.721901]}, "properties": {"id": "e:fac:apt-epll", "name": "Łódź Władysław Reymont Airport", "kind": "airport", "iata": "LCJ", "country": "PL", "municipality": "Łódź", "function": "客货混合·农产品进境口岸", "geoPrecision": "exact", "provenance": {"provider": "OurAirports", "url": "https://davidmegginson.github.io/ourairports-data/airports.csv", "license": "Public Domain", "collectedAt": "2026-09-22"}}}, {"type": "Feature", "id": "airport:EPMO", "geometry": {"type": "Point", "coordinates": [20.6518, 52.451099]}, "properties": {"id": "e:fac:apt-epmo", "name": "Warsaw Modlin Airport", "kind": "airport", "iata": "WMI", "country": "PL", "municipality": "Nowy Dwór Mazowiecki", "function": "客货混合·农产品进境口岸", "geoPrecision": "exact", "provenance": {"provider": "OurAirports", "url": "https://davidmegginson.github.io/ourairports-data/airports.csv", "license": "Public Domain", "collectedAt": "2026-09-22"}}}, {"type": "Feature", "id": "airport:EPPO", "geometry": {"type": "Point", "coordinates": [16.823359, 52.421598]}, "properties": {"id": "e:fac:apt-eppo", "name": "Poznań-Ławica Airport", "kind": "airport", "iata": "POZ", "country": "PL", "municipality": "Poznań", "function": "客货混合·农产品进境口岸", "geoPrecision": "exact", "provenance": {"provider": "OurAirports", "url": "https://davidmegginson.github.io/ourairports-data/airports.csv", "license": "Public Domain", "collectedAt": "2026-09-22"}}}, {"type": "Feature", "id": "airport:EPRZ", "geometry": {"type": "Point", "coordinates": [22.024155, 50.109791]}, "properties": {"id": "e:fac:apt-eprz", "name": "Rzeszów-Jasionka Airport", "kind": "airport", "iata": "RZE", "country": "PL", "municipality": "Jasionka", "function": "客货混合·农产品进境口岸", "geoPrecision": "exact", "provenance": {"provider": "OurAirports", "url": "https://davidmegginson.github.io/ourairports-data/airports.csv", "license": "Public Domain", "collectedAt": "2026-09-22"}}}, {"type": "Feature", "id": "airport:EPSC", "geometry": {"type": "Point", "coordinates": [14.9022, 53.584702]}, "properties": {"id": "e:fac:apt-epsc", "name": "Solidarity Szczecin–Goleniów Airport", "kind": "airport", "iata": "SZZ", "country": "PL", "municipality": "Szczecin(Glewice)", "function": "客货混合·农产品进境口岸", "geoPrecision": "exact", "provenance": {"provider": "OurAirports", "url": "https://davidmegginson.github.io/ourairports-data/airports.csv", "license": "Public Domain", "collectedAt": "2026-09-22"}}}, {"type": "Feature", "id": "airport:EPWA", "geometry": {"type": "Point", "coordinates": [20.9671, 52.165699]}, "properties": {"id": "e:fac:apt-epwa", "name": "Warsaw Chopin Airport", "kind": "airport", "iata": "WAW", "country": "PL", "municipality": "Warsaw", "function": "客货混合·农产品进境口岸", "geoPrecision": "exact", "provenance": {"provider": "OurAirports", "url": "https://davidmegginson.github.io/ourairports-data/airports.csv", "license": "Public Domain", "collectedAt": "2026-09-22"}}}, {"type": "Feature", "id": "airport:EPWR", "geometry": {"type": "Point", "coordinates": [16.882096, 51.103719]}, "properties": {"id": "e:fac:apt-epwr", "name": "Copernicus Wrocław Airport", "kind": "airport", "iata": "WRO", "country": "PL", "municipality": "Wrocław", "function": "客货混合·农产品进境口岸", "geoPrecision": "exact", "provenance": {"provider": "OurAirports", "url": "https://davidmegginson.github.io/ourairports-data/airports.csv", "license": "Public Domain", "collectedAt": "2026-09-22"}}}, {"type": "Feature", "id": "airport:ESGG", "geometry": {"type": "Point", "coordinates": [12.2798, 57.6628]}, "properties": {"id": "e:fac:apt-esgg", "name": "Göteborg Landvetter Airport", "kind": "airport", "iata": "GOT", "country": "SE", "municipality": "Göteborg", "function": "客货混合·农产品进境口岸", "geoPrecision": "exact", "provenance": {"provider": "OurAirports", "url": "https://davidmegginson.github.io/ourairports-data/airports.csv", "license": "Public Domain", "collectedAt": "2026-09-22"}}}, {"type": "Feature", "id": "airport:ESKN", "geometry": {"type": "Point", "coordinates": [16.911479, 58.789656]}, "properties": {"id": "e:fac:apt-eskn", "name": "Stockholm Skavsta Airport", "kind": "airport", "iata": "NYO", "country": "SE", "municipality": "Nyköping", "function": "客货混合·农产品进境口岸", "geoPrecision": "exact", "provenance": {"provider": "OurAirports", "url": "https://davidmegginson.github.io/ourairports-data/airports.csv", "license": "Public Domain", "collectedAt": "2026-09-22"}}}, {"type": "Feature", "id": "airport:ESKS", "geometry": {"type": "Point", "coordinates": [12.83352, 61.16508]}, "properties": {"id": "e:fac:apt-esks", "name": "Scandinavian Mountains Airport", "kind": "airport", "iata": "SCR", "country": "SE", "municipality": "Malung-Sälen", "function": "客货混合·农产品进境口岸", "geoPrecision": "exact", "provenance": {"provider": "OurAirports", "url": "https://davidmegginson.github.io/ourairports-data/airports.csv", "license": "Public Domain", "collectedAt": "2026-09-22"}}}, {"type": "Feature", "id": "airport:ESMS", "geometry": {"type": "Point", "coordinates": [13.376327, 55.535564]}, "properties": {"id": "e:fac:apt-esms", "name": "Malmö Sturup Airport", "kind": "airport", "iata": "MMX", "country": "SE", "municipality": "Malmö", "function": "客货混合·农产品进境口岸", "geoPrecision": "exact", "provenance": {"provider": "OurAirports", "url": "https://davidmegginson.github.io/ourairports-data/airports.csv", "license": "Public Domain", "collectedAt": "2026-09-22"}}}, {"type": "Feature", "id": "airport:ESNQ", "geometry": {"type": "Point", "coordinates": [20.3368, 67.821999]}, "properties": {"id": "e:fac:apt-esnq", "name": "Kiruna Airport", "kind": "airport", "iata": "KRN", "country": "SE", "municipality": "Kiruna", "function": "客货混合·农产品进境口岸", "geoPrecision": "exact", "provenance": {"provider": "OurAirports", "url": "https://davidmegginson.github.io/ourairports-data/airports.csv", "license": "Public Domain", "collectedAt": "2026-09-22"}}}, {"type": "Feature", "id": "airport:ESNU", "geometry": {"type": "Point", "coordinates": [20.282801, 63.791801]}, "properties": {"id": "e:fac:apt-esnu", "name": "Umeå Airport", "kind": "airport", "iata": "UME", "country": "SE", "municipality": "Umeå", "function": "客货混合·农产品进境口岸", "geoPrecision": "exact", "provenance": {"provider": "OurAirports", "url": "https://davidmegginson.github.io/ourairports-data/airports.csv", "license": "Public Domain", "collectedAt": "2026-09-22"}}}, {"type": "Feature", "id": "airport:ESOW", "geometry": {"type": "Point", "coordinates": [16.6336, 59.589401]}, "properties": {"id": "e:fac:apt-esow", "name": "Stockholm Västerås Airport", "kind": "airport", "iata": "VST", "country": "SE", "municipality": "Stockholm / Västerås", "function": "客货混合·农产品进境口岸", "geoPrecision": "exact", "provenance": {"provider": "OurAirports", "url": "https://davidmegginson.github.io/ourairports-data/airports.csv", "license": "Public Domain", "collectedAt": "2026-09-22"}}}, {"type": "Feature", "id": "airport:ESPA", "geometry": {"type": "Point", "coordinates": [22.122, 65.5438]}, "properties": {"id": "e:fac:apt-espa", "name": "Luleå Airport", "kind": "airport", "iata": "LLA", "country": "SE", "municipality": "Luleå", "function": "客货混合·农产品进境口岸", "geoPrecision": "exact", "provenance": {"provider": "OurAirports", "url": "https://davidmegginson.github.io/ourairports-data/airports.csv", "license": "Public Domain", "collectedAt": "2026-09-22"}}}, {"type": "Feature", "id": "airport:ESSA", "geometry": {"type": "Point", "coordinates": [17.928829, 59.64849]}, "properties": {"id": "e:fac:apt-essa", "name": "Stockholm-Arlanda Airport", "kind": "airport", "iata": "ARN", "country": "SE", "municipality": "Stockholm", "function": "客货混合·农产品进境口岸", "geoPrecision": "exact", "provenance": {"provider": "OurAirports", "url": "https://davidmegginson.github.io/ourairports-data/airports.csv", "license": "Public Domain", "collectedAt": "2026-09-22"}}}, {"type": "Feature", "id": "airport:ESSL", "geometry": {"type": "Point", "coordinates": [15.684499, 58.404909]}, "properties": {"id": "e:fac:apt-essl", "name": "Linköping City Airport", "kind": "airport", "iata": "LPI", "country": "SE", "municipality": "Linköping", "function": "客货混合·农产品进境口岸", "geoPrecision": "exact", "provenance": {"provider": "OurAirports", "url": "https://davidmegginson.github.io/ourairports-data/airports.csv", "license": "Public Domain", "collectedAt": "2026-09-22"}}}, {"type": "Feature", "id": "airport:ESSV", "geometry": {"type": "Point", "coordinates": [18.346201, 57.6628]}, "properties": {"id": "e:fac:apt-essv", "name": "Visby Airport", "kind": "airport", "iata": "VBY", "country": "SE", "municipality": "Visby", "function": "客货混合·农产品进境口岸", "geoPrecision": "exact", "provenance": {"provider": "OurAirports", "url": "https://davidmegginson.github.io/ourairports-data/airports.csv", "license": "Public Domain", "collectedAt": "2026-09-22"}}}, {"type": "Feature", "id": "airport:EVLA", "geometry": {"type": "Point", "coordinates": [21.096901, 56.517502]}, "properties": {"id": "e:fac:apt-evla", "name": "Liepāja International Airport", "kind": "airport", "iata": "LPX", "country": "LV", "municipality": "Liepāja", "function": "客货混合·农产品进境口岸", "geoPrecision": "exact", "provenance": {"provider": "OurAirports", "url": "https://davidmegginson.github.io/ourairports-data/airports.csv", "license": "Public Domain", "collectedAt": "2026-09-22"}}}, {"type": "Feature", "id": "airport:EVRA", "geometry": {"type": "Point", "coordinates": [23.970711, 56.920752]}, "properties": {"id": "e:fac:apt-evra", "name": "Riga International Airport", "kind": "airport", "iata": "RIX", "country": "LV", "municipality": "Riga", "function": "客货混合·农产品进境口岸", "geoPrecision": "exact", "provenance": {"provider": "OurAirports", "url": "https://davidmegginson.github.io/ourairports-data/airports.csv", "license": "Public Domain", "collectedAt": "2026-09-22"}}}, {"type": "Feature", "id": "airport:EYKA", "geometry": {"type": "Point", "coordinates": [24.08582, 54.963965]}, "properties": {"id": "e:fac:apt-eyka", "name": "Kaunas International Airport", "kind": "airport", "iata": "KUN", "country": "LT", "municipality": "Kaunas", "function": "客货混合·农产品进境口岸", "geoPrecision": "exact", "provenance": {"provider": "OurAirports", "url": "https://davidmegginson.github.io/ourairports-data/airports.csv", "license": "Public Domain", "collectedAt": "2026-09-22"}}}, {"type": "Feature", "id": "airport:EYPA", "geometry": {"type": "Point", "coordinates": [21.093901, 55.973202]}, "properties": {"id": "e:fac:apt-eypa", "name": "Palanga International Airport", "kind": "airport", "iata": "PLQ", "country": "LT", "municipality": "Palanga", "function": "客货混合·农产品进境口岸", "geoPrecision": "exact", "provenance": {"provider": "OurAirports", "url": "https://davidmegginson.github.io/ourairports-data/airports.csv", "license": "Public Domain", "collectedAt": "2026-09-22"}}}, {"type": "Feature", "id": "airport:EYVI", "geometry": {"type": "Point", "coordinates": [25.285801, 54.634102]}, "properties": {"id": "e:fac:apt-eyvi", "name": "Vilnius International Airport", "kind": "airport", "iata": "VNO", "country": "LT", "municipality": "Vilnius", "function": "客货混合·农产品进境口岸", "geoPrecision": "exact", "provenance": {"provider": "OurAirports", "url": "https://davidmegginson.github.io/ourairports-data/airports.csv", "license": "Public Domain", "collectedAt": "2026-09-22"}}}, {"type": "Feature", "id": "airport:FABL", "geometry": {"type": "Point", "coordinates": [26.302401, -29.092699]}, "properties": {"id": "e:fac:apt-fabl", "name": "Bram Fischer International Airport", "kind": "airport", "iata": "BFN", "country": "ZA", "municipality": "Bloemfontein", "function": "客货混合·农产品进境口岸", "geoPrecision": "exact", "provenance": {"provider": "OurAirports", "url": "https://davidmegginson.github.io/ourairports-data/airports.csv", "license": "Public Domain", "collectedAt": "2026-09-22"}}}, {"type": "Feature", "id": "airport:FACT", "geometry": {"type": "Point", "coordinates": [18.604333, -33.97403]}, "properties": {"id": "e:fac:apt-fact", "name": "Cape Town International Airport", "kind": "airport", "iata": "CPT", "country": "ZA", "municipality": "Cape Town", "function": "客货混合·农产品进境口岸", "geoPrecision": "exact", "provenance": {"provider": "OurAirports", "url": "https://davidmegginson.github.io/ourairports-data/airports.csv", "license": "Public Domain", "collectedAt": "2026-09-22"}}}, {"type": "Feature", "id": "airport:FAEL", "geometry": {"type": "Point", "coordinates": [27.825899, -33.035599]}, "properties": {"id": "e:fac:apt-fael", "name": "King Phalo Airport", "kind": "airport", "iata": "ELS", "country": "ZA", "municipality": "East London", "function": "客货混合·农产品进境口岸", "geoPrecision": "exact", "provenance": {"provider": "OurAirports", "url": "https://davidmegginson.github.io/ourairports-data/airports.csv", "license": "Public Domain", "collectedAt": "2026-09-22"}}}, {"type": "Feature", "id": "airport:FAGG", "geometry": {"type": "Point", "coordinates": [22.378902, -34.0056]}, "properties": {"id": "e:fac:apt-fagg", "name": "George Airport", "kind": "airport", "iata": "GRJ", "country": "ZA", "municipality": "George", "function": "客货混合·农产品进境口岸", "geoPrecision": "exact", "provenance": {"provider": "OurAirports", "url": "https://davidmegginson.github.io/ourairports-data/airports.csv", "license": "Public Domain", "collectedAt": "2026-09-22"}}}, {"type": "Feature", "id": "airport:FAKM", "geometry": {"type": "Point", "coordinates": [24.764872, -28.805401]}, "properties": {"id": "e:fac:apt-fakm", "name": "Kimberley Airport", "kind": "airport", "iata": "KIM", "country": "ZA", "municipality": "Kimberley", "function": "客货混合·农产品进境口岸", "geoPrecision": "exact", "provenance": {"provider": "OurAirports", "url": "https://davidmegginson.github.io/ourairports-data/airports.csv", "license": "Public Domain", "collectedAt": "2026-09-22"}}}, {"type": "Feature", "id": "airport:FAKN", "geometry": {"type": "Point", "coordinates": [31.105325, -25.383327]}, "properties": {"id": "e:fac:apt-fakn", "name": "Kruger Mpumalanga International Airport", "kind": "airport", "iata": "MQP", "country": "ZA", "municipality": "Mbombela", "function": "客货混合·农产品进境口岸", "geoPrecision": "exact", "provenance": {"provider": "OurAirports", "url": "https://davidmegginson.github.io/ourairports-data/airports.csv", "license": "Public Domain", "collectedAt": "2026-09-22"}}}, {"type": "Feature", "id": "airport:FALA", "geometry": {"type": "Point", "coordinates": [27.926642, -25.938964]}, "properties": {"id": "e:fac:apt-fala", "name": "Lanseria International Airport", "kind": "airport", "iata": "HLA", "country": "ZA", "municipality": "Johannesburg", "function": "客货混合·农产品进境口岸", "geoPrecision": "exact", "provenance": {"provider": "OurAirports", "url": "https://davidmegginson.github.io/ourairports-data/airports.csv", "license": "Public Domain", "collectedAt": "2026-09-22"}}}, {"type": "Feature", "id": "airport:FALE", "geometry": {"type": "Point", "coordinates": [31.119722, -29.614444]}, "properties": {"id": "e:fac:apt-fale", "name": "King Shaka International Airport", "kind": "airport", "iata": "DUR", "country": "ZA", "municipality": "Durban", "function": "客货混合·农产品进境口岸", "geoPrecision": "exact", "provenance": {"provider": "OurAirports", "url": "https://davidmegginson.github.io/ourairports-data/airports.csv", "license": "Public Domain", "collectedAt": "2026-09-22"}}}, {"type": "Feature", "id": "airport:FAOR", "geometry": {"type": "Point", "coordinates": [28.246801, -26.140081]}, "properties": {"id": "e:fac:apt-faor", "name": "O.R. Tambo International Airport", "kind": "airport", "iata": "JNB", "country": "ZA", "municipality": "Johannesburg", "function": "客货混合·农产品进境口岸", "geoPrecision": "exact", "provenance": {"provider": "OurAirports", "url": "https://davidmegginson.github.io/ourairports-data/airports.csv", "license": "Public Domain", "collectedAt": "2026-09-22"}}}, {"type": "Feature", "id": "airport:FAPE", "geometry": {"type": "Point", "coordinates": [25.617353, -33.989715]}, "properties": {"id": "e:fac:apt-fape", "name": "Chief Dawid Stuurman International Airport", "kind": "airport", "iata": "PLZ", "country": "ZA", "municipality": "Gqeberha (Port Elizabeth)", "function": "客货混合·农产品进境口岸", "geoPrecision": "exact", "provenance": {"provider": "OurAirports", "url": "https://davidmegginson.github.io/ourairports-data/airports.csv", "license": "Public Domain", "collectedAt": "2026-09-22"}}}, {"type": "Feature", "id": "airport:FAPP", "geometry": {"type": "Point", "coordinates": [29.458615, -23.845269]}, "properties": {"id": "e:fac:apt-fapp", "name": "Polokwane International Airport", "kind": "airport", "iata": "PTG", "country": "ZA", "municipality": "Polokwane", "function": "客货混合·农产品进境口岸", "geoPrecision": "exact", "provenance": {"provider": "OurAirports", "url": "https://davidmegginson.github.io/ourairports-data/airports.csv", "license": "Public Domain", "collectedAt": "2026-09-22"}}}, {"type": "Feature", "id": "airport:FBFT", "geometry": {"type": "Point", "coordinates": [27.468826, -21.159183]}, "properties": {"id": "e:fac:apt-fbft", "name": "Phillip Gaonwe Matante International Airport", "kind": "airport", "iata": "FRW", "country": "BW", "municipality": "Francistown", "function": "客货混合·农产品进境口岸", "geoPrecision": "exact", "provenance": {"provider": "OurAirports", "url": "https://davidmegginson.github.io/ourairports-data/airports.csv", "license": "Public Domain", "collectedAt": "2026-09-22"}}}, {"type": "Feature", "id": "airport:FBKE", "geometry": {"type": "Point", "coordinates": [25.166195, -17.831653]}, "properties": {"id": "e:fac:apt-fbke", "name": "Kasane International Airport", "kind": "airport", "iata": "BBK", "country": "BW", "municipality": "Kasane", "function": "客货混合·农产品进境口岸", "geoPrecision": "exact", "provenance": {"provider": "OurAirports", "url": "https://davidmegginson.github.io/ourairports-data/airports.csv", "license": "Public Domain", "collectedAt": "2026-09-22"}}}, {"type": "Feature", "id": "airport:FBMN", "geometry": {"type": "Point", "coordinates": [23.431409, -19.970491]}, "properties": {"id": "e:fac:apt-fbmn", "name": "Maun International Airport", "kind": "airport", "iata": "MUB", "country": "BW", "municipality": "Maun", "function": "客货混合·农产品进境口岸", "geoPrecision": "exact", "provenance": {"provider": "OurAirports", "url": "https://davidmegginson.github.io/ourairports-data/airports.csv", "license": "Public Domain", "collectedAt": "2026-09-22"}}}, {"type": "Feature", "id": "airport:FBSK", "geometry": {"type": "Point", "coordinates": [25.9182, -24.555201]}, "properties": {"id": "e:fac:apt-fbsk", "name": "Sir Seretse Khama International Airport", "kind": "airport", "iata": "GBE", "country": "BW", "municipality": "Gaborone", "function": "客货混合·农产品进境口岸", "geoPrecision": "exact", "provenance": {"provider": "OurAirports", "url": "https://davidmegginson.github.io/ourairports-data/airports.csv", "license": "Public Domain", "collectedAt": "2026-09-22"}}}, {"type": "Feature", "id": "airport:FCBB", "geometry": {"type": "Point", "coordinates": [15.253, -4.2517]}, "properties": {"id": "e:fac:apt-fcbb", "name": "Maya-Maya International Airport", "kind": "airport", "iata": "BZV", "country": "CG", "municipality": "Brazzaville", "function": "客货混合·农产品进境口岸", "geoPrecision": "exact", "provenance": {"provider": "OurAirports", "url": "https://davidmegginson.github.io/ourairports-data/airports.csv", "license": "Public Domain", "collectedAt": "2026-09-22"}}}, {"type": "Feature", "id": "airport:FCPP", "geometry": {"type": "Point", "coordinates": [11.8866, -4.81603]}, "properties": {"id": "e:fac:apt-fcpp", "name": "Antonio Agostinho-Neto International Airport", "kind": "airport", "iata": "PNR", "country": "CG", "municipality": "Pointe Noire", "function": "客货混合·农产品进境口岸", "geoPrecision": "exact", "provenance": {"provider": "OurAirports", "url": "https://davidmegginson.github.io/ourairports-data/airports.csv", "license": "Public Domain", "collectedAt": "2026-09-22"}}}, {"type": "Feature", "id": "airport:FDSK", "geometry": {"type": "Point", "coordinates": [31.716944, -26.358611]}, "properties": {"id": "e:fac:apt-fdsk", "name": "King Mswati III International Airport", "kind": "airport", "iata": "SHO", "country": "SZ", "municipality": "Mpaka", "function": "客货混合·农产品进境口岸", "geoPrecision": "exact", "provenance": {"provider": "OurAirports", "url": "https://davidmegginson.github.io/ourairports-data/airports.csv", "license": "Public Domain", "collectedAt": "2026-09-22"}}}, {"type": "Feature", "id": "airport:FEFF", "geometry": {"type": "Point", "coordinates": [18.518801, 4.39848]}, "properties": {"id": "e:fac:apt-feff", "name": "Bangui M'Poko International Airport", "kind": "airport", "iata": "BGF", "country": "CF", "municipality": "Bangui", "function": "客货混合·农产品进境口岸", "geoPrecision": "exact", "provenance": {"provider": "OurAirports", "url": "https://davidmegginson.github.io/ourairports-data/airports.csv", "license": "Public Domain", "collectedAt": "2026-09-22"}}}, {"type": "Feature", "id": "airport:FGBT", "geometry": {"type": "Point", "coordinates": [9.80568, 1.90547]}, "properties": {"id": "e:fac:apt-fgbt", "name": "Bata International Airport", "kind": "airport", "iata": "BSG", "country": "GQ", "municipality": "Bata", "function": "客货混合·农产品进境口岸", "geoPrecision": "exact", "provenance": {"provider": "OurAirports", "url": "https://davidmegginson.github.io/ourairports-data/airports.csv", "license": "Public Domain", "collectedAt": "2026-09-22"}}}, {"type": "Feature", "id": "airport:FGSL", "geometry": {"type": "Point", "coordinates": [8.70872, 3.75527]}, "properties": {"id": "e:fac:apt-fgsl", "name": "Malabo International Airport", "kind": "airport", "iata": "SSG", "country": "GQ", "municipality": "Malabo", "function": "客货混合·农产品进境口岸", "geoPrecision": "exact", "provenance": {"provider": "OurAirports", "url": "https://davidmegginson.github.io/ourairports-data/airports.csv", "license": "Public Domain", "collectedAt": "2026-09-22"}}}, {"type": "Feature", "id": "airport:FIMP", "geometry": {"type": "Point", "coordinates": [57.683601, -20.430201]}, "properties": {"id": "e:fac:apt-fimp", "name": "Sir Seewoosagur Ramgoolam International Airport", "kind": "airport", "iata": "MRU", "country": "MU", "municipality": "Plaine Magnien", "function": "客货混合·农产品进境口岸", "geoPrecision": "exact", "provenance": {"provider": "OurAirports", "url": "https://davidmegginson.github.io/ourairports-data/airports.csv", "license": "Public Domain", "collectedAt": "2026-09-22"}}}, {"type": "Feature", "id": "airport:FKKD", "geometry": {"type": "Point", "coordinates": [9.71948, 4.00608]}, "properties": {"id": "e:fac:apt-fkkd", "name": "Douala International Airport", "kind": "airport", "iata": "DLA", "country": "CM", "municipality": "Douala", "function": "客货混合·农产品进境口岸", "geoPrecision": "exact", "provenance": {"provider": "OurAirports", "url": "https://davidmegginson.github.io/ourairports-data/airports.csv", "license": "Public Domain", "collectedAt": "2026-09-22"}}}, {"type": "Feature", "id": "airport:FKKR", "geometry": {"type": "Point", "coordinates": [13.372129, 9.334785]}, "properties": {"id": "e:fac:apt-fkkr", "name": "Garoua International Airport", "kind": "airport", "iata": "GOU", "country": "CM", "municipality": "Garoua", "function": "客货混合·农产品进境口岸", "geoPrecision": "exact", "provenance": {"provider": "OurAirports", "url": "https://davidmegginson.github.io/ourairports-data/airports.csv", "license": "Public Domain", "collectedAt": "2026-09-22"}}}, {"type": "Feature", "id": "airport:FKYS", "geometry": {"type": "Point", "coordinates": [11.5533, 3.72256]}, "properties": {"id": "e:fac:apt-fkys", "name": "Yaoundé Nsimalen International Airport", "kind": "airport", "iata": "NSI", "country": "CM", "municipality": "Yaoundé", "function": "客货混合·农产品进境口岸", "geoPrecision": "exact", "provenance": {"provider": "OurAirports", "url": "https://davidmegginson.github.io/ourairports-data/airports.csv", "license": "Public Domain", "collectedAt": "2026-09-22"}}}, {"type": "Feature", "id": "airport:FLLI", "geometry": {"type": "Point", "coordinates": [25.819642, -17.821524]}, "properties": {"id": "e:fac:apt-flli", "name": "Harry Mwanga Nkumbula International Airport", "kind": "airport", "iata": "LVI", "country": "ZM", "municipality": "Livingstone", "function": "客货混合·农产品进境口岸", "geoPrecision": "exact", "provenance": {"provider": "OurAirports", "url": "https://davidmegginson.github.io/ourairports-data/airports.csv", "license": "Public Domain", "collectedAt": "2026-09-22"}}}, {"type": "Feature", "id": "airport:FLLS", "geometry": {"type": "Point", "coordinates": [28.452722, -15.330833]}, "properties": {"id": "e:fac:apt-flls", "name": "Kenneth Kaunda International Airport", "kind": "airport", "iata": "LUN", "country": "ZM", "municipality": "Lusaka", "function": "客货混合·农产品进境口岸", "geoPrecision": "exact", "provenance": {"provider": "OurAirports", "url": "https://davidmegginson.github.io/ourairports-data/airports.csv", "license": "Public Domain", "collectedAt": "2026-09-22"}}}, {"type": "Feature", "id": "airport:FLMF", "geometry": {"type": "Point", "coordinates": [31.9366, -13.2589]}, "properties": {"id": "e:fac:apt-flmf", "name": "Mfuwe International Airport", "kind": "airport", "iata": "MFU", "country": "ZM", "municipality": "Mfuwe", "function": "客货混合·农产品进境口岸", "geoPrecision": "exact", "provenance": {"provider": "OurAirports", "url": "https://davidmegginson.github.io/ourairports-data/airports.csv", "license": "Public Domain", "collectedAt": "2026-09-22"}}}, {"type": "Feature", "id": "airport:FLSK", "geometry": {"type": "Point", "coordinates": [28.515624, -12.96513]}, "properties": {"id": "e:fac:apt-flsk", "name": "Simon Mwansa Kapwepwe International Airport", "kind": "airport", "iata": "NLA", "country": "ZM", "municipality": "Ndola", "function": "客货混合·农产品进境口岸", "geoPrecision": "exact", "provenance": {"provider": "OurAirports", "url": "https://davidmegginson.github.io/ourairports-data/airports.csv", "license": "Public Domain", "collectedAt": "2026-09-22"}}}, {"type": "Feature", "id": "airport:FMCH", "geometry": {"type": "Point", "coordinates": [43.2719, -11.5337]}, "properties": {"id": "e:fac:apt-fmch", "name": "Prince Said Ibrahim International Airport", "kind": "airport", "iata": "HAH", "country": "KM", "municipality": "Moroni", "function": "客货混合·农产品进境口岸", "geoPrecision": "exact", "provenance": {"provider": "OurAirports", "url": "https://davidmegginson.github.io/ourairports-data/airports.csv", "license": "Public Domain", "collectedAt": "2026-09-22"}}}, {"type": "Feature", "id": "airport:FMCZ", "geometry": {"type": "Point", "coordinates": [45.281815, -12.809319]}, "properties": {"id": "e:fac:apt-fmcz", "name": "Dzaoudzi Pamandzi International Airport", "kind": "airport", "iata": "DZA", "country": "YT", "municipality": "Dzaoudzi", "function": "客货混合·农产品进境口岸", "geoPrecision": "exact", "provenance": {"provider": "OurAirports", "url": "https://davidmegginson.github.io/ourairports-data/airports.csv", "license": "Public Domain", "collectedAt": "2026-09-22"}}}, {"type": "Feature", "id": "airport:FMEE", "geometry": {"type": "Point", "coordinates": [55.518894, -20.890087]}, "properties": {"id": "e:fac:apt-fmee", "name": "Roland Garros Airport", "kind": "airport", "iata": "RUN", "country": "RE", "municipality": "Sainte-Marie", "function": "客货混合·农产品进境口岸", "geoPrecision": "exact", "provenance": {"provider": "OurAirports", "url": "https://davidmegginson.github.io/ourairports-data/airports.csv", "license": "Public Domain", "collectedAt": "2026-09-22"}}}, {"type": "Feature", "id": "airport:FMEP", "geometry": {"type": "Point", "coordinates": [55.422506, -21.319362]}, "properties": {"id": "e:fac:apt-fmep", "name": "Saint-Pierre Pierrefonds Airport", "kind": "airport", "iata": "ZSE", "country": "RE", "municipality": "Saint-Pierre", "function": "客货混合·农产品进境口岸", "geoPrecision": "exact", "provenance": {"provider": "OurAirports", "url": "https://davidmegginson.github.io/ourairports-data/airports.csv", "license": "Public Domain", "collectedAt": "2026-09-22"}}}, {"type": "Feature", "id": "airport:FMMI", "geometry": {"type": "Point", "coordinates": [47.478802, -18.7969]}, "properties": {"id": "e:fac:apt-fmmi", "name": "Ivato International Airport", "kind": "airport", "iata": "TNR", "country": "MG", "municipality": "Antananarivo", "function": "客货混合·农产品进境口岸", "geoPrecision": "exact", "provenance": {"provider": "OurAirports", "url": "https://davidmegginson.github.io/ourairports-data/airports.csv", "license": "Public Domain", "collectedAt": "2026-09-22"}}}, {"type": "Feature", "id": "airport:FMMT", "geometry": {"type": "Point", "coordinates": [49.392262, -18.113537]}, "properties": {"id": "e:fac:apt-fmmt", "name": "Toamasina Ambalamanasy Airport", "kind": "airport", "iata": "TMM", "country": "MG", "municipality": "Toamasina", "function": "客货混合·农产品进境口岸", "geoPrecision": "exact", "provenance": {"provider": "OurAirports", "url": "https://davidmegginson.github.io/ourairports-data/airports.csv", "license": "Public Domain", "collectedAt": "2026-09-22"}}}, {"type": "Feature", "id": "airport:FMNM", "geometry": {"type": "Point", "coordinates": [46.351233, -15.666842]}, "properties": {"id": "e:fac:apt-fmnm", "name": "Amborovy Airport", "kind": "airport", "iata": "MJN", "country": "MG", "municipality": "Mahajanga", "function": "客货混合·农产品进境口岸", "geoPrecision": "exact", "provenance": {"provider": "OurAirports", "url": "https://davidmegginson.github.io/ourairports-data/airports.csv", "license": "Public Domain", "collectedAt": "2026-09-22"}}}, {"type": "Feature", "id": "airport:FMNN", "geometry": {"type": "Point", "coordinates": [48.3148, -13.3121]}, "properties": {"id": "e:fac:apt-fmnn", "name": "Nosy Be International Airport", "kind": "airport", "iata": "NOS", "country": "MG", "municipality": "Nosy Be", "function": "客货混合·农产品进境口岸", "geoPrecision": "exact", "provenance": {"provider": "OurAirports", "url": "https://davidmegginson.github.io/ourairports-data/airports.csv", "license": "Public Domain", "collectedAt": "2026-09-22"}}}, {"type": "Feature", "id": "airport:FNBJ", "geometry": {"type": "Point", "coordinates": [13.499078, -9.050734]}, "properties": {"id": "e:fac:apt-fnbj", "name": "Dr. Antonio Agostinho Neto International Airport", "kind": "airport", "iata": "NBJ", "country": "AO", "municipality": "Luanda (Ícolo e Bengo)", "function": "客货混合·农产品进境口岸", "geoPrecision": "exact", "provenance": {"provider": "OurAirports", "url": "https://davidmegginson.github.io/ourairports-data/airports.csv", "license": "Public Domain", "collectedAt": "2026-09-22"}}}, {"type": "Feature", "id": "airport:FNLU", "geometry": {"type": "Point", "coordinates": [13.2312, -8.85837]}, "properties": {"id": "e:fac:apt-fnlu", "name": "Quatro de Fevereiro International Airport", "kind": "airport", "iata": "LAD", "country": "AO", "municipality": "Luanda", "function": "客货混合·农产品进境口岸", "geoPrecision": "exact", "provenance": {"provider": "OurAirports", "url": "https://davidmegginson.github.io/ourairports-data/airports.csv", "license": "Public Domain", "collectedAt": "2026-09-22"}}}, {"type": "Feature", "id": "airport:FOOG", "geometry": {"type": "Point", "coordinates": [8.75438, -0.711739]}, "properties": {"id": "e:fac:apt-foog", "name": "Port Gentil International Airport", "kind": "airport", "iata": "POG", "country": "GA", "municipality": "Port Gentil", "function": "客货混合·农产品进境口岸", "geoPrecision": "exact", "provenance": {"provider": "OurAirports", "url": "https://davidmegginson.github.io/ourairports-data/airports.csv", "license": "Public Domain", "collectedAt": "2026-09-22"}}}, {"type": "Feature", "id": "airport:FOOL", "geometry": {"type": "Point", "coordinates": [9.41214, 0.458951]}, "properties": {"id": "e:fac:apt-fool", "name": "Libreville Leon M'ba International Airport", "kind": "airport", "iata": "LBV", "country": "GA", "municipality": "Libreville", "function": "客货混合·农产品进境口岸", "geoPrecision": "exact", "provenance": {"provider": "OurAirports", "url": "https://davidmegginson.github.io/ourairports-data/airports.csv", "license": "Public Domain", "collectedAt": "2026-09-22"}}}, {"type": "Feature", "id": "airport:FPST", "geometry": {"type": "Point", "coordinates": [6.71215, 0.378175]}, "properties": {"id": "e:fac:apt-fpst", "name": "São Tomé International Airport", "kind": "airport", "iata": "TMS", "country": "ST", "municipality": "São Tomé", "function": "客货混合·农产品进境口岸", "geoPrecision": "exact", "provenance": {"provider": "OurAirports", "url": "https://davidmegginson.github.io/ourairports-data/airports.csv", "license": "Public Domain", "collectedAt": "2026-09-22"}}}, {"type": "Feature", "id": "airport:FQBR", "geometry": {"type": "Point", "coordinates": [34.9076, -19.7964]}, "properties": {"id": "e:fac:apt-fqbr", "name": "Beira International Airport", "kind": "airport", "iata": "BEW", "country": "MZ", "municipality": "Beira", "function": "客货混合·农产品进境口岸", "geoPrecision": "exact", "provenance": {"provider": "OurAirports", "url": "https://davidmegginson.github.io/ourairports-data/airports.csv", "license": "Public Domain", "collectedAt": "2026-09-22"}}}, {"type": "Feature", "id": "airport:FQMA", "geometry": {"type": "Point", "coordinates": [32.572601, -25.920799]}, "properties": {"id": "e:fac:apt-fqma", "name": "Maputo Airport", "kind": "airport", "iata": "MPM", "country": "MZ", "municipality": "Maputo", "function": "客货混合·农产品进境口岸", "geoPrecision": "exact", "provenance": {"provider": "OurAirports", "url": "https://davidmegginson.github.io/ourairports-data/airports.csv", "license": "Public Domain", "collectedAt": "2026-09-22"}}}, {"type": "Feature", "id": "airport:FQNP", "geometry": {"type": "Point", "coordinates": [39.281799, -15.1056]}, "properties": {"id": "e:fac:apt-fqnp", "name": "Nampula Airport", "kind": "airport", "iata": "APL", "country": "MZ", "municipality": "Nampula", "function": "客货混合·农产品进境口岸", "geoPrecision": "exact", "provenance": {"provider": "OurAirports", "url": "https://davidmegginson.github.io/ourairports-data/airports.csv", "license": "Public Domain", "collectedAt": "2026-09-22"}}}, {"type": "Feature", "id": "airport:FQTT", "geometry": {"type": "Point", "coordinates": [33.640202, -16.104799]}, "properties": {"id": "e:fac:apt-fqtt", "name": "Tete Airport", "kind": "airport", "iata": "TET", "country": "MZ", "municipality": "Tete", "function": "客货混合·农产品进境口岸", "geoPrecision": "exact", "provenance": {"provider": "OurAirports", "url": "https://davidmegginson.github.io/ourairports-data/airports.csv", "license": "Public Domain", "collectedAt": "2026-09-22"}}}, {"type": "Feature", "id": "airport:FSIA", "geometry": {"type": "Point", "coordinates": [55.521801, -4.67434]}, "properties": {"id": "e:fac:apt-fsia", "name": "Seychelles International Airport", "kind": "airport", "iata": "SEZ", "country": "SC", "municipality": "Victoria", "function": "客货混合·农产品进境口岸", "geoPrecision": "exact", "provenance": {"provider": "OurAirports", "url": "https://davidmegginson.github.io/ourairports-data/airports.csv", "license": "Public Domain", "collectedAt": "2026-09-22"}}}, {"type": "Feature", "id": "airport:FTTJ", "geometry": {"type": "Point", "coordinates": [15.034, 12.1337]}, "properties": {"id": "e:fac:apt-fttj", "name": "N'Djamena International Airport", "kind": "airport", "iata": "NDJ", "country": "TD", "municipality": "N'Djamena", "function": "客货混合·农产品进境口岸", "geoPrecision": "exact", "provenance": {"provider": "OurAirports", "url": "https://davidmegginson.github.io/ourairports-data/airports.csv", "license": "Public Domain", "collectedAt": "2026-09-22"}}}, {"type": "Feature", "id": "airport:FVBU", "geometry": {"type": "Point", "coordinates": [28.622897, -20.016284]}, "properties": {"id": "e:fac:apt-fvbu", "name": "Joshua Mqabuko Nkomo International Airport", "kind": "airport", "iata": "BUQ", "country": "ZW", "municipality": "Bulawayo", "function": "客货混合·农产品进境口岸", "geoPrecision": "exact", "provenance": {"provider": "OurAirports", "url": "https://davidmegginson.github.io/ourairports-data/airports.csv", "license": "Public Domain", "collectedAt": "2026-09-22"}}}, {"type": "Feature", "id": "airport:FVFA", "geometry": {"type": "Point", "coordinates": [25.836867, -18.097437]}, "properties": {"id": "e:fac:apt-fvfa", "name": "Victoria Falls International Airport", "kind": "airport", "iata": "VFA", "country": "ZW", "municipality": "Victoria Falls", "function": "客货混合·农产品进境口岸", "geoPrecision": "exact", "provenance": {"provider": "OurAirports", "url": "https://davidmegginson.github.io/ourairports-data/airports.csv", "license": "Public Domain", "collectedAt": "2026-09-22"}}}, {"type": "Feature", "id": "airport:FVHA", "geometry": {"type": "Point", "coordinates": [31.0928, -17.931801]}, "properties": {"id": "e:fac:apt-fvha", "name": "Robert Gabriel Mugabe International Airport", "kind": "airport", "iata": "HRE", "country": "ZW", "municipality": "Harare", "function": "客货混合·农产品进境口岸", "geoPrecision": "exact", "provenance": {"provider": "OurAirports", "url": "https://davidmegginson.github.io/ourairports-data/airports.csv", "license": "Public Domain", "collectedAt": "2026-09-22"}}}, {"type": "Feature", "id": "airport:FWCL", "geometry": {"type": "Point", "coordinates": [34.972319, -15.677189]}, "properties": {"id": "e:fac:apt-fwcl", "name": "Chileka International Airport", "kind": "airport", "iata": "BLZ", "country": "MW", "municipality": "Blantyre", "function": "客货混合·农产品进境口岸", "geoPrecision": "exact", "provenance": {"provider": "OurAirports", "url": "https://davidmegginson.github.io/ourairports-data/airports.csv", "license": "Public Domain", "collectedAt": "2026-09-22"}}}, {"type": "Feature", "id": "airport:FWKI", "geometry": {"type": "Point", "coordinates": [33.780998, -13.7894]}, "properties": {"id": "e:fac:apt-fwki", "name": "Kamuzu International Airport", "kind": "airport", "iata": "LLW", "country": "MW", "municipality": "Lumbadzi", "function": "客货混合·农产品进境口岸", "geoPrecision": "exact", "provenance": {"provider": "OurAirports", "url": "https://davidmegginson.github.io/ourairports-data/airports.csv", "license": "Public Domain", "collectedAt": "2026-09-22"}}}, {"type": "Feature", "id": "airport:FXMM", "geometry": {"type": "Point", "coordinates": [27.554456, -29.456277]}, "properties": {"id": "e:fac:apt-fxmm", "name": "Moshoeshoe I International Airport", "kind": "airport", "iata": "MSU", "country": "LS", "municipality": "Maseru(Mazenod)", "function": "客货混合·农产品进境口岸", "geoPrecision": "exact", "provenance": {"provider": "OurAirports", "url": "https://davidmegginson.github.io/ourairports-data/airports.csv", "license": "Public Domain", "collectedAt": "2026-09-22"}}}, {"type": "Feature", "id": "airport:FYWB", "geometry": {"type": "Point", "coordinates": [14.647102, -22.979332]}, "properties": {"id": "e:fac:apt-fywb", "name": "Walvis Bay International Airport", "kind": "airport", "iata": "WVB", "country": "NA", "municipality": "Walvis Bay(Rooikop)", "function": "客货混合·农产品进境口岸", "geoPrecision": "exact", "provenance": {"provider": "OurAirports", "url": "https://davidmegginson.github.io/ourairports-data/airports.csv", "license": "Public Domain", "collectedAt": "2026-09-22"}}}, {"type": "Feature", "id": "airport:FYWH", "geometry": {"type": "Point", "coordinates": [17.4709, -22.4799]}, "properties": {"id": "e:fac:apt-fywh", "name": "Hosea Kutako International Airport", "kind": "airport", "iata": "WDH", "country": "NA", "municipality": "Windhoek", "function": "客货混合·农产品进境口岸", "geoPrecision": "exact", "provenance": {"provider": "OurAirports", "url": "https://davidmegginson.github.io/ourairports-data/airports.csv", "license": "Public Domain", "collectedAt": "2026-09-22"}}}, {"type": "Feature", "id": "airport:FZAA", "geometry": {"type": "Point", "coordinates": [15.4446, -4.38575]}, "properties": {"id": "e:fac:apt-fzaa", "name": "Ndjili International Airport", "kind": "airport", "iata": "FIH", "country": "CD", "municipality": "Kinshasa", "function": "客货混合·农产品进境口岸", "geoPrecision": "exact", "provenance": {"provider": "OurAirports", "url": "https://davidmegginson.github.io/ourairports-data/airports.csv", "license": "Public Domain", "collectedAt": "2026-09-22"}}}, {"type": "Feature", "id": "airport:FZIC", "geometry": {"type": "Point", "coordinates": [25.337999, 0.481639]}, "properties": {"id": "e:fac:apt-fzic", "name": "Bangoka International Airport", "kind": "airport", "iata": "FKI", "country": "CD", "municipality": "Kisangani", "function": "客货混合·农产品进境口岸", "geoPrecision": "exact", "provenance": {"provider": "OurAirports", "url": "https://davidmegginson.github.io/ourairports-data/airports.csv", "license": "Public Domain", "collectedAt": "2026-09-22"}}}, {"type": "Feature", "id": "airport:FZNA", "geometry": {"type": "Point", "coordinates": [29.238037, -1.666758]}, "properties": {"id": "e:fac:apt-fzna", "name": "Goma International Airport", "kind": "airport", "iata": "GOM", "country": "CD", "municipality": "Goma", "function": "客货混合·农产品进境口岸", "geoPrecision": "exact", "provenance": {"provider": "OurAirports", "url": "https://davidmegginson.github.io/ourairports-data/airports.csv", "license": "Public Domain", "collectedAt": "2026-09-22"}}}, {"type": "Feature", "id": "airport:FZQA", "geometry": {"type": "Point", "coordinates": [27.530753, -11.591494]}, "properties": {"id": "e:fac:apt-fzqa", "name": "Lubumbashi International Airport", "kind": "airport", "iata": "FBM", "country": "CD", "municipality": "Lubumbashi", "function": "客货混合·农产品进境口岸", "geoPrecision": "exact", "provenance": {"provider": "OurAirports", "url": "https://davidmegginson.github.io/ourairports-data/airports.csv", "license": "Public Domain", "collectedAt": "2026-09-22"}}}, {"type": "Feature", "id": "airport:GABS", "geometry": {"type": "Point", "coordinates": [-7.94994, 12.5335]}, "properties": {"id": "e:fac:apt-gabs", "name": "Modibo Keita International Airport", "kind": "airport", "iata": "BKO", "country": "ML", "municipality": "Bamako", "function": "客货混合·农产品进境口岸", "geoPrecision": "exact", "provenance": {"provider": "OurAirports", "url": "https://davidmegginson.github.io/ourairports-data/airports.csv", "license": "Public Domain", "collectedAt": "2026-09-22"}}}, {"type": "Feature", "id": "airport:GATB", "geometry": {"type": "Point", "coordinates": [-3.00758, 16.730499]}, "properties": {"id": "e:fac:apt-gatb", "name": "Tombouktou Airport", "kind": "airport", "iata": "TOM", "country": "ML", "municipality": "Timbuktu", "function": "客货混合·农产品进境口岸", "geoPrecision": "exact", "provenance": {"provider": "OurAirports", "url": "https://davidmegginson.github.io/ourairports-data/airports.csv", "license": "Public Domain", "collectedAt": "2026-09-22"}}}, {"type": "Feature", "id": "airport:GBYD", "geometry": {"type": "Point", "coordinates": [-16.652201, 13.338]}, "properties": {"id": "e:fac:apt-gbyd", "name": "Banjul International Airport", "kind": "airport", "iata": "BJL", "country": "GM", "municipality": "Banjul (Yundum)", "function": "客货混合·农产品进境口岸", "geoPrecision": "exact", "provenance": {"provider": "OurAirports", "url": "https://davidmegginson.github.io/ourairports-data/airports.csv", "license": "Public Domain", "collectedAt": "2026-09-22"}}}, {"type": "Feature", "id": "airport:GCFV", "geometry": {"type": "Point", "coordinates": [-13.8638, 28.4527]}, "properties": {"id": "e:fac:apt-gcfv", "name": "Fuerteventura Airport", "kind": "airport", "iata": "FUE", "country": "ES", "municipality": "El Matorral", "function": "客货混合·农产品进境口岸", "geoPrecision": "exact", "provenance": {"provider": "OurAirports", "url": "https://davidmegginson.github.io/ourairports-data/airports.csv", "license": "Public Domain", "collectedAt": "2026-09-22"}}}, {"type": "Feature", "id": "airport:GCLP", "geometry": {"type": "Point", "coordinates": [-15.3866, 27.9319]}, "properties": {"id": "e:fac:apt-gclp", "name": "Gran Canaria Airport", "kind": "airport", "iata": "LPA", "country": "ES", "municipality": "Gran Canaria Island", "function": "客货混合·农产品进境口岸", "geoPrecision": "exact", "provenance": {"provider": "OurAirports", "url": "https://davidmegginson.github.io/ourairports-data/airports.csv", "license": "Public Domain", "collectedAt": "2026-09-22"}}}, {"type": "Feature", "id": "airport:GCRR", "geometry": {"type": "Point", "coordinates": [-13.6052, 28.945499]}, "properties": {"id": "e:fac:apt-gcrr", "name": "César Manrique-Lanzarote Airport", "kind": "airport", "iata": "ACE", "country": "ES", "municipality": "San Bartolomé", "function": "客货混合·农产品进境口岸", "geoPrecision": "exact", "provenance": {"provider": "OurAirports", "url": "https://davidmegginson.github.io/ourairports-data/airports.csv", "license": "Public Domain", "collectedAt": "2026-09-22"}}}, {"type": "Feature", "id": "airport:GCTS", "geometry": {"type": "Point", "coordinates": [-16.5725, 28.0445]}, "properties": {"id": "e:fac:apt-gcts", "name": "Tenerife Sur Airport", "kind": "airport", "iata": "TFS", "country": "ES", "municipality": "Tenerife", "function": "客货混合·农产品进境口岸", "geoPrecision": "exact", "provenance": {"provider": "OurAirports", "url": "https://davidmegginson.github.io/ourairports-data/airports.csv", "license": "Public Domain", "collectedAt": "2026-09-22"}}}, {"type": "Feature", "id": "airport:GCXO", "geometry": {"type": "Point", "coordinates": [-16.341707, 28.482752]}, "properties": {"id": "e:fac:apt-gcxo", "name": "Tenerife Norte-Ciudad de La Laguna Airport", "kind": "airport", "iata": "TFN", "country": "ES", "municipality": "Tenerife", "function": "客货混合·农产品进境口岸", "geoPrecision": "exact", "provenance": {"provider": "OurAirports", "url": "https://davidmegginson.github.io/ourairports-data/airports.csv", "license": "Public Domain", "collectedAt": "2026-09-22"}}}, {"type": "Feature", "id": "airport:GFLL", "geometry": {"type": "Point", "coordinates": [-13.1955, 8.61644]}, "properties": {"id": "e:fac:apt-gfll", "name": "Lungi International Airport", "kind": "airport", "iata": "FNA", "country": "SL", "municipality": "Freetown (Lungi-Town)", "function": "客货混合·农产品进境口岸", "geoPrecision": "exact", "provenance": {"provider": "OurAirports", "url": "https://davidmegginson.github.io/ourairports-data/airports.csv", "license": "Public Domain", "collectedAt": "2026-09-22"}}}, {"type": "Feature", "id": "airport:GGOV", "geometry": {"type": "Point", "coordinates": [-15.653596, 11.894262]}, "properties": {"id": "e:fac:apt-ggov", "name": "Osvaldo Vieira International Airport", "kind": "airport", "iata": "OXB", "country": "GW", "municipality": "Bissau", "function": "客货混合·农产品进境口岸", "geoPrecision": "exact", "provenance": {"provider": "OurAirports", "url": "https://davidmegginson.github.io/ourairports-data/airports.csv", "license": "Public Domain", "collectedAt": "2026-09-22"}}}, {"type": "Feature", "id": "airport:GLRB", "geometry": {"type": "Point", "coordinates": [-10.3623, 6.23379]}, "properties": {"id": "e:fac:apt-glrb", "name": "Roberts International Airport", "kind": "airport", "iata": "ROB", "country": "LR", "municipality": "Monrovia", "function": "客货混合·农产品进境口岸", "geoPrecision": "exact", "provenance": {"provider": "OurAirports", "url": "https://davidmegginson.github.io/ourairports-data/airports.csv", "license": "Public Domain", "collectedAt": "2026-09-22"}}}, {"type": "Feature", "id": "airport:GMAD", "geometry": {"type": "Point", "coordinates": [-9.412003, 30.322478]}, "properties": {"id": "e:fac:apt-gmad", "name": "Al Massira Airport", "kind": "airport", "iata": "AGA", "country": "MA", "municipality": "Agadir (Temsia)", "function": "客货混合·农产品进境口岸", "geoPrecision": "exact", "provenance": {"provider": "OurAirports", "url": "https://davidmegginson.github.io/ourairports-data/airports.csv", "license": "Public Domain", "collectedAt": "2026-09-22"}}}, {"type": "Feature", "id": "airport:GMAZ", "geometry": {"type": "Point", "coordinates": [-5.860808, 30.265788]}, "properties": {"id": "e:fac:apt-gmaz", "name": "Zagora Airport", "kind": "airport", "iata": "OZG", "country": "MA", "municipality": "Zagora", "function": "客货混合·农产品进境口岸", "geoPrecision": "exact", "provenance": {"provider": "OurAirports", "url": "https://davidmegginson.github.io/ourairports-data/airports.csv", "license": "Public Domain", "collectedAt": "2026-09-22"}}}, {"type": "Feature", "id": "airport:GMFF", "geometry": {"type": "Point", "coordinates": [-4.97796, 33.927299]}, "properties": {"id": "e:fac:apt-gmff", "name": "Fes Saïss International Airport", "kind": "airport", "iata": "FEZ", "country": "MA", "municipality": "Saïss", "function": "客货混合·农产品进境口岸", "geoPrecision": "exact", "provenance": {"provider": "OurAirports", "url": "https://davidmegginson.github.io/ourairports-data/airports.csv", "license": "Public Domain", "collectedAt": "2026-09-22"}}}, {"type": "Feature", "id": "airport:GMFO", "geometry": {"type": "Point", "coordinates": [-1.926041, 34.789558]}, "properties": {"id": "e:fac:apt-gmfo", "name": "Oujda Angads Airport", "kind": "airport", "iata": "OUD", "country": "MA", "municipality": "Ahl Angad", "function": "客货混合·农产品进境口岸", "geoPrecision": "exact", "provenance": {"provider": "OurAirports", "url": "https://davidmegginson.github.io/ourairports-data/airports.csv", "license": "Public Domain", "collectedAt": "2026-09-22"}}}, {"type": "Feature", "id": "airport:GMMD", "geometry": {"type": "Point", "coordinates": [-6.315905, 32.401895]}, "properties": {"id": "e:fac:apt-gmmd", "name": "Beni Mellal Airport", "kind": "airport", "iata": "BEM", "country": "MA", "municipality": "Oulad Yaich", "function": "客货混合·农产品进境口岸", "geoPrecision": "exact", "provenance": {"provider": "OurAirports", "url": "https://davidmegginson.github.io/ourairports-data/airports.csv", "license": "Public Domain", "collectedAt": "2026-09-22"}}}, {"type": "Feature", "id": "airport:GMME", "geometry": {"type": "Point", "coordinates": [-6.75152, 34.051498]}, "properties": {"id": "e:fac:apt-gmme", "name": "Rabat-Salé Airport", "kind": "airport", "iata": "RBA", "country": "MA", "municipality": "Rabat", "function": "客货混合·农产品进境口岸", "geoPrecision": "exact", "provenance": {"provider": "OurAirports", "url": "https://davidmegginson.github.io/ourairports-data/airports.csv", "license": "Public Domain", "collectedAt": "2026-09-22"}}}, {"type": "Feature", "id": "airport:GMMH", "geometry": {"type": "Point", "coordinates": [-15.932, 23.7183]}, "properties": {"id": "e:fac:apt-gmmh", "name": "Dakhla Airport", "kind": "airport", "iata": "VIL", "country": "EH", "municipality": "Dakhla", "function": "客货混合·农产品进境口岸", "geoPrecision": "exact", "provenance": {"provider": "OurAirports", "url": "https://davidmegginson.github.io/ourairports-data/airports.csv", "license": "Public Domain", "collectedAt": "2026-09-22"}}}, {"type": "Feature", "id": "airport:GMML", "geometry": {"type": "Point", "coordinates": [-13.224947, 27.142467]}, "properties": {"id": "e:fac:apt-gmml", "name": "Laayoune Hassan I International Airport", "kind": "airport", "iata": "EUN", "country": "EH", "municipality": "El Aaiún", "function": "客货混合·农产品进境口岸", "geoPrecision": "exact", "provenance": {"provider": "OurAirports", "url": "https://davidmegginson.github.io/ourairports-data/airports.csv", "license": "Public Domain", "collectedAt": "2026-09-22"}}}, {"type": "Feature", "id": "airport:GMMN", "geometry": {"type": "Point", "coordinates": [-7.58997, 33.3675]}, "properties": {"id": "e:fac:apt-gmmn", "name": "Mohammed V International Airport", "kind": "airport", "iata": "CMN", "country": "MA", "municipality": "Casablanca", "function": "客货混合·农产品进境口岸", "geoPrecision": "exact", "provenance": {"provider": "OurAirports", "url": "https://davidmegginson.github.io/ourairports-data/airports.csv", "license": "Public Domain", "collectedAt": "2026-09-22"}}}, {"type": "Feature", "id": "airport:GMMW", "geometry": {"type": "Point", "coordinates": [-3.02821, 34.9888]}, "properties": {"id": "e:fac:apt-gmmw", "name": "Nador Al Aaroui International Airport", "kind": "airport", "iata": "NDR", "country": "MA", "municipality": "Al Aaroui", "function": "客货混合·农产品进境口岸", "geoPrecision": "exact", "provenance": {"provider": "OurAirports", "url": "https://davidmegginson.github.io/ourairports-data/airports.csv", "license": "Public Domain", "collectedAt": "2026-09-22"}}}, {"type": "Feature", "id": "airport:GMMX", "geometry": {"type": "Point", "coordinates": [-8.035788, 31.604807]}, "properties": {"id": "e:fac:apt-gmmx", "name": "Marrakesh Menara Airport", "kind": "airport", "iata": "RAK", "country": "MA", "municipality": "Marrakesh", "function": "客货混合·农产品进境口岸", "geoPrecision": "exact", "provenance": {"provider": "OurAirports", "url": "https://davidmegginson.github.io/ourairports-data/airports.csv", "license": "Public Domain", "collectedAt": "2026-09-22"}}}, {"type": "Feature", "id": "airport:GMMZ", "geometry": {"type": "Point", "coordinates": [-6.90943, 30.9391]}, "properties": {"id": "e:fac:apt-gmmz", "name": "Ouarzazate International Airport", "kind": "airport", "iata": "OZZ", "country": "MA", "municipality": "Ouarzazate", "function": "客货混合·农产品进境口岸", "geoPrecision": "exact", "provenance": {"provider": "OurAirports", "url": "https://davidmegginson.github.io/ourairports-data/airports.csv", "license": "Public Domain", "collectedAt": "2026-09-22"}}}, {"type": "Feature", "id": "airport:GMTN", "geometry": {"type": "Point", "coordinates": [-5.32002, 35.594299]}, "properties": {"id": "e:fac:apt-gmtn", "name": "Sania Ramel Airport", "kind": "airport", "iata": "TTU", "country": "MA", "municipality": "Tétouan", "function": "客货混合·农产品进境口岸", "geoPrecision": "exact", "provenance": {"provider": "OurAirports", "url": "https://davidmegginson.github.io/ourairports-data/airports.csv", "license": "Public Domain", "collectedAt": "2026-09-22"}}}, {"type": "Feature", "id": "airport:GMTT", "geometry": {"type": "Point", "coordinates": [-5.921459, 35.731741]}, "properties": {"id": "e:fac:apt-gmtt", "name": "Tangier Ibn Battuta Airport", "kind": "airport", "iata": "TNG", "country": "MA", "municipality": "Tangier", "function": "客货混合·农产品进境口岸", "geoPrecision": "exact", "provenance": {"provider": "OurAirports", "url": "https://davidmegginson.github.io/ourairports-data/airports.csv", "license": "Public Domain", "collectedAt": "2026-09-22"}}}, {"type": "Feature", "id": "airport:GOBD", "geometry": {"type": "Point", "coordinates": [-17.072829, 14.670878]}, "properties": {"id": "e:fac:apt-gobd", "name": "Blaise Diagne International Airport", "kind": "airport", "iata": "DSS", "country": "SN", "municipality": "Dakar", "function": "客货混合·农产品进境口岸", "geoPrecision": "exact", "provenance": {"provider": "OurAirports", "url": "https://davidmegginson.github.io/ourairports-data/airports.csv", "license": "Public Domain", "collectedAt": "2026-09-22"}}}, {"type": "Feature", "id": "airport:GOOY", "geometry": {"type": "Point", "coordinates": [-17.479222, 14.742337]}, "properties": {"id": "e:fac:apt-gooy", "name": "Léopold Sédar Senghor International Airport", "kind": "airport", "iata": "DKR", "country": "SN", "municipality": "Dakar", "function": "客货混合·农产品进境口岸", "geoPrecision": "exact", "provenance": {"provider": "OurAirports", "url": "https://davidmegginson.github.io/ourairports-data/airports.csv", "license": "Public Domain", "collectedAt": "2026-09-22"}}}, {"type": "Feature", "id": "airport:GQNO", "geometry": {"type": "Point", "coordinates": [-15.969722, 18.31]}, "properties": {"id": "e:fac:apt-gqno", "name": "Nouakchott–Oumtounsy International Airport", "kind": "airport", "iata": "NKC", "country": "MR", "municipality": "Nouakchott", "function": "客货混合·农产品进境口岸", "geoPrecision": "exact", "provenance": {"provider": "OurAirports", "url": "https://davidmegginson.github.io/ourairports-data/airports.csv", "license": "Public Domain", "collectedAt": "2026-09-22"}}}, {"type": "Feature", "id": "airport:GQPP", "geometry": {"type": "Point", "coordinates": [-17.030199, 20.932404]}, "properties": {"id": "e:fac:apt-gqpp", "name": "Nouadhibou International Airport", "kind": "airport", "iata": "NDB", "country": "MR", "municipality": "Nouadhibou", "function": "客货混合·农产品进境口岸", "geoPrecision": "exact", "provenance": {"provider": "OurAirports", "url": "https://davidmegginson.github.io/ourairports-data/airports.csv", "license": "Public Domain", "collectedAt": "2026-09-22"}}}, {"type": "Feature", "id": "airport:GUCY", "geometry": {"type": "Point", "coordinates": [-13.612, 9.57689]}, "properties": {"id": "e:fac:apt-gucy", "name": "Ahmed Sékou Touré International Airport", "kind": "airport", "iata": "CKY", "country": "GN", "municipality": "Conakry", "function": "客货混合·农产品进境口岸", "geoPrecision": "exact", "provenance": {"provider": "OurAirports", "url": "https://davidmegginson.github.io/ourairports-data/airports.csv", "license": "Public Domain", "collectedAt": "2026-09-22"}}}, {"type": "Feature", "id": "airport:GVAC", "geometry": {"type": "Point", "coordinates": [-22.9494, 16.7414]}, "properties": {"id": "e:fac:apt-gvac", "name": "Amílcar Cabral International Airport", "kind": "airport", "iata": "SID", "country": "CV", "municipality": "Espargos", "function": "客货混合·农产品进境口岸", "geoPrecision": "exact", "provenance": {"provider": "OurAirports", "url": "https://davidmegginson.github.io/ourairports-data/airports.csv", "license": "Public Domain", "collectedAt": "2026-09-22"}}}, {"type": "Feature", "id": "airport:GVBA", "geometry": {"type": "Point", "coordinates": [-22.888901, 16.136499]}, "properties": {"id": "e:fac:apt-gvba", "name": "Aristides Pereira International Airport", "kind": "airport", "iata": "BVC", "country": "CV", "municipality": "Rabil", "function": "客货混合·农产品进境口岸", "geoPrecision": "exact", "provenance": {"provider": "OurAirports", "url": "https://davidmegginson.github.io/ourairports-data/airports.csv", "license": "Public Domain", "collectedAt": "2026-09-22"}}}, {"type": "Feature", "id": "airport:GVNP", "geometry": {"type": "Point", "coordinates": [-23.484728, 14.941126]}, "properties": {"id": "e:fac:apt-gvnp", "name": "Nelson Mandela International Airport", "kind": "airport", "iata": "RAI", "country": "CV", "municipality": "Praia", "function": "客货混合·农产品进境口岸", "geoPrecision": "exact", "provenance": {"provider": "OurAirports", "url": "https://davidmegginson.github.io/ourairports-data/airports.csv", "license": "Public Domain", "collectedAt": "2026-09-22"}}}, {"type": "Feature", "id": "airport:GVSV", "geometry": {"type": "Point", "coordinates": [-25.055308, 16.833363]}, "properties": {"id": "e:fac:apt-gvsv", "name": "Cesaria Evora International Airport", "kind": "airport", "iata": "VXE", "country": "CV", "municipality": "São Pedro", "function": "客货混合·农产品进境口岸", "geoPrecision": "exact", "provenance": {"provider": "OurAirports", "url": "https://davidmegginson.github.io/ourairports-data/airports.csv", "license": "Public Domain", "collectedAt": "2026-09-22"}}}, {"type": "Feature", "id": "airport:HAAB", "geometry": {"type": "Point", "coordinates": [38.799301, 8.97789]}, "properties": {"id": "e:fac:apt-haab", "name": "Addis Ababa Bole International Airport", "kind": "airport", "iata": "ADD", "country": "ET", "municipality": "Addis Ababa", "function": "客货混合·农产品进境口岸", "geoPrecision": "exact", "provenance": {"provider": "OurAirports", "url": "https://davidmegginson.github.io/ourairports-data/airports.csv", "license": "Public Domain", "collectedAt": "2026-09-22"}}}, {"type": "Feature", "id": "airport:HADR", "geometry": {"type": "Point", "coordinates": [41.855027, 9.623549]}, "properties": {"id": "e:fac:apt-hadr", "name": "Aba Tenna Dejazmach Yilma International Airport", "kind": "airport", "iata": "DIR", "country": "ET", "municipality": "Dire Dawa", "function": "客货混合·农产品进境口岸", "geoPrecision": "exact", "provenance": {"provider": "OurAirports", "url": "https://davidmegginson.github.io/ourairports-data/airports.csv", "license": "Public Domain", "collectedAt": "2026-09-22"}}}, {"type": "Feature", "id": "airport:HAJJ", "geometry": {"type": "Point", "coordinates": [42.911811, 9.331907]}, "properties": {"id": "e:fac:apt-hajj", "name": "Gerad Wilwal International Airport", "kind": "airport", "iata": "JIJ", "country": "ET", "municipality": "Jijiga", "function": "客货混合·农产品进境口岸", "geoPrecision": "exact", "provenance": {"provider": "OurAirports", "url": "https://davidmegginson.github.io/ourairports-data/airports.csv", "license": "Public Domain", "collectedAt": "2026-09-22"}}}, {"type": "Feature", "id": "airport:HALA", "geometry": {"type": "Point", "coordinates": [38.396455, 7.100611]}, "properties": {"id": "e:fac:apt-hala", "name": "Hawassa International Airport", "kind": "airport", "iata": "AWA", "country": "ET", "municipality": "Hawassa", "function": "客货混合·农产品进境口岸", "geoPrecision": "exact", "provenance": {"provider": "OurAirports", "url": "https://davidmegginson.github.io/ourairports-data/airports.csv", "license": "Public Domain", "collectedAt": "2026-09-22"}}}, {"type": "Feature", "id": "airport:HBBA", "geometry": {"type": "Point", "coordinates": [29.318501, -3.32402]}, "properties": {"id": "e:fac:apt-hbba", "name": "Bujumbura Melchior Ndadaye International Airport", "kind": "airport", "iata": "BJM", "country": "BI", "municipality": "Bujumbura", "function": "客货混合·农产品进境口岸", "geoPrecision": "exact", "provenance": {"provider": "OurAirports", "url": "https://davidmegginson.github.io/ourairports-data/airports.csv", "license": "Public Domain", "collectedAt": "2026-09-22"}}}, {"type": "Feature", "id": "airport:HCMF", "geometry": {"type": "Point", "coordinates": [49.139231, 11.275235]}, "properties": {"id": "e:fac:apt-hcmf", "name": "Bender Qassim International Airport", "kind": "airport", "iata": "BSA", "country": "SO", "municipality": "Bosaso", "function": "客货混合·农产品进境口岸", "geoPrecision": "exact", "provenance": {"provider": "OurAirports", "url": "https://davidmegginson.github.io/ourairports-data/airports.csv", "license": "Public Domain", "collectedAt": "2026-09-22"}}}, {"type": "Feature", "id": "airport:HCMH", "geometry": {"type": "Point", "coordinates": [44.083469, 9.514082]}, "properties": {"id": "e:fac:apt-hcmh", "name": "Egal International Airport", "kind": "airport", "iata": "HGA", "country": "SO", "municipality": "Hargeisa", "function": "客货混合·农产品进境口岸", "geoPrecision": "exact", "provenance": {"provider": "OurAirports", "url": "https://davidmegginson.github.io/ourairports-data/airports.csv", "license": "Public Domain", "collectedAt": "2026-09-22"}}}, {"type": "Feature", "id": "airport:HCMM", "geometry": {"type": "Point", "coordinates": [45.304699, 2.01444]}, "properties": {"id": "e:fac:apt-hcmm", "name": "Aden Adde International Airport", "kind": "airport", "iata": "MGQ", "country": "SO", "municipality": "Mogadishu", "function": "客货混合·农产品进境口岸", "geoPrecision": "exact", "provenance": {"provider": "OurAirports", "url": "https://davidmegginson.github.io/ourairports-data/airports.csv", "license": "Public Domain", "collectedAt": "2026-09-22"}}}, {"type": "Feature", "id": "airport:HDAM", "geometry": {"type": "Point", "coordinates": [43.1595, 11.5473]}, "properties": {"id": "e:fac:apt-hdam", "name": "Djibouti-Ambouli Airport", "kind": "airport", "iata": "JIB", "country": "DJ", "municipality": "Djibouti City", "function": "客货混合·农产品进境口岸", "geoPrecision": "exact", "provenance": {"provider": "OurAirports", "url": "https://davidmegginson.github.io/ourairports-data/airports.csv", "license": "Public Domain", "collectedAt": "2026-09-22"}}}, {"type": "Feature", "id": "airport:HEAL", "geometry": {"type": "Point", "coordinates": [28.46161, 30.924324]}, "properties": {"id": "e:fac:apt-heal", "name": "El Alamein International Airport", "kind": "airport", "iata": "DBB", "country": "EG", "municipality": "El Alamein", "function": "客货混合·农产品进境口岸", "geoPrecision": "exact", "provenance": {"provider": "OurAirports", "url": "https://davidmegginson.github.io/ourairports-data/airports.csv", "license": "Public Domain", "collectedAt": "2026-09-22"}}}, {"type": "Feature", "id": "airport:HEAR", "geometry": {"type": "Point", "coordinates": [33.827964, 31.055324]}, "properties": {"id": "e:fac:apt-hear", "name": "El Arish International Airport", "kind": "airport", "iata": "AAC", "country": "EG", "municipality": "El Arish", "function": "客货混合·农产品进境口岸", "geoPrecision": "exact", "provenance": {"provider": "OurAirports", "url": "https://davidmegginson.github.io/ourairports-data/airports.csv", "license": "Public Domain", "collectedAt": "2026-09-22"}}}, {"type": "Feature", "id": "airport:HEAT", "geometry": {"type": "Point", "coordinates": [31.01276, 27.045962]}, "properties": {"id": "e:fac:apt-heat", "name": "Asyut International Airport", "kind": "airport", "iata": "ATZ", "country": "EG", "municipality": "Asyut", "function": "客货混合·农产品进境口岸", "geoPrecision": "exact", "provenance": {"provider": "OurAirports", "url": "https://davidmegginson.github.io/ourairports-data/airports.csv", "license": "Public Domain", "collectedAt": "2026-09-22"}}}, {"type": "Feature", "id": "airport:HEBA", "geometry": {"type": "Point", "coordinates": [29.696437, 30.93249]}, "properties": {"id": "e:fac:apt-heba", "name": "Alexandria International Airport", "kind": "airport", "iata": "HBE", "country": "EG", "municipality": "Alexandria", "function": "客货混合·农产品进境口岸", "geoPrecision": "exact", "provenance": {"provider": "OurAirports", "url": "https://davidmegginson.github.io/ourairports-data/airports.csv", "license": "Public Domain", "collectedAt": "2026-09-22"}}}, {"type": "Feature", "id": "airport:HECA", "geometry": {"type": "Point", "coordinates": [31.396694, 30.111534]}, "properties": {"id": "e:fac:apt-heca", "name": "Cairo International Airport", "kind": "airport", "iata": "CAI", "country": "EG", "municipality": "Cairo", "function": "客货混合·农产品进境口岸", "geoPrecision": "exact", "provenance": {"provider": "OurAirports", "url": "https://davidmegginson.github.io/ourairports-data/airports.csv", "license": "Public Domain", "collectedAt": "2026-09-22"}}}, {"type": "Feature", "id": "airport:HEGN", "geometry": {"type": "Point", "coordinates": [33.796692, 27.176776]}, "properties": {"id": "e:fac:apt-hegn", "name": "Hurghada International Airport", "kind": "airport", "iata": "HRG", "country": "EG", "municipality": "Hurghada", "function": "客货混合·农产品进境口岸", "geoPrecision": "exact", "provenance": {"provider": "OurAirports", "url": "https://davidmegginson.github.io/ourairports-data/airports.csv", "license": "Public Domain", "collectedAt": "2026-09-22"}}}, {"type": "Feature", "id": "airport:HELX", "geometry": {"type": "Point", "coordinates": [32.706446, 25.671018]}, "properties": {"id": "e:fac:apt-helx", "name": "Luxor International Airport", "kind": "airport", "iata": "LXR", "country": "EG", "municipality": "Luxor", "function": "客货混合·农产品进境口岸", "geoPrecision": "exact", "provenance": {"provider": "OurAirports", "url": "https://davidmegginson.github.io/ourairports-data/airports.csv", "license": "Public Domain", "collectedAt": "2026-09-22"}}}, {"type": "Feature", "id": "airport:HEMA", "geometry": {"type": "Point", "coordinates": [34.59245, 25.555548]}, "properties": {"id": "e:fac:apt-hema", "name": "Marsa Alam International Airport", "kind": "airport", "iata": "RMF", "country": "EG", "municipality": "Marsa Alam", "function": "客货混合·农产品进境口岸", "geoPrecision": "exact", "provenance": {"provider": "OurAirports", "url": "https://davidmegginson.github.io/ourairports-data/airports.csv", "license": "Public Domain", "collectedAt": "2026-09-22"}}}, {"type": "Feature", "id": "airport:HEMM", "geometry": {"type": "Point", "coordinates": [27.22227, 31.324313]}, "properties": {"id": "e:fac:apt-hemm", "name": "Mersa Matruh International Airport", "kind": "airport", "iata": "MUH", "country": "EG", "municipality": "Marsa Matruh", "function": "客货混合·农产品进境口岸", "geoPrecision": "exact", "provenance": {"provider": "OurAirports", "url": "https://davidmegginson.github.io/ourairports-data/airports.csv", "license": "Public Domain", "collectedAt": "2026-09-22"}}}, {"type": "Feature", "id": "airport:HEPS", "geometry": {"type": "Point", "coordinates": [32.240582, 31.279285]}, "properties": {"id": "e:fac:apt-heps", "name": "Port Said International Airport", "kind": "airport", "iata": "PSD", "country": "EG", "municipality": "Port Said", "function": "客货混合·农产品进境口岸", "geoPrecision": "exact", "provenance": {"provider": "OurAirports", "url": "https://davidmegginson.github.io/ourairports-data/airports.csv", "license": "Public Domain", "collectedAt": "2026-09-22"}}}, {"type": "Feature", "id": "airport:HESG", "geometry": {"type": "Point", "coordinates": [31.743017, 26.342515]}, "properties": {"id": "e:fac:apt-hesg", "name": "Suhaj International Airport", "kind": "airport", "iata": "HMB", "country": "EG", "municipality": "Suhaj", "function": "客货混合·农产品进境口岸", "geoPrecision": "exact", "provenance": {"provider": "OurAirports", "url": "https://davidmegginson.github.io/ourairports-data/airports.csv", "license": "Public Domain", "collectedAt": "2026-09-22"}}}, {"type": "Feature", "id": "airport:HESH", "geometry": {"type": "Point", "coordinates": [34.394717, 27.977272]}, "properties": {"id": "e:fac:apt-hesh", "name": "Sharm El Sheikh International Airport", "kind": "airport", "iata": "SSH", "country": "EG", "municipality": "Sharm El Sheikh", "function": "客货混合·农产品进境口岸", "geoPrecision": "exact", "provenance": {"provider": "OurAirports", "url": "https://davidmegginson.github.io/ourairports-data/airports.csv", "license": "Public Domain", "collectedAt": "2026-09-22"}}}, {"type": "Feature", "id": "airport:HESN", "geometry": {"type": "Point", "coordinates": [32.820382, 23.961075]}, "properties": {"id": "e:fac:apt-hesn", "name": "Aswan International Airport", "kind": "airport", "iata": "ASW", "country": "EG", "municipality": "Aswan", "function": "客货混合·农产品进境口岸", "geoPrecision": "exact", "provenance": {"provider": "OurAirports", "url": "https://davidmegginson.github.io/ourairports-data/airports.csv", "license": "Public Domain", "collectedAt": "2026-09-22"}}}, {"type": "Feature", "id": "airport:HESX", "geometry": {"type": "Point", "coordinates": [30.895728, 30.108179]}, "properties": {"id": "e:fac:apt-hesx", "name": "Sphinx International Airport", "kind": "airport", "iata": "SPX", "country": "EG", "municipality": "Al Jiza", "function": "客货混合·农产品进境口岸", "geoPrecision": "exact", "provenance": {"provider": "OurAirports", "url": "https://davidmegginson.github.io/ourairports-data/airports.csv", "license": "Public Domain", "collectedAt": "2026-09-22"}}}, {"type": "Feature", "id": "airport:HJJJ", "geometry": {"type": "Point", "coordinates": [31.601101, 4.87201]}, "properties": {"id": "e:fac:apt-hjjj", "name": "Juba International Airport", "kind": "airport", "iata": "JUB", "country": "SS", "municipality": "Juba", "function": "客货混合·农产品进境口岸", "geoPrecision": "exact", "provenance": {"provider": "OurAirports", "url": "https://davidmegginson.github.io/ourairports-data/airports.csv", "license": "Public Domain", "collectedAt": "2026-09-22"}}}, {"type": "Feature", "id": "airport:HKEL", "geometry": {"type": "Point", "coordinates": [35.238899, 0.404458]}, "properties": {"id": "e:fac:apt-hkel", "name": "Eldoret International Airport", "kind": "airport", "iata": "EDL", "country": "KE", "municipality": "Eldoret", "function": "客货混合·农产品进境口岸", "geoPrecision": "exact", "provenance": {"provider": "OurAirports", "url": "https://davidmegginson.github.io/ourairports-data/airports.csv", "license": "Public Domain", "collectedAt": "2026-09-22"}}}, {"type": "Feature", "id": "airport:HKJK", "geometry": {"type": "Point", "coordinates": [36.928233, -1.318886]}, "properties": {"id": "e:fac:apt-hkjk", "name": "Jomo Kenyatta International Airport", "kind": "airport", "iata": "NBO", "country": "KE", "municipality": "Nairobi", "function": "客货混合·农产品进境口岸", "geoPrecision": "exact", "provenance": {"provider": "OurAirports", "url": "https://davidmegginson.github.io/ourairports-data/airports.csv", "license": "Public Domain", "collectedAt": "2026-09-22"}}}, {"type": "Feature", "id": "airport:HKKI", "geometry": {"type": "Point", "coordinates": [34.728901, -0.086139]}, "properties": {"id": "e:fac:apt-hkki", "name": "Kisumu International Airport", "kind": "airport", "iata": "KIS", "country": "KE", "municipality": "Kisumu", "function": "客货混合·农产品进境口岸", "geoPrecision": "exact", "provenance": {"provider": "OurAirports", "url": "https://davidmegginson.github.io/ourairports-data/airports.csv", "license": "Public Domain", "collectedAt": "2026-09-22"}}}, {"type": "Feature", "id": "airport:HKMO", "geometry": {"type": "Point", "coordinates": [39.5942, -4.03483]}, "properties": {"id": "e:fac:apt-hkmo", "name": "Moi International Airport", "kind": "airport", "iata": "MBA", "country": "KE", "municipality": "Mombasa", "function": "客货混合·农产品进境口岸", "geoPrecision": "exact", "provenance": {"provider": "OurAirports", "url": "https://davidmegginson.github.io/ourairports-data/airports.csv", "license": "Public Domain", "collectedAt": "2026-09-22"}}}, {"type": "Feature", "id": "airport:HLGD", "geometry": {"type": "Point", "coordinates": [16.597095, 31.058578]}, "properties": {"id": "e:fac:apt-hlgd", "name": "Sirt International Airport / Ghardabiya Airbase", "kind": "airport", "iata": "SRX", "country": "LY", "municipality": "Sirt", "function": "客货混合·农产品进境口岸", "geoPrecision": "exact", "provenance": {"provider": "OurAirports", "url": "https://davidmegginson.github.io/ourairports-data/airports.csv", "license": "Public Domain", "collectedAt": "2026-09-22"}}}, {"type": "Feature", "id": "airport:HLLB", "geometry": {"type": "Point", "coordinates": [20.269501, 32.096802]}, "properties": {"id": "e:fac:apt-hllb", "name": "Benina International Airport", "kind": "airport", "iata": "BEN", "country": "LY", "municipality": "Benina", "function": "客货混合·农产品进境口岸", "geoPrecision": "exact", "provenance": {"provider": "OurAirports", "url": "https://davidmegginson.github.io/ourairports-data/airports.csv", "license": "Public Domain", "collectedAt": "2026-09-22"}}}, {"type": "Feature", "id": "airport:HLLM", "geometry": {"type": "Point", "coordinates": [13.287878, 32.89177]}, "properties": {"id": "e:fac:apt-hllm", "name": "Mitiga International Airport", "kind": "airport", "iata": "MJI", "country": "LY", "municipality": "Tripoli", "function": "客货混合·农产品进境口岸", "geoPrecision": "exact", "provenance": {"provider": "OurAirports", "url": "https://davidmegginson.github.io/ourairports-data/airports.csv", "license": "Public Domain", "collectedAt": "2026-09-22"}}}, {"type": "Feature", "id": "airport:HLLQ", "geometry": {"type": "Point", "coordinates": [21.954864, 32.789036]}, "properties": {"id": "e:fac:apt-hllq", "name": "Al Abraq International Airport", "kind": "airport", "iata": "LAQ", "country": "LY", "municipality": "Al Albraq", "function": "客货混合·农产品进境口岸", "geoPrecision": "exact", "provenance": {"provider": "OurAirports", "url": "https://davidmegginson.github.io/ourairports-data/airports.csv", "license": "Public Domain", "collectedAt": "2026-09-22"}}}, {"type": "Feature", "id": "airport:HRYR", "geometry": {"type": "Point", "coordinates": [30.1395, -1.96863]}, "properties": {"id": "e:fac:apt-hryr", "name": "Kigali International Airport", "kind": "airport", "iata": "KGL", "country": "RW", "municipality": "Kigali", "function": "客货混合·农产品进境口岸", "geoPrecision": "exact", "provenance": {"provider": "OurAirports", "url": "https://davidmegginson.github.io/ourairports-data/airports.csv", "license": "Public Domain", "collectedAt": "2026-09-22"}}}, {"type": "Feature", "id": "airport:HSPN", "geometry": {"type": "Point", "coordinates": [37.234125, 19.434558]}, "properties": {"id": "e:fac:apt-hspn", "name": "Port Sudan New International Airport", "kind": "airport", "iata": "PZU", "country": "SD", "municipality": "Port Sudan", "function": "客货混合·农产品进境口岸", "geoPrecision": "exact", "provenance": {"provider": "OurAirports", "url": "https://davidmegginson.github.io/ourairports-data/airports.csv", "license": "Public Domain", "collectedAt": "2026-09-22"}}}, {"type": "Feature", "id": "airport:HSSK", "geometry": {"type": "Point", "coordinates": [32.5532, 15.5895]}, "properties": {"id": "e:fac:apt-hssk", "name": "Khartoum International Airport", "kind": "airport", "iata": "KRT", "country": "SD", "municipality": "Khartoum", "function": "客货混合·农产品进境口岸", "geoPrecision": "exact", "provenance": {"provider": "OurAirports", "url": "https://davidmegginson.github.io/ourairports-data/airports.csv", "license": "Public Domain", "collectedAt": "2026-09-22"}}}, {"type": "Feature", "id": "airport:HTDA", "geometry": {"type": "Point", "coordinates": [39.207288, -6.873499]}, "properties": {"id": "e:fac:apt-htda", "name": "Julius Nyerere International Airport", "kind": "airport", "iata": "DAR", "country": "TZ", "municipality": "Dar es Salaam", "function": "客货混合·农产品进境口岸", "geoPrecision": "exact", "provenance": {"provider": "OurAirports", "url": "https://davidmegginson.github.io/ourairports-data/airports.csv", "license": "Public Domain", "collectedAt": "2026-09-22"}}}, {"type": "Feature", "id": "airport:HTKJ", "geometry": {"type": "Point", "coordinates": [37.07353, -3.427049]}, "properties": {"id": "e:fac:apt-htkj", "name": "Kilimanjaro International Airport", "kind": "airport", "iata": "JRO", "country": "TZ", "municipality": "Arusha", "function": "客货混合·农产品进境口岸", "geoPrecision": "exact", "provenance": {"provider": "OurAirports", "url": "https://davidmegginson.github.io/ourairports-data/airports.csv", "license": "Public Domain", "collectedAt": "2026-09-22"}}}, {"type": "Feature", "id": "airport:HTMW", "geometry": {"type": "Point", "coordinates": [32.936049, -2.446563]}, "properties": {"id": "e:fac:apt-htmw", "name": "Mwanza International Airport", "kind": "airport", "iata": "MWZ", "country": "TZ", "municipality": "Mwanza", "function": "客货混合·农产品进境口岸", "geoPrecision": "exact", "provenance": {"provider": "OurAirports", "url": "https://davidmegginson.github.io/ourairports-data/airports.csv", "license": "Public Domain", "collectedAt": "2026-09-22"}}}, {"type": "Feature", "id": "airport:HTZA", "geometry": {"type": "Point", "coordinates": [39.224899, -6.22202]}, "properties": {"id": "e:fac:apt-htza", "name": "Abeid Amani Karume International Airport", "kind": "airport", "iata": "ZNZ", "country": "TZ", "municipality": "Zanzibar", "function": "客货混合·农产品进境口岸", "geoPrecision": "exact", "provenance": {"provider": "OurAirports", "url": "https://davidmegginson.github.io/ourairports-data/airports.csv", "license": "Public Domain", "collectedAt": "2026-09-22"}}}, {"type": "Feature", "id": "airport:HUEN", "geometry": {"type": "Point", "coordinates": [32.443501, 0.042386]}, "properties": {"id": "e:fac:apt-huen", "name": "Entebbe International Airport", "kind": "airport", "iata": "EBB", "country": "UG", "municipality": "Entebbe", "function": "客货混合·农产品进境口岸", "geoPrecision": "exact", "provenance": {"provider": "OurAirports", "url": "https://davidmegginson.github.io/ourairports-data/airports.csv", "license": "Public Domain", "collectedAt": "2026-09-22"}}}, {"type": "Feature", "id": "airport:IN-0276", "geometry": {"type": "Point", "coordinates": [73.065253, 18.984597]}, "properties": {"id": "e:fac:apt-in-0276", "name": "Navi Mumbai International Airport", "kind": "airport", "iata": "NMI", "country": "IN", "municipality": "Navi Mumbai", "function": "客货混合·农产品进境口岸", "geoPrecision": "exact", "provenance": {"provider": "OurAirports", "url": "https://davidmegginson.github.io/ourairports-data/airports.csv", "license": "Public Domain", "collectedAt": "2026-09-22"}}}, {"type": "Feature", "id": "airport:IN-0392", "geometry": {"type": "Point", "coordinates": [77.611843, 28.179868]}, "properties": {"id": "e:fac:apt-in-0392", "name": "Noida International Airport", "kind": "airport", "iata": "DXN", "country": "IN", "municipality": "Gautam Buddha Nagar", "function": "客货混合·农产品进境口岸", "geoPrecision": "exact", "provenance": {"provider": "OurAirports", "url": "https://davidmegginson.github.io/ourairports-data/airports.csv", "license": "Public Domain", "collectedAt": "2026-09-22"}}}, {"type": "Feature", "id": "airport:KABQ", "geometry": {"type": "Point", "coordinates": [-106.608925, 35.039976]}, "properties": {"id": "e:fac:apt-kabq", "name": "Albuquerque International Sunport", "kind": "airport", "iata": "ABQ", "country": "US", "municipality": "Albuquerque", "function": "客货混合·农产品进境口岸", "geoPrecision": "exact", "provenance": {"provider": "OurAirports", "url": "https://davidmegginson.github.io/ourairports-data/airports.csv", "license": "Public Domain", "collectedAt": "2026-09-22"}}}, {"type": "Feature", "id": "airport:KALB", "geometry": {"type": "Point", "coordinates": [-73.801697, 42.748299]}, "properties": {"id": "e:fac:apt-kalb", "name": "Albany International Airport", "kind": "airport", "iata": "ALB", "country": "US", "municipality": "Albany", "function": "客货混合·农产品进境口岸", "geoPrecision": "exact", "provenance": {"provider": "OurAirports", "url": "https://davidmegginson.github.io/ourairports-data/airports.csv", "license": "Public Domain", "collectedAt": "2026-09-22"}}}, {"type": "Feature", "id": "airport:KATL", "geometry": {"type": "Point", "coordinates": [-84.428101, 33.6367]}, "properties": {"id": "e:fac:apt-katl", "name": "Hartsfield Jackson Atlanta International Airport", "kind": "airport", "iata": "ATL", "country": "US", "municipality": "Atlanta", "function": "客货混合·农产品进境口岸", "geoPrecision": "exact", "provenance": {"provider": "OurAirports", "url": "https://davidmegginson.github.io/ourairports-data/airports.csv", "license": "Public Domain", "collectedAt": "2026-09-22"}}}, {"type": "Feature", "id": "airport:KAUS", "geometry": {"type": "Point", "coordinates": [-97.662015, 30.197535]}, "properties": {"id": "e:fac:apt-kaus", "name": "Austin Bergstrom International Airport", "kind": "airport", "iata": "AUS", "country": "US", "municipality": "Austin", "function": "客货混合·农产品进境口岸", "geoPrecision": "exact", "provenance": {"provider": "OurAirports", "url": "https://davidmegginson.github.io/ourairports-data/airports.csv", "license": "Public Domain", "collectedAt": "2026-09-22"}}}, {"type": "Feature", "id": "airport:KBDL", "geometry": {"type": "Point", "coordinates": [-72.688016, 41.938555]}, "properties": {"id": "e:fac:apt-kbdl", "name": "Bradley International Airport", "kind": "airport", "iata": "BDL", "country": "US", "municipality": "Hartford", "function": "客货混合·农产品进境口岸", "geoPrecision": "exact", "provenance": {"provider": "OurAirports", "url": "https://davidmegginson.github.io/ourairports-data/airports.csv", "license": "Public Domain", "collectedAt": "2026-09-22"}}}, {"type": "Feature", "id": "airport:KBHM", "geometry": {"type": "Point", "coordinates": [-86.750712, 33.562877]}, "properties": {"id": "e:fac:apt-kbhm", "name": "Birmingham-Shuttlesworth International Airport", "kind": "airport", "iata": "BHM", "country": "US", "municipality": "Birmingham", "function": "客货混合·农产品进境口岸", "geoPrecision": "exact", "provenance": {"provider": "OurAirports", "url": "https://davidmegginson.github.io/ourairports-data/airports.csv", "license": "Public Domain", "collectedAt": "2026-09-22"}}}, {"type": "Feature", "id": "airport:KBNA", "geometry": {"type": "Point", "coordinates": [-86.6782, 36.1245]}, "properties": {"id": "e:fac:apt-kbna", "name": "Nashville International Airport", "kind": "airport", "iata": "BNA", "country": "US", "municipality": "Nashville", "function": "客货混合·农产品进境口岸", "geoPrecision": "exact", "provenance": {"provider": "OurAirports", "url": "https://davidmegginson.github.io/ourairports-data/airports.csv", "license": "Public Domain", "collectedAt": "2026-09-22"}}}, {"type": "Feature", "id": "airport:KBOI", "geometry": {"type": "Point", "coordinates": [-116.223, 43.5644]}, "properties": {"id": "e:fac:apt-kboi", "name": "Boise Air Terminal/Gowen Field", "kind": "airport", "iata": "BOI", "country": "US", "municipality": "Boise", "function": "客货混合·农产品进境口岸", "geoPrecision": "exact", "provenance": {"provider": "OurAirports", "url": "https://davidmegginson.github.io/ourairports-data/airports.csv", "license": "Public Domain", "collectedAt": "2026-09-22"}}}, {"type": "Feature", "id": "airport:KBOS", "geometry": {"type": "Point", "coordinates": [-71.0079, 42.36197]}, "properties": {"id": "e:fac:apt-kbos", "name": "Boston Logan International Airport", "kind": "airport", "iata": "BOS", "country": "US", "municipality": "Boston", "function": "客货混合·农产品进境口岸", "geoPrecision": "exact", "provenance": {"provider": "OurAirports", "url": "https://davidmegginson.github.io/ourairports-data/airports.csv", "license": "Public Domain", "collectedAt": "2026-09-22"}}}, {"type": "Feature", "id": "airport:KBUF", "geometry": {"type": "Point", "coordinates": [-78.732201, 42.940498]}, "properties": {"id": "e:fac:apt-kbuf", "name": "Buffalo Niagara International Airport", "kind": "airport", "iata": "BUF", "country": "US", "municipality": "Buffalo", "function": "客货混合·农产品进境口岸", "geoPrecision": "exact", "provenance": {"provider": "OurAirports", "url": "https://davidmegginson.github.io/ourairports-data/airports.csv", "license": "Public Domain", "collectedAt": "2026-09-22"}}}, {"type": "Feature", "id": "airport:KBUR", "geometry": {"type": "Point", "coordinates": [-118.35805, 34.202834]}, "properties": {"id": "e:fac:apt-kbur", "name": "Hollywood Burbank/Bob Hope Airport", "kind": "airport", "iata": "BUR", "country": "US", "municipality": "Burbank", "function": "客货混合·农产品进境口岸", "geoPrecision": "exact", "provenance": {"provider": "OurAirports", "url": "https://davidmegginson.github.io/ourairports-data/airports.csv", "license": "Public Domain", "collectedAt": "2026-09-22"}}}, {"type": "Feature", "id": "airport:KBWI", "geometry": {"type": "Point", "coordinates": [-76.668297, 39.1754]}, "properties": {"id": "e:fac:apt-kbwi", "name": "Baltimore/Washington International Thurgood Marshall Airport", "kind": "airport", "iata": "BWI", "country": "US", "municipality": "Baltimore", "function": "客货混合·农产品进境口岸", "geoPrecision": "exact", "provenance": {"provider": "OurAirports", "url": "https://davidmegginson.github.io/ourairports-data/airports.csv", "license": "Public Domain", "collectedAt": "2026-09-22"}}}, {"type": "Feature", "id": "airport:KCHS", "geometry": {"type": "Point", "coordinates": [-80.038151, 32.896159]}, "properties": {"id": "e:fac:apt-kchs", "name": "Charleston International Airport", "kind": "airport", "iata": "CHS", "country": "US", "municipality": "Charleston", "function": "客货混合·农产品进境口岸", "geoPrecision": "exact", "provenance": {"provider": "OurAirports", "url": "https://davidmegginson.github.io/ourairports-data/airports.csv", "license": "Public Domain", "collectedAt": "2026-09-22"}}}, {"type": "Feature", "id": "airport:KCLE", "geometry": {"type": "Point", "coordinates": [-81.8498, 41.411701]}, "properties": {"id": "e:fac:apt-kcle", "name": "Cleveland Hopkins International Airport", "kind": "airport", "iata": "CLE", "country": "US", "municipality": "Cleveland", "function": "客货混合·农产品进境口岸", "geoPrecision": "exact", "provenance": {"provider": "OurAirports", "url": "https://davidmegginson.github.io/ourairports-data/airports.csv", "license": "Public Domain", "collectedAt": "2026-09-22"}}}, {"type": "Feature", "id": "airport:KCLT", "geometry": {"type": "Point", "coordinates": [-80.9431, 35.214001]}, "properties": {"id": "e:fac:apt-kclt", "name": "Charlotte Douglas International Airport", "kind": "airport", "iata": "CLT", "country": "US", "municipality": "Charlotte", "function": "客货混合·农产品进境口岸", "geoPrecision": "exact", "provenance": {"provider": "OurAirports", "url": "https://davidmegginson.github.io/ourairports-data/airports.csv", "license": "Public Domain", "collectedAt": "2026-09-22"}}}, {"type": "Feature", "id": "airport:KCMH", "geometry": {"type": "Point", "coordinates": [-82.891899, 39.998001]}, "properties": {"id": "e:fac:apt-kcmh", "name": "John Glenn Columbus International Airport", "kind": "airport", "iata": "CMH", "country": "US", "municipality": "Columbus", "function": "客货混合·农产品进境口岸", "geoPrecision": "exact", "provenance": {"provider": "OurAirports", "url": "https://davidmegginson.github.io/ourairports-data/airports.csv", "license": "Public Domain", "collectedAt": "2026-09-22"}}}, {"type": "Feature", "id": "airport:KCOS", "geometry": {"type": "Point", "coordinates": [-104.700996, 38.805801]}, "properties": {"id": "e:fac:apt-kcos", "name": "City of Colorado Springs Municipal Airport", "kind": "airport", "iata": "COS", "country": "US", "municipality": "Colorado Springs", "function": "客货混合·农产品进境口岸", "geoPrecision": "exact", "provenance": {"provider": "OurAirports", "url": "https://davidmegginson.github.io/ourairports-data/airports.csv", "license": "Public Domain", "collectedAt": "2026-09-22"}}}, {"type": "Feature", "id": "airport:KCVG", "geometry": {"type": "Point", "coordinates": [-84.667801, 39.048801]}, "properties": {"id": "e:fac:apt-kcvg", "name": "Cincinnati Northern Kentucky International Airport", "kind": "airport", "iata": "CVG", "country": "US", "municipality": "Cincinnati / Covington", "function": "客货混合·农产品进境口岸", "geoPrecision": "exact", "provenance": {"provider": "OurAirports", "url": "https://davidmegginson.github.io/ourairports-data/airports.csv", "license": "Public Domain", "collectedAt": "2026-09-22"}}}, {"type": "Feature", "id": "airport:KDAL", "geometry": {"type": "Point", "coordinates": [-96.847653, 32.844776]}, "properties": {"id": "e:fac:apt-kdal", "name": "Dallas Love Field", "kind": "airport", "iata": "DAL", "country": "US", "municipality": "Dallas", "function": "客货混合·农产品进境口岸", "geoPrecision": "exact", "provenance": {"provider": "OurAirports", "url": "https://davidmegginson.github.io/ourairports-data/airports.csv", "license": "Public Domain", "collectedAt": "2026-09-22"}}}, {"type": "Feature", "id": "airport:KDCA", "geometry": {"type": "Point", "coordinates": [-77.037697, 38.8521]}, "properties": {"id": "e:fac:apt-kdca", "name": "Ronald Reagan Washington National Airport", "kind": "airport", "iata": "DCA", "country": "US", "municipality": "Washington", "function": "客货混合·农产品进境口岸", "geoPrecision": "exact", "provenance": {"provider": "OurAirports", "url": "https://davidmegginson.github.io/ourairports-data/airports.csv", "license": "Public Domain", "collectedAt": "2026-09-22"}}}, {"type": "Feature", "id": "airport:KDEN", "geometry": {"type": "Point", "coordinates": [-104.673792, 39.860027]}, "properties": {"id": "e:fac:apt-kden", "name": "Denver International Airport", "kind": "airport", "iata": "DEN", "country": "US", "municipality": "Denver", "function": "客货混合·农产品进境口岸", "geoPrecision": "exact", "provenance": {"provider": "OurAirports", "url": "https://davidmegginson.github.io/ourairports-data/airports.csv", "license": "Public Domain", "collectedAt": "2026-09-22"}}}, {"type": "Feature", "id": "airport:KDFW", "geometry": {"type": "Point", "coordinates": [-97.038002, 32.896801]}, "properties": {"id": "e:fac:apt-kdfw", "name": "Dallas Fort Worth International Airport", "kind": "airport", "iata": "DFW", "country": "US", "municipality": "Dallas-Fort Worth", "function": "客货混合·农产品进境口岸", "geoPrecision": "exact", "provenance": {"provider": "OurAirports", "url": "https://davidmegginson.github.io/ourairports-data/airports.csv", "license": "Public Domain", "collectedAt": "2026-09-22"}}}, {"type": "Feature", "id": "airport:KDSM", "geometry": {"type": "Point", "coordinates": [-93.656719, 41.534027]}, "properties": {"id": "e:fac:apt-kdsm", "name": "Des Moines International Airport", "kind": "airport", "iata": "DSM", "country": "US", "municipality": "Des Moines", "function": "客货混合·农产品进境口岸", "geoPrecision": "exact", "provenance": {"provider": "OurAirports", "url": "https://davidmegginson.github.io/ourairports-data/airports.csv", "license": "Public Domain", "collectedAt": "2026-09-22"}}}, {"type": "Feature", "id": "airport:KDTW", "geometry": {"type": "Point", "coordinates": [-83.353786, 42.21377]}, "properties": {"id": "e:fac:apt-kdtw", "name": "Detroit Metropolitan Wayne County Airport", "kind": "airport", "iata": "DTW", "country": "US", "municipality": "Detroit", "function": "客货混合·农产品进境口岸", "geoPrecision": "exact", "provenance": {"provider": "OurAirports", "url": "https://davidmegginson.github.io/ourairports-data/airports.csv", "license": "Public Domain", "collectedAt": "2026-09-22"}}}, {"type": "Feature", "id": "airport:KELP", "geometry": {"type": "Point", "coordinates": [-106.375607, 31.809908]}, "properties": {"id": "e:fac:apt-kelp", "name": "El Paso International Airport", "kind": "airport", "iata": "ELP", "country": "US", "municipality": "El Paso", "function": "客货混合·农产品进境口岸", "geoPrecision": "exact", "provenance": {"provider": "OurAirports", "url": "https://davidmegginson.github.io/ourairports-data/airports.csv", "license": "Public Domain", "collectedAt": "2026-09-22"}}}, {"type": "Feature", "id": "airport:KEWR", "geometry": {"type": "Point", "coordinates": [-74.170545, 40.6894]}, "properties": {"id": "e:fac:apt-kewr", "name": "Newark Liberty International Airport", "kind": "airport", "iata": "EWR", "country": "US", "municipality": "Newark", "function": "客货混合·农产品进境口岸", "geoPrecision": "exact", "provenance": {"provider": "OurAirports", "url": "https://davidmegginson.github.io/ourairports-data/airports.csv", "license": "Public Domain", "collectedAt": "2026-09-22"}}}, {"type": "Feature", "id": "airport:KFAT", "geometry": {"type": "Point", "coordinates": [-119.718018, 36.775767]}, "properties": {"id": "e:fac:apt-kfat", "name": "Fresno Yosemite International Airport", "kind": "airport", "iata": "FAT", "country": "US", "municipality": "Fresno", "function": "客货混合·农产品进境口岸", "geoPrecision": "exact", "provenance": {"provider": "OurAirports", "url": "https://davidmegginson.github.io/ourairports-data/airports.csv", "license": "Public Domain", "collectedAt": "2026-09-22"}}}, {"type": "Feature", "id": "airport:KFLL", "geometry": {"type": "Point", "coordinates": [-80.152702, 26.072599]}, "properties": {"id": "e:fac:apt-kfll", "name": "Fort Lauderdale Hollywood International Airport", "kind": "airport", "iata": "FLL", "country": "US", "municipality": "Fort Lauderdale", "function": "客货混合·农产品进境口岸", "geoPrecision": "exact", "provenance": {"provider": "OurAirports", "url": "https://davidmegginson.github.io/ourairports-data/airports.csv", "license": "Public Domain", "collectedAt": "2026-09-22"}}}, {"type": "Feature", "id": "airport:KGEG", "geometry": {"type": "Point", "coordinates": [-117.533997, 47.6199]}, "properties": {"id": "e:fac:apt-kgeg", "name": "Spokane International Airport", "kind": "airport", "iata": "GEG", "country": "US", "municipality": "Spokane", "function": "客货混合·农产品进境口岸", "geoPrecision": "exact", "provenance": {"provider": "OurAirports", "url": "https://davidmegginson.github.io/ourairports-data/airports.csv", "license": "Public Domain", "collectedAt": "2026-09-22"}}}, {"type": "Feature", "id": "airport:KGRR", "geometry": {"type": "Point", "coordinates": [-85.522797, 42.880798]}, "properties": {"id": "e:fac:apt-kgrr", "name": "Gerald R. Ford International Airport", "kind": "airport", "iata": "GRR", "country": "US", "municipality": "Grand Rapids", "function": "客货混合·农产品进境口岸", "geoPrecision": "exact", "provenance": {"provider": "OurAirports", "url": "https://davidmegginson.github.io/ourairports-data/airports.csv", "license": "Public Domain", "collectedAt": "2026-09-22"}}}, {"type": "Feature", "id": "airport:KGSO", "geometry": {"type": "Point", "coordinates": [-79.937262, 36.09937]}, "properties": {"id": "e:fac:apt-kgso", "name": "Piedmont Triad International Airport", "kind": "airport", "iata": "GSO", "country": "US", "municipality": "Greensboro", "function": "客货混合·农产品进境口岸", "geoPrecision": "exact", "provenance": {"provider": "OurAirports", "url": "https://davidmegginson.github.io/ourairports-data/airports.csv", "license": "Public Domain", "collectedAt": "2026-09-22"}}}, {"type": "Feature", "id": "airport:KH-0001", "geometry": {"type": "Point", "coordinates": [103.226652, 10.914244]}, "properties": {"id": "e:fac:apt-kh-0001", "name": "Dara Sakor International Airport", "kind": "airport", "iata": "DSY", "country": "KH", "municipality": "Ta Noun", "function": "客货混合·农产品进境口岸", "geoPrecision": "exact", "provenance": {"provider": "OurAirports", "url": "https://davidmegginson.github.io/ourairports-data/airports.csv", "license": "Public Domain", "collectedAt": "2026-09-22"}}}, {"type": "Feature", "id": "airport:KH-0002", "geometry": {"type": "Point", "coordinates": [104.921272, 11.359987]}, "properties": {"id": "e:fac:apt-kh-0002", "name": "Techo International Airport", "kind": "airport", "iata": "KTI", "country": "KH", "municipality": "Phnom Penh (Boeng Khyang)", "function": "客货混合·农产品进境口岸", "geoPrecision": "exact", "provenance": {"provider": "OurAirports", "url": "https://davidmegginson.github.io/ourairports-data/airports.csv", "license": "Public Domain", "collectedAt": "2026-09-22"}}}, {"type": "Feature", "id": "airport:KHOU", "geometry": {"type": "Point", "coordinates": [-95.276812, 29.645336]}, "properties": {"id": "e:fac:apt-khou", "name": "William P. Hobby Airport", "kind": "airport", "iata": "HOU", "country": "US", "municipality": "Houston", "function": "客货混合·农产品进境口岸", "geoPrecision": "exact", "provenance": {"provider": "OurAirports", "url": "https://davidmegginson.github.io/ourairports-data/airports.csv", "license": "Public Domain", "collectedAt": "2026-09-22"}}}, {"type": "Feature", "id": "airport:KIAD", "geometry": {"type": "Point", "coordinates": [-77.455803, 38.9445]}, "properties": {"id": "e:fac:apt-kiad", "name": "Washington Dulles International Airport", "kind": "airport", "iata": "IAD", "country": "US", "municipality": "Dulles", "function": "客货混合·农产品进境口岸", "geoPrecision": "exact", "provenance": {"provider": "OurAirports", "url": "https://davidmegginson.github.io/ourairports-data/airports.csv", "license": "Public Domain", "collectedAt": "2026-09-22"}}}, {"type": "Feature", "id": "airport:KIAH", "geometry": {"type": "Point", "coordinates": [-95.3414, 29.9844]}, "properties": {"id": "e:fac:apt-kiah", "name": "George Bush Intercontinental Airport", "kind": "airport", "iata": "IAH", "country": "US", "municipality": "Houston", "function": "客货混合·农产品进境口岸", "geoPrecision": "exact", "provenance": {"provider": "OurAirports", "url": "https://davidmegginson.github.io/ourairports-data/airports.csv", "license": "Public Domain", "collectedAt": "2026-09-22"}}}, {"type": "Feature", "id": "airport:KIND", "geometry": {"type": "Point", "coordinates": [-86.294403, 39.7173]}, "properties": {"id": "e:fac:apt-kind", "name": "Indianapolis International Airport", "kind": "airport", "iata": "IND", "country": "US", "municipality": "Indianapolis", "function": "客货混合·农产品进境口岸", "geoPrecision": "exact", "provenance": {"provider": "OurAirports", "url": "https://davidmegginson.github.io/ourairports-data/airports.csv", "license": "Public Domain", "collectedAt": "2026-09-22"}}}, {"type": "Feature", "id": "airport:KJAX", "geometry": {"type": "Point", "coordinates": [-81.687813, 30.492469]}, "properties": {"id": "e:fac:apt-kjax", "name": "Jacksonville International Airport", "kind": "airport", "iata": "JAX", "country": "US", "municipality": "Jacksonville", "function": "客货混合·农产品进境口岸", "geoPrecision": "exact", "provenance": {"provider": "OurAirports", "url": "https://davidmegginson.github.io/ourairports-data/airports.csv", "license": "Public Domain", "collectedAt": "2026-09-22"}}}, {"type": "Feature", "id": "airport:KJFK", "geometry": {"type": "Point", "coordinates": [-73.779317, 40.639447]}, "properties": {"id": "e:fac:apt-kjfk", "name": "John F. Kennedy International Airport", "kind": "airport", "iata": "JFK", "country": "US", "municipality": "New York", "function": "客货混合·农产品进境口岸", "geoPrecision": "exact", "provenance": {"provider": "OurAirports", "url": "https://davidmegginson.github.io/ourairports-data/airports.csv", "license": "Public Domain", "collectedAt": "2026-09-22"}}}, {"type": "Feature", "id": "airport:KLAS", "geometry": {"type": "Point", "coordinates": [-115.151817, 36.083361]}, "properties": {"id": "e:fac:apt-klas", "name": "Harry Reid International Airport", "kind": "airport", "iata": "LAS", "country": "US", "municipality": "Las Vegas", "function": "客货混合·农产品进境口岸", "geoPrecision": "exact", "provenance": {"provider": "OurAirports", "url": "https://davidmegginson.github.io/ourairports-data/airports.csv", "license": "Public Domain", "collectedAt": "2026-09-22"}}}, {"type": "Feature", "id": "airport:KLAX", "geometry": {"type": "Point", "coordinates": [-118.407997, 33.942501]}, "properties": {"id": "e:fac:apt-klax", "name": "Los Angeles International Airport", "kind": "airport", "iata": "LAX", "country": "US", "municipality": "Los Angeles", "function": "客货混合·农产品进境口岸", "geoPrecision": "exact", "provenance": {"provider": "OurAirports", "url": "https://davidmegginson.github.io/ourairports-data/airports.csv", "license": "Public Domain", "collectedAt": "2026-09-22"}}}, {"type": "Feature", "id": "airport:KLGA", "geometry": {"type": "Point", "coordinates": [-73.872597, 40.777199]}, "properties": {"id": "e:fac:apt-klga", "name": "LaGuardia Airport", "kind": "airport", "iata": "LGA", "country": "US", "municipality": "New York", "function": "客货混合·农产品进境口岸", "geoPrecision": "exact", "provenance": {"provider": "OurAirports", "url": "https://davidmegginson.github.io/ourairports-data/airports.csv", "license": "Public Domain", "collectedAt": "2026-09-22"}}}, {"type": "Feature", "id": "airport:KLGB", "geometry": {"type": "Point", "coordinates": [-118.149891, 33.816523]}, "properties": {"id": "e:fac:apt-klgb", "name": "Long Beach International Airport", "kind": "airport", "iata": "LGB", "country": "US", "municipality": "Long Beach", "function": "客货混合·农产品进境口岸", "geoPrecision": "exact", "provenance": {"provider": "OurAirports", "url": "https://davidmegginson.github.io/ourairports-data/airports.csv", "license": "Public Domain", "collectedAt": "2026-09-22"}}}, {"type": "Feature", "id": "airport:KMCI", "geometry": {"type": "Point", "coordinates": [-94.713893, 39.301699]}, "properties": {"id": "e:fac:apt-kmci", "name": "Kansas City International Airport", "kind": "airport", "iata": "MCI", "country": "US", "municipality": "Kansas City", "function": "客货混合·农产品进境口岸", "geoPrecision": "exact", "provenance": {"provider": "OurAirports", "url": "https://davidmegginson.github.io/ourairports-data/airports.csv", "license": "Public Domain", "collectedAt": "2026-09-22"}}}, {"type": "Feature", "id": "airport:KMCO", "geometry": {"type": "Point", "coordinates": [-81.308998, 28.429399]}, "properties": {"id": "e:fac:apt-kmco", "name": "Orlando International Airport", "kind": "airport", "iata": "MCO", "country": "US", "municipality": "Orlando", "function": "客货混合·农产品进境口岸", "geoPrecision": "exact", "provenance": {"provider": "OurAirports", "url": "https://davidmegginson.github.io/ourairports-data/airports.csv", "license": "Public Domain", "collectedAt": "2026-09-22"}}}, {"type": "Feature", "id": "airport:KMDW", "geometry": {"type": "Point", "coordinates": [-87.752403, 41.785999]}, "properties": {"id": "e:fac:apt-kmdw", "name": "Chicago Midway International Airport", "kind": "airport", "iata": "MDW", "country": "US", "municipality": "Chicago", "function": "客货混合·农产品进境口岸", "geoPrecision": "exact", "provenance": {"provider": "OurAirports", "url": "https://davidmegginson.github.io/ourairports-data/airports.csv", "license": "Public Domain", "collectedAt": "2026-09-22"}}}, {"type": "Feature", "id": "airport:KMEM", "geometry": {"type": "Point", "coordinates": [-89.97634, 35.043845]}, "properties": {"id": "e:fac:apt-kmem", "name": "Frederick W. Smith International Airport", "kind": "airport", "iata": "MEM", "country": "US", "municipality": "Memphis", "function": "客货混合·农产品进境口岸", "geoPrecision": "exact", "provenance": {"provider": "OurAirports", "url": "https://davidmegginson.github.io/ourairports-data/airports.csv", "license": "Public Domain", "collectedAt": "2026-09-22"}}}, {"type": "Feature", "id": "airport:KMIA", "geometry": {"type": "Point", "coordinates": [-80.289751, 25.796011]}, "properties": {"id": "e:fac:apt-kmia", "name": "Miami International Airport", "kind": "airport", "iata": "MIA", "country": "US", "municipality": "Miami", "function": "客货混合·农产品进境口岸", "geoPrecision": "exact", "provenance": {"provider": "OurAirports", "url": "https://davidmegginson.github.io/ourairports-data/airports.csv", "license": "Public Domain", "collectedAt": "2026-09-22"}}}, {"type": "Feature", "id": "airport:KMKE", "geometry": {"type": "Point", "coordinates": [-87.896599, 42.947201]}, "properties": {"id": "e:fac:apt-kmke", "name": "General Mitchell International Airport", "kind": "airport", "iata": "MKE", "country": "US", "municipality": "Milwaukee", "function": "客货混合·农产品进境口岸", "geoPrecision": "exact", "provenance": {"provider": "OurAirports", "url": "https://davidmegginson.github.io/ourairports-data/airports.csv", "license": "Public Domain", "collectedAt": "2026-09-22"}}}, {"type": "Feature", "id": "airport:KMSP", "geometry": {"type": "Point", "coordinates": [-93.221741, 44.880081]}, "properties": {"id": "e:fac:apt-kmsp", "name": "Minneapolis–Saint Paul International Airport / Wold–Chamberlain Field", "kind": "airport", "iata": "MSP", "country": "US", "municipality": "Minneapolis", "function": "客货混合·农产品进境口岸", "geoPrecision": "exact", "provenance": {"provider": "OurAirports", "url": "https://davidmegginson.github.io/ourairports-data/airports.csv", "license": "Public Domain", "collectedAt": "2026-09-22"}}}, {"type": "Feature", "id": "airport:KMSY", "geometry": {"type": "Point", "coordinates": [-90.264673, 29.993401]}, "properties": {"id": "e:fac:apt-kmsy", "name": "Louis Armstrong New Orleans International Airport", "kind": "airport", "iata": "MSY", "country": "US", "municipality": "New Orleans", "function": "客货混合·农产品进境口岸", "geoPrecision": "exact", "provenance": {"provider": "OurAirports", "url": "https://davidmegginson.github.io/ourairports-data/airports.csv", "license": "Public Domain", "collectedAt": "2026-09-22"}}}, {"type": "Feature", "id": "airport:KMYR", "geometry": {"type": "Point", "coordinates": [-78.928299, 33.679699]}, "properties": {"id": "e:fac:apt-kmyr", "name": "Myrtle Beach International Airport", "kind": "airport", "iata": "MYR", "country": "US", "municipality": "Myrtle Beach", "function": "客货混合·农产品进境口岸", "geoPrecision": "exact", "provenance": {"provider": "OurAirports", "url": "https://davidmegginson.github.io/ourairports-data/airports.csv", "license": "Public Domain", "collectedAt": "2026-09-22"}}}, {"type": "Feature", "id": "airport:KOAK", "geometry": {"type": "Point", "coordinates": [-122.221184, 37.720085]}, "properties": {"id": "e:fac:apt-koak", "name": "Oakland San Francisco Bay Airport", "kind": "airport", "iata": "OAK", "country": "US", "municipality": "Oakland", "function": "客货混合·农产品进境口岸", "geoPrecision": "exact", "provenance": {"provider": "OurAirports", "url": "https://davidmegginson.github.io/ourairports-data/airports.csv", "license": "Public Domain", "collectedAt": "2026-09-22"}}}, {"type": "Feature", "id": "airport:KOKC", "geometry": {"type": "Point", "coordinates": [-97.598248, 35.393388]}, "properties": {"id": "e:fac:apt-kokc", "name": "OKC Will Rogers World Airport", "kind": "airport", "iata": "OKC", "country": "US", "municipality": "Oklahoma City", "function": "客货混合·农产品进境口岸", "geoPrecision": "exact", "provenance": {"provider": "OurAirports", "url": "https://davidmegginson.github.io/ourairports-data/airports.csv", "license": "Public Domain", "collectedAt": "2026-09-22"}}}, {"type": "Feature", "id": "airport:KOMA", "geometry": {"type": "Point", "coordinates": [-95.894096, 41.3032]}, "properties": {"id": "e:fac:apt-koma", "name": "Eppley Airfield", "kind": "airport", "iata": "OMA", "country": "US", "municipality": "Omaha", "function": "客货混合·农产品进境口岸", "geoPrecision": "exact", "provenance": {"provider": "OurAirports", "url": "https://davidmegginson.github.io/ourairports-data/airports.csv", "license": "Public Domain", "collectedAt": "2026-09-22"}}}, {"type": "Feature", "id": "airport:KONT", "geometry": {"type": "Point", "coordinates": [-117.600998, 34.056]}, "properties": {"id": "e:fac:apt-kont", "name": "Ontario International Airport", "kind": "airport", "iata": "ONT", "country": "US", "municipality": "Ontario", "function": "客货混合·农产品进境口岸", "geoPrecision": "exact", "provenance": {"provider": "OurAirports", "url": "https://davidmegginson.github.io/ourairports-data/airports.csv", "license": "Public Domain", "collectedAt": "2026-09-22"}}}, {"type": "Feature", "id": "airport:KORD", "geometry": {"type": "Point", "coordinates": [-87.9048, 41.9786]}, "properties": {"id": "e:fac:apt-kord", "name": "Chicago O'Hare International Airport", "kind": "airport", "iata": "ORD", "country": "US", "municipality": "Chicago", "function": "客货混合·农产品进境口岸", "geoPrecision": "exact", "provenance": {"provider": "OurAirports", "url": "https://davidmegginson.github.io/ourairports-data/airports.csv", "license": "Public Domain", "collectedAt": "2026-09-22"}}}, {"type": "Feature", "id": "airport:KORF", "geometry": {"type": "Point", "coordinates": [-76.201, 36.895341]}, "properties": {"id": "e:fac:apt-korf", "name": "Norfolk International Airport", "kind": "airport", "iata": "ORF", "country": "US", "municipality": "Norfolk", "function": "客货混合·农产品进境口岸", "geoPrecision": "exact", "provenance": {"provider": "OurAirports", "url": "https://davidmegginson.github.io/ourairports-data/airports.csv", "license": "Public Domain", "collectedAt": "2026-09-22"}}}, {"type": "Feature", "id": "airport:KPBI", "geometry": {"type": "Point", "coordinates": [-80.095596, 26.683201]}, "properties": {"id": "e:fac:apt-kpbi", "name": "President Donald J. Trump International Airport", "kind": "airport", "iata": "DJT", "country": "US", "municipality": "West Palm Beach", "function": "客货混合·农产品进境口岸", "geoPrecision": "exact", "provenance": {"provider": "OurAirports", "url": "https://davidmegginson.github.io/ourairports-data/airports.csv", "license": "Public Domain", "collectedAt": "2026-09-22"}}}, {"type": "Feature", "id": "airport:KPDX", "geometry": {"type": "Point", "coordinates": [-122.598, 45.588699]}, "properties": {"id": "e:fac:apt-kpdx", "name": "Portland International Airport", "kind": "airport", "iata": "PDX", "country": "US", "municipality": "Portland", "function": "客货混合·农产品进境口岸", "geoPrecision": "exact", "provenance": {"provider": "OurAirports", "url": "https://davidmegginson.github.io/ourairports-data/airports.csv", "license": "Public Domain", "collectedAt": "2026-09-22"}}}, {"type": "Feature", "id": "airport:KPHL", "geometry": {"type": "Point", "coordinates": [-75.241096, 39.871899]}, "properties": {"id": "e:fac:apt-kphl", "name": "Philadelphia International Airport", "kind": "airport", "iata": "PHL", "country": "US", "municipality": "Philadelphia", "function": "客货混合·农产品进境口岸", "geoPrecision": "exact", "provenance": {"provider": "OurAirports", "url": "https://davidmegginson.github.io/ourairports-data/airports.csv", "license": "Public Domain", "collectedAt": "2026-09-22"}}}, {"type": "Feature", "id": "airport:KPHX", "geometry": {"type": "Point", "coordinates": [-112.005905, 33.435302]}, "properties": {"id": "e:fac:apt-kphx", "name": "Phoenix Sky Harbor International Airport", "kind": "airport", "iata": "PHX", "country": "US", "municipality": "Phoenix", "function": "客货混合·农产品进境口岸", "geoPrecision": "exact", "provenance": {"provider": "OurAirports", "url": "https://davidmegginson.github.io/ourairports-data/airports.csv", "license": "Public Domain", "collectedAt": "2026-09-22"}}}, {"type": "Feature", "id": "airport:KPIE", "geometry": {"type": "Point", "coordinates": [-82.687401, 27.9102]}, "properties": {"id": "e:fac:apt-kpie", "name": "St. Petersburg Clearwater International Airport", "kind": "airport", "iata": "PIE", "country": "US", "municipality": "Pinellas Park", "function": "客货混合·农产品进境口岸", "geoPrecision": "exact", "provenance": {"provider": "OurAirports", "url": "https://davidmegginson.github.io/ourairports-data/airports.csv", "license": "Public Domain", "collectedAt": "2026-09-22"}}}, {"type": "Feature", "id": "airport:KPIT", "geometry": {"type": "Point", "coordinates": [-80.232903, 40.491501]}, "properties": {"id": "e:fac:apt-kpit", "name": "Pittsburgh International Airport", "kind": "airport", "iata": "PIT", "country": "US", "municipality": "Pittsburgh", "function": "客货混合·农产品进境口岸", "geoPrecision": "exact", "provenance": {"provider": "OurAirports", "url": "https://davidmegginson.github.io/ourairports-data/airports.csv", "license": "Public Domain", "collectedAt": "2026-09-22"}}}, {"type": "Feature", "id": "airport:KPNS", "geometry": {"type": "Point", "coordinates": [-87.186639, 30.472718]}, "properties": {"id": "e:fac:apt-kpns", "name": "Pensacola International Airport", "kind": "airport", "iata": "PNS", "country": "US", "municipality": "Pensacola", "function": "客货混合·农产品进境口岸", "geoPrecision": "exact", "provenance": {"provider": "OurAirports", "url": "https://davidmegginson.github.io/ourairports-data/airports.csv", "license": "Public Domain", "collectedAt": "2026-09-22"}}}, {"type": "Feature", "id": "airport:KPSP", "geometry": {"type": "Point", "coordinates": [-116.507004, 33.8297]}, "properties": {"id": "e:fac:apt-kpsp", "name": "Palm Springs International Airport", "kind": "airport", "iata": "PSP", "country": "US", "municipality": "Palm Springs", "function": "客货混合·农产品进境口岸", "geoPrecision": "exact", "provenance": {"provider": "OurAirports", "url": "https://davidmegginson.github.io/ourairports-data/airports.csv", "license": "Public Domain", "collectedAt": "2026-09-22"}}}, {"type": "Feature", "id": "airport:KPVD", "geometry": {"type": "Point", "coordinates": [-71.425668, 41.725038]}, "properties": {"id": "e:fac:apt-kpvd", "name": "Rhode Island T. F. Green International Airport", "kind": "airport", "iata": "PVD", "country": "US", "municipality": "Providence/Warwick", "function": "客货混合·农产品进境口岸", "geoPrecision": "exact", "provenance": {"provider": "OurAirports", "url": "https://davidmegginson.github.io/ourairports-data/airports.csv", "license": "Public Domain", "collectedAt": "2026-09-22"}}}, {"type": "Feature", "id": "airport:KPWM", "geometry": {"type": "Point", "coordinates": [-70.309303, 43.646198]}, "properties": {"id": "e:fac:apt-kpwm", "name": "Portland International Jetport", "kind": "airport", "iata": "PWM", "country": "US", "municipality": "Portland", "function": "客货混合·农产品进境口岸", "geoPrecision": "exact", "provenance": {"provider": "OurAirports", "url": "https://davidmegginson.github.io/ourairports-data/airports.csv", "license": "Public Domain", "collectedAt": "2026-09-22"}}}, {"type": "Feature", "id": "airport:KRDU", "geometry": {"type": "Point", "coordinates": [-78.7873, 35.878659]}, "properties": {"id": "e:fac:apt-krdu", "name": "Raleigh-Durham International Airport", "kind": "airport", "iata": "RDU", "country": "US", "municipality": "Raleigh/Durham", "function": "客货混合·农产品进境口岸", "geoPrecision": "exact", "provenance": {"provider": "OurAirports", "url": "https://davidmegginson.github.io/ourairports-data/airports.csv", "license": "Public Domain", "collectedAt": "2026-09-22"}}}, {"type": "Feature", "id": "airport:KRIC", "geometry": {"type": "Point", "coordinates": [-77.319702, 37.505199]}, "properties": {"id": "e:fac:apt-kric", "name": "Richmond International Airport", "kind": "airport", "iata": "RIC", "country": "US", "municipality": "Richmond", "function": "客货混合·农产品进境口岸", "geoPrecision": "exact", "provenance": {"provider": "OurAirports", "url": "https://davidmegginson.github.io/ourairports-data/airports.csv", "license": "Public Domain", "collectedAt": "2026-09-22"}}}, {"type": "Feature", "id": "airport:KRNO", "geometry": {"type": "Point", "coordinates": [-119.767998, 39.4991]}, "properties": {"id": "e:fac:apt-krno", "name": "Reno Tahoe International Airport", "kind": "airport", "iata": "RNO", "country": "US", "municipality": "Reno", "function": "客货混合·农产品进境口岸", "geoPrecision": "exact", "provenance": {"provider": "OurAirports", "url": "https://davidmegginson.github.io/ourairports-data/airports.csv", "license": "Public Domain", "collectedAt": "2026-09-22"}}}, {"type": "Feature", "id": "airport:KROC", "geometry": {"type": "Point", "coordinates": [-77.672401, 43.1189]}, "properties": {"id": "e:fac:apt-kroc", "name": "Frederick Douglass Greater Rochester International Airport", "kind": "airport", "iata": "ROC", "country": "US", "municipality": "Rochester", "function": "客货混合·农产品进境口岸", "geoPrecision": "exact", "provenance": {"provider": "OurAirports", "url": "https://davidmegginson.github.io/ourairports-data/airports.csv", "license": "Public Domain", "collectedAt": "2026-09-22"}}}, {"type": "Feature", "id": "airport:KRSW", "geometry": {"type": "Point", "coordinates": [-81.752816, 26.534685]}, "properties": {"id": "e:fac:apt-krsw", "name": "Southwest Florida International Airport", "kind": "airport", "iata": "RSW", "country": "US", "municipality": "Fort Myers", "function": "客货混合·农产品进境口岸", "geoPrecision": "exact", "provenance": {"provider": "OurAirports", "url": "https://davidmegginson.github.io/ourairports-data/airports.csv", "license": "Public Domain", "collectedAt": "2026-09-22"}}}, {"type": "Feature", "id": "airport:KSAN", "geometry": {"type": "Point", "coordinates": [-117.190002, 32.733601]}, "properties": {"id": "e:fac:apt-ksan", "name": "San Diego International Airport", "kind": "airport", "iata": "SAN", "country": "US", "municipality": "San Diego", "function": "客货混合·农产品进境口岸", "geoPrecision": "exact", "provenance": {"provider": "OurAirports", "url": "https://davidmegginson.github.io/ourairports-data/airports.csv", "license": "Public Domain", "collectedAt": "2026-09-22"}}}, {"type": "Feature", "id": "airport:KSAT", "geometry": {"type": "Point", "coordinates": [-98.469803, 29.533701]}, "properties": {"id": "e:fac:apt-ksat", "name": "San Antonio International Airport", "kind": "airport", "iata": "SAT", "country": "US", "municipality": "San Antonio", "function": "客货混合·农产品进境口岸", "geoPrecision": "exact", "provenance": {"provider": "OurAirports", "url": "https://davidmegginson.github.io/ourairports-data/airports.csv", "license": "Public Domain", "collectedAt": "2026-09-22"}}}, {"type": "Feature", "id": "airport:KSAV", "geometry": {"type": "Point", "coordinates": [-81.19998, 32.126591]}, "properties": {"id": "e:fac:apt-ksav", "name": "Savannah Hilton Head International Airport", "kind": "airport", "iata": "SAV", "country": "US", "municipality": "Savannah", "function": "客货混合·农产品进境口岸", "geoPrecision": "exact", "provenance": {"provider": "OurAirports", "url": "https://davidmegginson.github.io/ourairports-data/airports.csv", "license": "Public Domain", "collectedAt": "2026-09-22"}}}, {"type": "Feature", "id": "airport:KSBD", "geometry": {"type": "Point", "coordinates": [-117.236596, 34.096717]}, "properties": {"id": "e:fac:apt-ksbd", "name": "San Bernardino International Airport", "kind": "airport", "iata": "SBD", "country": "US", "municipality": "San Bernardino", "function": "客货混合·农产品进境口岸", "geoPrecision": "exact", "provenance": {"provider": "OurAirports", "url": "https://davidmegginson.github.io/ourairports-data/airports.csv", "license": "Public Domain", "collectedAt": "2026-09-22"}}}, {"type": "Feature", "id": "airport:KSDF", "geometry": {"type": "Point", "coordinates": [-85.735076, 38.1706]}, "properties": {"id": "e:fac:apt-ksdf", "name": "Louisville Muhammad Ali International Airport", "kind": "airport", "iata": "SDF", "country": "US", "municipality": "Louisville", "function": "客货混合·农产品进境口岸", "geoPrecision": "exact", "provenance": {"provider": "OurAirports", "url": "https://davidmegginson.github.io/ourairports-data/airports.csv", "license": "Public Domain", "collectedAt": "2026-09-22"}}}, {"type": "Feature", "id": "airport:KSEA", "geometry": {"type": "Point", "coordinates": [-122.310276, 47.447943]}, "properties": {"id": "e:fac:apt-ksea", "name": "Seattle–Tacoma International Airport", "kind": "airport", "iata": "SEA", "country": "US", "municipality": "Seattle", "function": "客货混合·农产品进境口岸", "geoPrecision": "exact", "provenance": {"provider": "OurAirports", "url": "https://davidmegginson.github.io/ourairports-data/airports.csv", "license": "Public Domain", "collectedAt": "2026-09-22"}}}, {"type": "Feature", "id": "airport:KSFB", "geometry": {"type": "Point", "coordinates": [-81.234626, 28.774277]}, "properties": {"id": "e:fac:apt-ksfb", "name": "Orlando Sanford International Airport", "kind": "airport", "iata": "SFB", "country": "US", "municipality": "Orlando", "function": "客货混合·农产品进境口岸", "geoPrecision": "exact", "provenance": {"provider": "OurAirports", "url": "https://davidmegginson.github.io/ourairports-data/airports.csv", "license": "Public Domain", "collectedAt": "2026-09-22"}}}, {"type": "Feature", "id": "airport:KSFO", "geometry": {"type": "Point", "coordinates": [-122.374821, 37.619806]}, "properties": {"id": "e:fac:apt-ksfo", "name": "San Francisco International Airport", "kind": "airport", "iata": "SFO", "country": "US", "municipality": "San Francisco", "function": "客货混合·农产品进境口岸", "geoPrecision": "exact", "provenance": {"provider": "OurAirports", "url": "https://davidmegginson.github.io/ourairports-data/airports.csv", "license": "Public Domain", "collectedAt": "2026-09-22"}}}, {"type": "Feature", "id": "airport:KSJC", "geometry": {"type": "Point", "coordinates": [-121.929188, 37.362452]}, "properties": {"id": "e:fac:apt-ksjc", "name": "Mineta San Jose International Airport", "kind": "airport", "iata": "SJC", "country": "US", "municipality": "San Jose", "function": "客货混合·农产品进境口岸", "geoPrecision": "exact", "provenance": {"provider": "OurAirports", "url": "https://davidmegginson.github.io/ourairports-data/airports.csv", "license": "Public Domain", "collectedAt": "2026-09-22"}}}, {"type": "Feature", "id": "airport:KSLC", "geometry": {"type": "Point", "coordinates": [-111.979866, 40.78886]}, "properties": {"id": "e:fac:apt-kslc", "name": "Salt Lake City International Airport", "kind": "airport", "iata": "SLC", "country": "US", "municipality": "Salt Lake City", "function": "客货混合·农产品进境口岸", "geoPrecision": "exact", "provenance": {"provider": "OurAirports", "url": "https://davidmegginson.github.io/ourairports-data/airports.csv", "license": "Public Domain", "collectedAt": "2026-09-22"}}}, {"type": "Feature", "id": "airport:KSMF", "geometry": {"type": "Point", "coordinates": [-121.591003, 38.6954]}, "properties": {"id": "e:fac:apt-ksmf", "name": "Sacramento International Airport", "kind": "airport", "iata": "SMF", "country": "US", "municipality": "Sacramento", "function": "客货混合·农产品进境口岸", "geoPrecision": "exact", "provenance": {"provider": "OurAirports", "url": "https://davidmegginson.github.io/ourairports-data/airports.csv", "license": "Public Domain", "collectedAt": "2026-09-22"}}}, {"type": "Feature", "id": "airport:KSNA", "geometry": {"type": "Point", "coordinates": [-117.869281, 33.675063]}, "properties": {"id": "e:fac:apt-ksna", "name": "John Wayne Orange County International Airport", "kind": "airport", "iata": "SNA", "country": "US", "municipality": "Santa Ana", "function": "客货混合·农产品进境口岸", "geoPrecision": "exact", "provenance": {"provider": "OurAirports", "url": "https://davidmegginson.github.io/ourairports-data/airports.csv", "license": "Public Domain", "collectedAt": "2026-09-22"}}}, {"type": "Feature", "id": "airport:KSRQ", "geometry": {"type": "Point", "coordinates": [-82.554359, 27.394631]}, "properties": {"id": "e:fac:apt-ksrq", "name": "Sarasota Bradenton International Airport", "kind": "airport", "iata": "SRQ", "country": "US", "municipality": "Sarasota/Bradenton", "function": "客货混合·农产品进境口岸", "geoPrecision": "exact", "provenance": {"provider": "OurAirports", "url": "https://davidmegginson.github.io/ourairports-data/airports.csv", "license": "Public Domain", "collectedAt": "2026-09-22"}}}, {"type": "Feature", "id": "airport:KSTL", "geometry": {"type": "Point", "coordinates": [-90.370003, 38.748697]}, "properties": {"id": "e:fac:apt-kstl", "name": "St. Louis Lambert International Airport", "kind": "airport", "iata": "STL", "country": "US", "municipality": "St Louis", "function": "客货混合·农产品进境口岸", "geoPrecision": "exact", "provenance": {"provider": "OurAirports", "url": "https://davidmegginson.github.io/ourairports-data/airports.csv", "license": "Public Domain", "collectedAt": "2026-09-22"}}}, {"type": "Feature", "id": "airport:KSYR", "geometry": {"type": "Point", "coordinates": [-76.1063, 43.111198]}, "properties": {"id": "e:fac:apt-ksyr", "name": "Syracuse Hancock International Airport", "kind": "airport", "iata": "SYR", "country": "US", "municipality": "Syracuse", "function": "客货混合·农产品进境口岸", "geoPrecision": "exact", "provenance": {"provider": "OurAirports", "url": "https://davidmegginson.github.io/ourairports-data/airports.csv", "license": "Public Domain", "collectedAt": "2026-09-22"}}}, {"type": "Feature", "id": "airport:KTPA", "geometry": {"type": "Point", "coordinates": [-82.533203, 27.9755]}, "properties": {"id": "e:fac:apt-ktpa", "name": "Tampa International Airport", "kind": "airport", "iata": "TPA", "country": "US", "municipality": "Tampa", "function": "客货混合·农产品进境口岸", "geoPrecision": "exact", "provenance": {"provider": "OurAirports", "url": "https://davidmegginson.github.io/ourairports-data/airports.csv", "license": "Public Domain", "collectedAt": "2026-09-22"}}}, {"type": "Feature", "id": "airport:KTUL", "geometry": {"type": "Point", "coordinates": [-95.886225, 36.197084]}, "properties": {"id": "e:fac:apt-ktul", "name": "Tulsa International Airport", "kind": "airport", "iata": "TUL", "country": "US", "municipality": "Tulsa", "function": "客货混合·农产品进境口岸", "geoPrecision": "exact", "provenance": {"provider": "OurAirports", "url": "https://davidmegginson.github.io/ourairports-data/airports.csv", "license": "Public Domain", "collectedAt": "2026-09-22"}}}, {"type": "Feature", "id": "airport:KTUS", "geometry": {"type": "Point", "coordinates": [-110.938053, 32.115004]}, "properties": {"id": "e:fac:apt-ktus", "name": "Tucson International Airport", "kind": "airport", "iata": "TUS", "country": "US", "municipality": "Tucson", "function": "客货混合·农产品进境口岸", "geoPrecision": "exact", "provenance": {"provider": "OurAirports", "url": "https://davidmegginson.github.io/ourairports-data/airports.csv", "license": "Public Domain", "collectedAt": "2026-09-22"}}}, {"type": "Feature", "id": "airport:KTYS", "geometry": {"type": "Point", "coordinates": [-83.994003, 35.811001]}, "properties": {"id": "e:fac:apt-ktys", "name": "McGhee Tyson Airport", "kind": "airport", "iata": "TYS", "country": "US", "municipality": "Knoxville/Maryville", "function": "客货混合·农产品进境口岸", "geoPrecision": "exact", "provenance": {"provider": "OurAirports", "url": "https://davidmegginson.github.io/ourairports-data/airports.csv", "license": "Public Domain", "collectedAt": "2026-09-22"}}}, {"type": "Feature", "id": "airport:LATI", "geometry": {"type": "Point", "coordinates": [19.7206, 41.4147]}, "properties": {"id": "e:fac:apt-lati", "name": "Tirana International Airport Mother Teresa", "kind": "airport", "iata": "TIA", "country": "AL", "municipality": "Rinas", "function": "客货混合·农产品进境口岸", "geoPrecision": "exact", "provenance": {"provider": "OurAirports", "url": "https://davidmegginson.github.io/ourairports-data/airports.csv", "license": "Public Domain", "collectedAt": "2026-09-22"}}}, {"type": "Feature", "id": "airport:LBBG", "geometry": {"type": "Point", "coordinates": [27.515173, 42.569917]}, "properties": {"id": "e:fac:apt-lbbg", "name": "Burgas Airport", "kind": "airport", "iata": "BOJ", "country": "BG", "municipality": "Burgas", "function": "客货混合·农产品进境口岸", "geoPrecision": "exact", "provenance": {"provider": "OurAirports", "url": "https://davidmegginson.github.io/ourairports-data/airports.csv", "license": "Public Domain", "collectedAt": "2026-09-22"}}}, {"type": "Feature", "id": "airport:LBPD", "geometry": {"type": "Point", "coordinates": [24.8508, 42.067799]}, "properties": {"id": "e:fac:apt-lbpd", "name": "Plovdiv International Airport", "kind": "airport", "iata": "PDV", "country": "BG", "municipality": "Plovdiv", "function": "客货混合·农产品进境口岸", "geoPrecision": "exact", "provenance": {"provider": "OurAirports", "url": "https://davidmegginson.github.io/ourairports-data/airports.csv", "license": "Public Domain", "collectedAt": "2026-09-22"}}}, {"type": "Feature", "id": "airport:LBSF", "geometry": {"type": "Point", "coordinates": [23.417671, 42.696357]}, "properties": {"id": "e:fac:apt-lbsf", "name": "Sofia Airport", "kind": "airport", "iata": "SOF", "country": "BG", "municipality": "Sofia", "function": "客货混合·农产品进境口岸", "geoPrecision": "exact", "provenance": {"provider": "OurAirports", "url": "https://davidmegginson.github.io/ourairports-data/airports.csv", "license": "Public Domain", "collectedAt": "2026-09-22"}}}, {"type": "Feature", "id": "airport:LBWN", "geometry": {"type": "Point", "coordinates": [27.8251, 43.232101]}, "properties": {"id": "e:fac:apt-lbwn", "name": "Varna Airport", "kind": "airport", "iata": "VAR", "country": "BG", "municipality": "Varna", "function": "客货混合·农产品进境口岸", "geoPrecision": "exact", "provenance": {"provider": "OurAirports", "url": "https://davidmegginson.github.io/ourairports-data/airports.csv", "license": "Public Domain", "collectedAt": "2026-09-22"}}}, {"type": "Feature", "id": "airport:LCEN", "geometry": {"type": "Point", "coordinates": [33.507352, 35.153064]}, "properties": {"id": "e:fac:apt-lcen", "name": "Ercan International Airport", "kind": "airport", "iata": "ECN", "country": "CY", "municipality": "Tymbou (Kirklar)", "function": "客货混合·农产品进境口岸", "geoPrecision": "exact", "provenance": {"provider": "OurAirports", "url": "https://davidmegginson.github.io/ourairports-data/airports.csv", "license": "Public Domain", "collectedAt": "2026-09-22"}}}, {"type": "Feature", "id": "airport:LCLK", "geometry": {"type": "Point", "coordinates": [33.624901, 34.875099]}, "properties": {"id": "e:fac:apt-lclk", "name": "Larnaca International Airport", "kind": "airport", "iata": "LCA", "country": "CY", "municipality": "Larnaca", "function": "客货混合·农产品进境口岸", "geoPrecision": "exact", "provenance": {"provider": "OurAirports", "url": "https://davidmegginson.github.io/ourairports-data/airports.csv", "license": "Public Domain", "collectedAt": "2026-09-22"}}}, {"type": "Feature", "id": "airport:LCPH", "geometry": {"type": "Point", "coordinates": [32.485699, 34.717999]}, "properties": {"id": "e:fac:apt-lcph", "name": "Paphos International Airport", "kind": "airport", "iata": "PFO", "country": "CY", "municipality": "Paphos", "function": "客货混合·农产品进境口岸", "geoPrecision": "exact", "provenance": {"provider": "OurAirports", "url": "https://davidmegginson.github.io/ourairports-data/airports.csv", "license": "Public Domain", "collectedAt": "2026-09-22"}}}, {"type": "Feature", "id": "airport:LDDU", "geometry": {"type": "Point", "coordinates": [18.265543, 42.562247]}, "properties": {"id": "e:fac:apt-lddu", "name": "Dubrovnik Ruđer Bošković Airport", "kind": "airport", "iata": "DBV", "country": "HR", "municipality": "Dubrovnik", "function": "客货混合·农产品进境口岸", "geoPrecision": "exact", "provenance": {"provider": "OurAirports", "url": "https://davidmegginson.github.io/ourairports-data/airports.csv", "license": "Public Domain", "collectedAt": "2026-09-22"}}}, {"type": "Feature", "id": "airport:LDPL", "geometry": {"type": "Point", "coordinates": [13.9222, 44.893501]}, "properties": {"id": "e:fac:apt-ldpl", "name": "Pula Airport", "kind": "airport", "iata": "PUY", "country": "HR", "municipality": "Pula", "function": "客货混合·农产品进境口岸", "geoPrecision": "exact", "provenance": {"provider": "OurAirports", "url": "https://davidmegginson.github.io/ourairports-data/airports.csv", "license": "Public Domain", "collectedAt": "2026-09-22"}}}, {"type": "Feature", "id": "airport:LDRI", "geometry": {"type": "Point", "coordinates": [14.57085, 45.216376]}, "properties": {"id": "e:fac:apt-ldri", "name": "Rijeka Airport", "kind": "airport", "iata": "RJK", "country": "HR", "municipality": "Rijeka(Omišalj)", "function": "客货混合·农产品进境口岸", "geoPrecision": "exact", "provenance": {"provider": "OurAirports", "url": "https://davidmegginson.github.io/ourairports-data/airports.csv", "license": "Public Domain", "collectedAt": "2026-09-22"}}}, {"type": "Feature", "id": "airport:LDSP", "geometry": {"type": "Point", "coordinates": [16.298, 43.538898]}, "properties": {"id": "e:fac:apt-ldsp", "name": "Split Saint Jerome Airport", "kind": "airport", "iata": "SPU", "country": "HR", "municipality": "Split", "function": "客货混合·农产品进境口岸", "geoPrecision": "exact", "provenance": {"provider": "OurAirports", "url": "https://davidmegginson.github.io/ourairports-data/airports.csv", "license": "Public Domain", "collectedAt": "2026-09-22"}}}, {"type": "Feature", "id": "airport:LDZA", "geometry": {"type": "Point", "coordinates": [16.0688, 45.742901]}, "properties": {"id": "e:fac:apt-ldza", "name": "Zagreb Franjo Tuđman International Airport", "kind": "airport", "iata": "ZAG", "country": "HR", "municipality": "Velika Gorica", "function": "客货混合·农产品进境口岸", "geoPrecision": "exact", "provenance": {"provider": "OurAirports", "url": "https://davidmegginson.github.io/ourairports-data/airports.csv", "license": "Public Domain", "collectedAt": "2026-09-22"}}}, {"type": "Feature", "id": "airport:LDZD", "geometry": {"type": "Point", "coordinates": [15.353565, 44.096986]}, "properties": {"id": "e:fac:apt-ldzd", "name": "Zadar Airport", "kind": "airport", "iata": "ZAD", "country": "HR", "municipality": "Zadar", "function": "客货混合·农产品进境口岸", "geoPrecision": "exact", "provenance": {"provider": "OurAirports", "url": "https://davidmegginson.github.io/ourairports-data/airports.csv", "license": "Public Domain", "collectedAt": "2026-09-22"}}}, {"type": "Feature", "id": "airport:LEAL", "geometry": {"type": "Point", "coordinates": [-0.558156, 38.2822]}, "properties": {"id": "e:fac:apt-leal", "name": "Alicante-Elche Miguel Hernández Airport", "kind": "airport", "iata": "ALC", "country": "ES", "municipality": "Alicante", "function": "客货混合·农产品进境口岸", "geoPrecision": "exact", "provenance": {"provider": "OurAirports", "url": "https://davidmegginson.github.io/ourairports-data/airports.csv", "license": "Public Domain", "collectedAt": "2026-09-22"}}}, {"type": "Feature", "id": "airport:LEAS", "geometry": {"type": "Point", "coordinates": [-6.03462, 43.563599]}, "properties": {"id": "e:fac:apt-leas", "name": "Asturias Airport", "kind": "airport", "iata": "OVD", "country": "ES", "municipality": "Ranón", "function": "客货混合·农产品进境口岸", "geoPrecision": "exact", "provenance": {"provider": "OurAirports", "url": "https://davidmegginson.github.io/ourairports-data/airports.csv", "license": "Public Domain", "collectedAt": "2026-09-22"}}}, {"type": "Feature", "id": "airport:LEBB", "geometry": {"type": "Point", "coordinates": [-2.91061, 43.301102]}, "properties": {"id": "e:fac:apt-lebb", "name": "Bilbao Airport", "kind": "airport", "iata": "BIO", "country": "ES", "municipality": "Bilbao", "function": "客货混合·农产品进境口岸", "geoPrecision": "exact", "provenance": {"provider": "OurAirports", "url": "https://davidmegginson.github.io/ourairports-data/airports.csv", "license": "Public Domain", "collectedAt": "2026-09-22"}}}, {"type": "Feature", "id": "airport:LEBL", "geometry": {"type": "Point", "coordinates": [2.07846, 41.2971]}, "properties": {"id": "e:fac:apt-lebl", "name": "Josep Tarradellas Barcelona-El Prat Airport", "kind": "airport", "iata": "BCN", "country": "ES", "municipality": "Barcelona", "function": "客货混合·农产品进境口岸", "geoPrecision": "exact", "provenance": {"provider": "OurAirports", "url": "https://davidmegginson.github.io/ourairports-data/airports.csv", "license": "Public Domain", "collectedAt": "2026-09-22"}}}, {"type": "Feature", "id": "airport:LEGE", "geometry": {"type": "Point", "coordinates": [2.761774, 41.904639]}, "properties": {"id": "e:fac:apt-lege", "name": "Girona-Costa Brava Airport", "kind": "airport", "iata": "GRO", "country": "ES", "municipality": "Girona", "function": "客货混合·农产品进境口岸", "geoPrecision": "exact", "provenance": {"provider": "OurAirports", "url": "https://davidmegginson.github.io/ourairports-data/airports.csv", "license": "Public Domain", "collectedAt": "2026-09-22"}}}, {"type": "Feature", "id": "airport:LEIB", "geometry": {"type": "Point", "coordinates": [1.37312, 38.872898]}, "properties": {"id": "e:fac:apt-leib", "name": "Ibiza Airport", "kind": "airport", "iata": "IBZ", "country": "ES", "municipality": "Ibiza (Eivissa)", "function": "客货混合·农产品进境口岸", "geoPrecision": "exact", "provenance": {"provider": "OurAirports", "url": "https://davidmegginson.github.io/ourairports-data/airports.csv", "license": "Public Domain", "collectedAt": "2026-09-22"}}}, {"type": "Feature", "id": "airport:LEMD", "geometry": {"type": "Point", "coordinates": [-3.572249, 40.493407]}, "properties": {"id": "e:fac:apt-lemd", "name": "Adolfo Suárez Madrid–Barajas Airport", "kind": "airport", "iata": "MAD", "country": "ES", "municipality": "Madrid", "function": "客货混合·农产品进境口岸", "geoPrecision": "exact", "provenance": {"provider": "OurAirports", "url": "https://davidmegginson.github.io/ourairports-data/airports.csv", "license": "Public Domain", "collectedAt": "2026-09-22"}}}, {"type": "Feature", "id": "airport:LEMG", "geometry": {"type": "Point", "coordinates": [-4.49911, 36.6749]}, "properties": {"id": "e:fac:apt-lemg", "name": "Málaga-Costa del Sol Airport", "kind": "airport", "iata": "AGP", "country": "ES", "municipality": "Málaga", "function": "客货混合·农产品进境口岸", "geoPrecision": "exact", "provenance": {"provider": "OurAirports", "url": "https://davidmegginson.github.io/ourairports-data/airports.csv", "license": "Public Domain", "collectedAt": "2026-09-22"}}}, {"type": "Feature", "id": "airport:LEMH", "geometry": {"type": "Point", "coordinates": [4.21865, 39.862598]}, "properties": {"id": "e:fac:apt-lemh", "name": "Menorca Airport", "kind": "airport", "iata": "MAH", "country": "ES", "municipality": "Mahón (Maó)", "function": "客货混合·农产品进境口岸", "geoPrecision": "exact", "provenance": {"provider": "OurAirports", "url": "https://davidmegginson.github.io/ourairports-data/airports.csv", "license": "Public Domain", "collectedAt": "2026-09-22"}}}, {"type": "Feature", "id": "airport:LEMI", "geometry": {"type": "Point", "coordinates": [-1.124884, 37.802852]}, "properties": {"id": "e:fac:apt-lemi", "name": "Region of Murcia International Airport", "kind": "airport", "iata": "RMU", "country": "ES", "municipality": "Corvera", "function": "客货混合·农产品进境口岸", "geoPrecision": "exact", "provenance": {"provider": "OurAirports", "url": "https://davidmegginson.github.io/ourairports-data/airports.csv", "license": "Public Domain", "collectedAt": "2026-09-22"}}}, {"type": "Feature", "id": "airport:LEPA", "geometry": {"type": "Point", "coordinates": [2.73881, 39.551701]}, "properties": {"id": "e:fac:apt-lepa", "name": "Palma de Mallorca Airport", "kind": "airport", "iata": "PMI", "country": "ES", "municipality": "Palma de Mallorca", "function": "客货混合·农产品进境口岸", "geoPrecision": "exact", "provenance": {"provider": "OurAirports", "url": "https://davidmegginson.github.io/ourairports-data/airports.csv", "license": "Public Domain", "collectedAt": "2026-09-22"}}}, {"type": "Feature", "id": "airport:LERS", "geometry": {"type": "Point", "coordinates": [1.168354, 41.147509]}, "properties": {"id": "e:fac:apt-lers", "name": "Reus Airport", "kind": "airport", "iata": "REU", "country": "ES", "municipality": "Reus", "function": "客货混合·农产品进境口岸", "geoPrecision": "exact", "provenance": {"provider": "OurAirports", "url": "https://davidmegginson.github.io/ourairports-data/airports.csv", "license": "Public Domain", "collectedAt": "2026-09-22"}}}, {"type": "Feature", "id": "airport:LEST", "geometry": {"type": "Point", "coordinates": [-8.41514, 42.896301]}, "properties": {"id": "e:fac:apt-lest", "name": "Santiago-Rosalía de Castro Airport", "kind": "airport", "iata": "SCQ", "country": "ES", "municipality": "Santiago de Compostela", "function": "客货混合·农产品进境口岸", "geoPrecision": "exact", "provenance": {"provider": "OurAirports", "url": "https://davidmegginson.github.io/ourairports-data/airports.csv", "license": "Public Domain", "collectedAt": "2026-09-22"}}}, {"type": "Feature", "id": "airport:LEVC", "geometry": {"type": "Point", "coordinates": [-0.480961, 39.489162]}, "properties": {"id": "e:fac:apt-levc", "name": "Valencia Airport", "kind": "airport", "iata": "VLC", "country": "ES", "municipality": "Valencia", "function": "客货混合·农产品进境口岸", "geoPrecision": "exact", "provenance": {"provider": "OurAirports", "url": "https://davidmegginson.github.io/ourairports-data/airports.csv", "license": "Public Domain", "collectedAt": "2026-09-22"}}}, {"type": "Feature", "id": "airport:LEZG", "geometry": {"type": "Point", "coordinates": [-1.04155, 41.666199]}, "properties": {"id": "e:fac:apt-lezg", "name": "Zaragoza Airport", "kind": "airport", "iata": "ZAZ", "country": "ES", "municipality": "Zaragoza", "function": "客货混合·农产品进境口岸", "geoPrecision": "exact", "provenance": {"provider": "OurAirports", "url": "https://davidmegginson.github.io/ourairports-data/airports.csv", "license": "Public Domain", "collectedAt": "2026-09-22"}}}, {"type": "Feature", "id": "airport:LEZL", "geometry": {"type": "Point", "coordinates": [-5.89311, 37.417999]}, "properties": {"id": "e:fac:apt-lezl", "name": "Seville Airport", "kind": "airport", "iata": "SVQ", "country": "ES", "municipality": "Seville", "function": "客货混合·农产品进境口岸", "geoPrecision": "exact", "provenance": {"provider": "OurAirports", "url": "https://davidmegginson.github.io/ourairports-data/airports.csv", "license": "Public Domain", "collectedAt": "2026-09-22"}}}, {"type": "Feature", "id": "airport:LFBD", "geometry": {"type": "Point", "coordinates": [-0.715356, 44.82865]}, "properties": {"id": "e:fac:apt-lfbd", "name": "Bordeaux–Mérignac Airport", "kind": "airport", "iata": "BOD", "country": "FR", "municipality": "Bordeaux", "function": "客货混合·农产品进境口岸", "geoPrecision": "exact", "provenance": {"provider": "OurAirports", "url": "https://davidmegginson.github.io/ourairports-data/airports.csv", "license": "Public Domain", "collectedAt": "2026-09-22"}}}, {"type": "Feature", "id": "airport:LFBO", "geometry": {"type": "Point", "coordinates": [1.36382, 43.629101]}, "properties": {"id": "e:fac:apt-lfbo", "name": "Toulouse-Blagnac Airport", "kind": "airport", "iata": "TLS", "country": "FR", "municipality": "Toulouse/Blagnac", "function": "客货混合·农产品进境口岸", "geoPrecision": "exact", "provenance": {"provider": "OurAirports", "url": "https://davidmegginson.github.io/ourairports-data/airports.csv", "license": "Public Domain", "collectedAt": "2026-09-22"}}}, {"type": "Feature", "id": "airport:LFKB", "geometry": {"type": "Point", "coordinates": [9.48373, 42.5527]}, "properties": {"id": "e:fac:apt-lfkb", "name": "Bastia-Poretta International airport", "kind": "airport", "iata": "BIA", "country": "FR", "municipality": "Bastia", "function": "客货混合·农产品进境口岸", "geoPrecision": "exact", "provenance": {"provider": "OurAirports", "url": "https://davidmegginson.github.io/ourairports-data/airports.csv", "license": "Public Domain", "collectedAt": "2026-09-22"}}}, {"type": "Feature", "id": "airport:LFKF", "geometry": {"type": "Point", "coordinates": [9.097092, 41.50185]}, "properties": {"id": "e:fac:apt-lfkf", "name": "Figari Sud-Corse Airport", "kind": "airport", "iata": "FSC", "country": "FR", "municipality": "Figari", "function": "客货混合·农产品进境口岸", "geoPrecision": "exact", "provenance": {"provider": "OurAirports", "url": "https://davidmegginson.github.io/ourairports-data/airports.csv", "license": "Public Domain", "collectedAt": "2026-09-22"}}}, {"type": "Feature", "id": "airport:LFLC", "geometry": {"type": "Point", "coordinates": [3.16917, 45.786701]}, "properties": {"id": "e:fac:apt-lflc", "name": "Clermont-Ferrand Auvergne airport", "kind": "airport", "iata": "CFE", "country": "FR", "municipality": "Clermont-Ferrand", "function": "客货混合·农产品进境口岸", "geoPrecision": "exact", "provenance": {"provider": "OurAirports", "url": "https://davidmegginson.github.io/ourairports-data/airports.csv", "license": "Public Domain", "collectedAt": "2026-09-22"}}}, {"type": "Feature", "id": "airport:LFLL", "geometry": {"type": "Point", "coordinates": [5.090139, 45.725996]}, "properties": {"id": "e:fac:apt-lfll", "name": "Lyon Saint-Exupéry Airport", "kind": "airport", "iata": "LYS", "country": "FR", "municipality": "Colombier-Saugnieu, Rhône", "function": "客货混合·农产品进境口岸", "geoPrecision": "exact", "provenance": {"provider": "OurAirports", "url": "https://davidmegginson.github.io/ourairports-data/airports.csv", "license": "Public Domain", "collectedAt": "2026-09-22"}}}, {"type": "Feature", "id": "airport:LFML", "geometry": {"type": "Point", "coordinates": [5.2125, 43.438088]}, "properties": {"id": "e:fac:apt-lfml", "name": "Marseille Provence Airport", "kind": "airport", "iata": "MRS", "country": "FR", "municipality": "Marignane, Bouches-du-Rhône", "function": "客货混合·农产品进境口岸", "geoPrecision": "exact", "provenance": {"provider": "OurAirports", "url": "https://davidmegginson.github.io/ourairports-data/airports.csv", "license": "Public Domain", "collectedAt": "2026-09-22"}}}, {"type": "Feature", "id": "airport:LFMN", "geometry": {"type": "Point", "coordinates": [7.21587, 43.658401]}, "properties": {"id": "e:fac:apt-lfmn", "name": "Nice-Côte d'Azur Airport", "kind": "airport", "iata": "NCE", "country": "FR", "municipality": "Nice, Alpes-Maritimes", "function": "客货混合·农产品进境口岸", "geoPrecision": "exact", "provenance": {"provider": "OurAirports", "url": "https://davidmegginson.github.io/ourairports-data/airports.csv", "license": "Public Domain", "collectedAt": "2026-09-22"}}}, {"type": "Feature", "id": "airport:LFMT", "geometry": {"type": "Point", "coordinates": [3.96301, 43.576199]}, "properties": {"id": "e:fac:apt-lfmt", "name": "Montpellier-Méditerranée Airport", "kind": "airport", "iata": "MPL", "country": "FR", "municipality": "Montpellier/Méditerranée", "function": "客货混合·农产品进境口岸", "geoPrecision": "exact", "provenance": {"provider": "OurAirports", "url": "https://davidmegginson.github.io/ourairports-data/airports.csv", "license": "Public Domain", "collectedAt": "2026-09-22"}}}, {"type": "Feature", "id": "airport:LFOB", "geometry": {"type": "Point", "coordinates": [2.11278, 49.454399]}, "properties": {"id": "e:fac:apt-lfob", "name": "Beauvais-Tillé airport", "kind": "airport", "iata": "BVA", "country": "FR", "municipality": "Beauvais", "function": "客货混合·农产品进境口岸", "geoPrecision": "exact", "provenance": {"provider": "OurAirports", "url": "https://davidmegginson.github.io/ourairports-data/airports.csv", "license": "Public Domain", "collectedAt": "2026-09-22"}}}, {"type": "Feature", "id": "airport:LFPB", "geometry": {"type": "Point", "coordinates": [2.436539, 48.962276]}, "properties": {"id": "e:fac:apt-lfpb", "name": "Paris-Le Bourget International Airport", "kind": "airport", "iata": "LBG", "country": "FR", "municipality": "Paris", "function": "客货混合·农产品进境口岸", "geoPrecision": "exact", "provenance": {"provider": "OurAirports", "url": "https://davidmegginson.github.io/ourairports-data/airports.csv", "license": "Public Domain", "collectedAt": "2026-09-22"}}}, {"type": "Feature", "id": "airport:LFPG", "geometry": {"type": "Point", "coordinates": [2.554117, 49.00896]}, "properties": {"id": "e:fac:apt-lfpg", "name": "Charles de Gaulle International Airport", "kind": "airport", "iata": "CDG", "country": "FR", "municipality": "Paris (Roissy-en-France, Val-d'Oise)", "function": "客货混合·农产品进境口岸", "geoPrecision": "exact", "provenance": {"provider": "OurAirports", "url": "https://davidmegginson.github.io/ourairports-data/airports.csv", "license": "Public Domain", "collectedAt": "2026-09-22"}}}, {"type": "Feature", "id": "airport:LFPO", "geometry": {"type": "Point", "coordinates": [2.358963, 48.729499]}, "properties": {"id": "e:fac:apt-lfpo", "name": "Paris-Orly Airport", "kind": "airport", "iata": "ORY", "country": "FR", "municipality": "Paris (Orly, Val-de-Marne)", "function": "客货混合·农产品进境口岸", "geoPrecision": "exact", "provenance": {"provider": "OurAirports", "url": "https://davidmegginson.github.io/ourairports-data/airports.csv", "license": "Public Domain", "collectedAt": "2026-09-22"}}}, {"type": "Feature", "id": "airport:LFQQ", "geometry": {"type": "Point", "coordinates": [3.102429, 50.566564]}, "properties": {"id": "e:fac:apt-lfqq", "name": "Lille Airport", "kind": "airport", "iata": "LIL", "country": "FR", "municipality": "Lesquin", "function": "客货混合·农产品进境口岸", "geoPrecision": "exact", "provenance": {"provider": "OurAirports", "url": "https://davidmegginson.github.io/ourairports-data/airports.csv", "license": "Public Domain", "collectedAt": "2026-09-22"}}}, {"type": "Feature", "id": "airport:LFRB", "geometry": {"type": "Point", "coordinates": [-4.41854, 48.447899]}, "properties": {"id": "e:fac:apt-lfrb", "name": "Brest Bretagne airport", "kind": "airport", "iata": "BES", "country": "FR", "municipality": "Brest", "function": "客货混合·农产品进境口岸", "geoPrecision": "exact", "provenance": {"provider": "OurAirports", "url": "https://davidmegginson.github.io/ourairports-data/airports.csv", "license": "Public Domain", "collectedAt": "2026-09-22"}}}, {"type": "Feature", "id": "airport:LFRS", "geometry": {"type": "Point", "coordinates": [-1.61073, 47.153198]}, "properties": {"id": "e:fac:apt-lfrs", "name": "Nantes Atlantique Airport", "kind": "airport", "iata": "NTE", "country": "FR", "municipality": "Nantes", "function": "客货混合·农产品进境口岸", "geoPrecision": "exact", "provenance": {"provider": "OurAirports", "url": "https://davidmegginson.github.io/ourairports-data/airports.csv", "license": "Public Domain", "collectedAt": "2026-09-22"}}}, {"type": "Feature", "id": "airport:LFSB", "geometry": {"type": "Point", "coordinates": [7.521117, 47.60068]}, "properties": {"id": "e:fac:apt-lfsb", "name": "EuroAirport Basel–Mulhouse–Freiburg", "kind": "airport", "iata": "BSL", "country": "FR", "municipality": "Bâle / Mulhouse", "function": "客货混合·农产品进境口岸", "geoPrecision": "exact", "provenance": {"provider": "OurAirports", "url": "https://davidmegginson.github.io/ourairports-data/airports.csv", "license": "Public Domain", "collectedAt": "2026-09-22"}}}, {"type": "Feature", "id": "airport:LFST", "geometry": {"type": "Point", "coordinates": [7.62823, 48.5383]}, "properties": {"id": "e:fac:apt-lfst", "name": "Strasbourg Airport", "kind": "airport", "iata": "SXB", "country": "FR", "municipality": "Strasbourg", "function": "客货混合·农产品进境口岸", "geoPrecision": "exact", "provenance": {"provider": "OurAirports", "url": "https://davidmegginson.github.io/ourairports-data/airports.csv", "license": "Public Domain", "collectedAt": "2026-09-22"}}}, {"type": "Feature", "id": "airport:LGAV", "geometry": {"type": "Point", "coordinates": [23.9445, 37.936401]}, "properties": {"id": "e:fac:apt-lgav", "name": "Athens Eleftherios Venizelos International Airport", "kind": "airport", "iata": "ATH", "country": "GR", "municipality": "Spata-Artemida", "function": "客货混合·农产品进境口岸", "geoPrecision": "exact", "provenance": {"provider": "OurAirports", "url": "https://davidmegginson.github.io/ourairports-data/airports.csv", "license": "Public Domain", "collectedAt": "2026-09-22"}}}, {"type": "Feature", "id": "airport:LGIR", "geometry": {"type": "Point", "coordinates": [25.1803, 35.339699]}, "properties": {"id": "e:fac:apt-lgir", "name": "Heraklion International Nikos Kazantzakis Airport", "kind": "airport", "iata": "HER", "country": "GR", "municipality": "Heraklion", "function": "客货混合·农产品进境口岸", "geoPrecision": "exact", "provenance": {"provider": "OurAirports", "url": "https://davidmegginson.github.io/ourairports-data/airports.csv", "license": "Public Domain", "collectedAt": "2026-09-22"}}}, {"type": "Feature", "id": "airport:LGKO", "geometry": {"type": "Point", "coordinates": [27.09115, 36.794523]}, "properties": {"id": "e:fac:apt-lgko", "name": "Kos International Airport \"Ippokratis\"", "kind": "airport", "iata": "KGS", "country": "GR", "municipality": "Kos Island", "function": "客货混合·农产品进境口岸", "geoPrecision": "exact", "provenance": {"provider": "OurAirports", "url": "https://davidmegginson.github.io/ourairports-data/airports.csv", "license": "Public Domain", "collectedAt": "2026-09-22"}}}, {"type": "Feature", "id": "airport:LGKR", "geometry": {"type": "Point", "coordinates": [19.912179, 39.60145]}, "properties": {"id": "e:fac:apt-lgkr", "name": "Corfu Ioannis Kapodistrias International Airport", "kind": "airport", "iata": "CFU", "country": "GR", "municipality": "Kerkyra (Corfu)", "function": "客货混合·农产品进境口岸", "geoPrecision": "exact", "provenance": {"provider": "OurAirports", "url": "https://davidmegginson.github.io/ourairports-data/airports.csv", "license": "Public Domain", "collectedAt": "2026-09-22"}}}, {"type": "Feature", "id": "airport:LGKV", "geometry": {"type": "Point", "coordinates": [24.6192, 40.9133]}, "properties": {"id": "e:fac:apt-lgkv", "name": "Kavala Alexander the Great International Airport", "kind": "airport", "iata": "KVA", "country": "GR", "municipality": "Kavala", "function": "客货混合·农产品进境口岸", "geoPrecision": "exact", "provenance": {"provider": "OurAirports", "url": "https://davidmegginson.github.io/ourairports-data/airports.csv", "license": "Public Domain", "collectedAt": "2026-09-22"}}}, {"type": "Feature", "id": "airport:LGRP", "geometry": {"type": "Point", "coordinates": [28.086201, 36.405399]}, "properties": {"id": "e:fac:apt-lgrp", "name": "Rhodes International Airport \"Diagoras\"", "kind": "airport", "iata": "RHO", "country": "GR", "municipality": "Rhodes", "function": "客货混合·农产品进境口岸", "geoPrecision": "exact", "provenance": {"provider": "OurAirports", "url": "https://davidmegginson.github.io/ourairports-data/airports.csv", "license": "Public Domain", "collectedAt": "2026-09-22"}}}, {"type": "Feature", "id": "airport:LGSA", "geometry": {"type": "Point", "coordinates": [24.150673, 35.531207]}, "properties": {"id": "e:fac:apt-lgsa", "name": "Chania International Airport", "kind": "airport", "iata": "CHQ", "country": "GR", "municipality": "Souda", "function": "客货混合·农产品进境口岸", "geoPrecision": "exact", "provenance": {"provider": "OurAirports", "url": "https://davidmegginson.github.io/ourairports-data/airports.csv", "license": "Public Domain", "collectedAt": "2026-09-22"}}}, {"type": "Feature", "id": "airport:LGSR", "geometry": {"type": "Point", "coordinates": [25.478638, 36.400045]}, "properties": {"id": "e:fac:apt-lgsr", "name": "Santorini International Airport", "kind": "airport", "iata": "JTR", "country": "GR", "municipality": "Santorini Island", "function": "客货混合·农产品进境口岸", "geoPrecision": "exact", "provenance": {"provider": "OurAirports", "url": "https://davidmegginson.github.io/ourairports-data/airports.csv", "license": "Public Domain", "collectedAt": "2026-09-22"}}}, {"type": "Feature", "id": "airport:LGTS", "geometry": {"type": "Point", "coordinates": [22.970009, 40.51928]}, "properties": {"id": "e:fac:apt-lgts", "name": "Thessaloniki Macedonia International Airport", "kind": "airport", "iata": "SKG", "country": "GR", "municipality": "Thessaloniki", "function": "客货混合·农产品进境口岸", "geoPrecision": "exact", "provenance": {"provider": "OurAirports", "url": "https://davidmegginson.github.io/ourairports-data/airports.csv", "license": "Public Domain", "collectedAt": "2026-09-22"}}}, {"type": "Feature", "id": "airport:LHBP", "geometry": {"type": "Point", "coordinates": [19.262393, 47.43018]}, "properties": {"id": "e:fac:apt-lhbp", "name": "Budapest Liszt Ferenc International Airport", "kind": "airport", "iata": "BUD", "country": "HU", "municipality": "Budapest", "function": "客货混合·农产品进境口岸", "geoPrecision": "exact", "provenance": {"provider": "OurAirports", "url": "https://davidmegginson.github.io/ourairports-data/airports.csv", "license": "Public Domain", "collectedAt": "2026-09-22"}}}, {"type": "Feature", "id": "airport:LHDC", "geometry": {"type": "Point", "coordinates": [21.616278, 47.489469]}, "properties": {"id": "e:fac:apt-lhdc", "name": "Debrecen International Airport", "kind": "airport", "iata": "DEB", "country": "HU", "municipality": "Debrecen", "function": "客货混合·农产品进境口岸", "geoPrecision": "exact", "provenance": {"provider": "OurAirports", "url": "https://davidmegginson.github.io/ourairports-data/airports.csv", "license": "Public Domain", "collectedAt": "2026-09-22"}}}, {"type": "Feature", "id": "airport:LHPP", "geometry": {"type": "Point", "coordinates": [18.242044, 45.988891]}, "properties": {"id": "e:fac:apt-lhpp", "name": "Pécs-Pogány International Airport", "kind": "airport", "iata": "PEV", "country": "HU", "municipality": "Pécs", "function": "客货混合·农产品进境口岸", "geoPrecision": "exact", "provenance": {"provider": "OurAirports", "url": "https://davidmegginson.github.io/ourairports-data/airports.csv", "license": "Public Domain", "collectedAt": "2026-09-22"}}}, {"type": "Feature", "id": "airport:LIBD", "geometry": {"type": "Point", "coordinates": [16.760599, 41.138901]}, "properties": {"id": "e:fac:apt-libd", "name": "Bari Karol Wojtyła International Airport", "kind": "airport", "iata": "BRI", "country": "IT", "municipality": "Bari", "function": "客货混合·农产品进境口岸", "geoPrecision": "exact", "provenance": {"provider": "OurAirports", "url": "https://davidmegginson.github.io/ourairports-data/airports.csv", "license": "Public Domain", "collectedAt": "2026-09-22"}}}, {"type": "Feature", "id": "airport:LIBP", "geometry": {"type": "Point", "coordinates": [14.182981, 42.431079]}, "properties": {"id": "e:fac:apt-libp", "name": "Abruzzo Airport", "kind": "airport", "iata": "PSR", "country": "IT", "municipality": "Pescara", "function": "客货混合·农产品进境口岸", "geoPrecision": "exact", "provenance": {"provider": "OurAirports", "url": "https://davidmegginson.github.io/ourairports-data/airports.csv", "license": "Public Domain", "collectedAt": "2026-09-22"}}}, {"type": "Feature", "id": "airport:LIBR", "geometry": {"type": "Point", "coordinates": [17.947001, 40.6576]}, "properties": {"id": "e:fac:apt-libr", "name": "Brindisi Airport", "kind": "airport", "iata": "BDS", "country": "IT", "municipality": "Brindisi", "function": "客货混合·农产品进境口岸", "geoPrecision": "exact", "provenance": {"provider": "OurAirports", "url": "https://davidmegginson.github.io/ourairports-data/airports.csv", "license": "Public Domain", "collectedAt": "2026-09-22"}}}, {"type": "Feature", "id": "airport:LICA", "geometry": {"type": "Point", "coordinates": [16.246007, 38.906214]}, "properties": {"id": "e:fac:apt-lica", "name": "Lamezia Terme Sant'Eufemia International Airport", "kind": "airport", "iata": "SUF", "country": "IT", "municipality": "Lamezia Terme (CZ)", "function": "客货混合·农产品进境口岸", "geoPrecision": "exact", "provenance": {"provider": "OurAirports", "url": "https://davidmegginson.github.io/ourairports-data/airports.csv", "license": "Public Domain", "collectedAt": "2026-09-22"}}}, {"type": "Feature", "id": "airport:LICC", "geometry": {"type": "Point", "coordinates": [15.0664, 37.466801]}, "properties": {"id": "e:fac:apt-licc", "name": "Catania-Fontanarossa Airport", "kind": "airport", "iata": "CTA", "country": "IT", "municipality": "Catania", "function": "客货混合·农产品进境口岸", "geoPrecision": "exact", "provenance": {"provider": "OurAirports", "url": "https://davidmegginson.github.io/ourairports-data/airports.csv", "license": "Public Domain", "collectedAt": "2026-09-22"}}}, {"type": "Feature", "id": "airport:LICJ", "geometry": {"type": "Point", "coordinates": [13.091, 38.175999]}, "properties": {"id": "e:fac:apt-licj", "name": "Falcone–Borsellino Airport", "kind": "airport", "iata": "PMO", "country": "IT", "municipality": "Palermo", "function": "客货混合·农产品进境口岸", "geoPrecision": "exact", "provenance": {"provider": "OurAirports", "url": "https://davidmegginson.github.io/ourairports-data/airports.csv", "license": "Public Domain", "collectedAt": "2026-09-22"}}}, {"type": "Feature", "id": "airport:LIEE", "geometry": {"type": "Point", "coordinates": [9.05428, 39.251499]}, "properties": {"id": "e:fac:apt-liee", "name": "Cagliari Elmas Airport", "kind": "airport", "iata": "CAG", "country": "IT", "municipality": "Cagliari", "function": "客货混合·农产品进境口岸", "geoPrecision": "exact", "provenance": {"provider": "OurAirports", "url": "https://davidmegginson.github.io/ourairports-data/airports.csv", "license": "Public Domain", "collectedAt": "2026-09-22"}}}, {"type": "Feature", "id": "airport:LIEO", "geometry": {"type": "Point", "coordinates": [9.518457, 40.898953]}, "properties": {"id": "e:fac:apt-lieo", "name": "Olbia Costa Smeralda Airport", "kind": "airport", "iata": "OLB", "country": "IT", "municipality": "Olbia (SS)", "function": "客货混合·农产品进境口岸", "geoPrecision": "exact", "provenance": {"provider": "OurAirports", "url": "https://davidmegginson.github.io/ourairports-data/airports.csv", "license": "Public Domain", "collectedAt": "2026-09-22"}}}, {"type": "Feature", "id": "airport:LIMC", "geometry": {"type": "Point", "coordinates": [8.72811, 45.6306]}, "properties": {"id": "e:fac:apt-limc", "name": "Milan Malpensa International Airport", "kind": "airport", "iata": "MXP", "country": "IT", "municipality": "Ferno (VA)", "function": "客货混合·农产品进境口岸", "geoPrecision": "exact", "provenance": {"provider": "OurAirports", "url": "https://davidmegginson.github.io/ourairports-data/airports.csv", "license": "Public Domain", "collectedAt": "2026-09-22"}}}, {"type": "Feature", "id": "airport:LIME", "geometry": {"type": "Point", "coordinates": [9.708851, 45.669362]}, "properties": {"id": "e:fac:apt-lime", "name": "Il Caravaggio International Airport", "kind": "airport", "iata": "BGY", "country": "IT", "municipality": "Orio al Serio (BG)", "function": "客货混合·农产品进境口岸", "geoPrecision": "exact", "provenance": {"provider": "OurAirports", "url": "https://davidmegginson.github.io/ourairports-data/airports.csv", "license": "Public Domain", "collectedAt": "2026-09-22"}}}, {"type": "Feature", "id": "airport:LIMF", "geometry": {"type": "Point", "coordinates": [7.64963, 45.200802]}, "properties": {"id": "e:fac:apt-limf", "name": "Turin Airport", "kind": "airport", "iata": "TRN", "country": "IT", "municipality": "Caselle Torinese (TO)", "function": "客货混合·农产品进境口岸", "geoPrecision": "exact", "provenance": {"provider": "OurAirports", "url": "https://davidmegginson.github.io/ourairports-data/airports.csv", "license": "Public Domain", "collectedAt": "2026-09-22"}}}, {"type": "Feature", "id": "airport:LIMJ", "geometry": {"type": "Point", "coordinates": [8.840732, 44.412039]}, "properties": {"id": "e:fac:apt-limj", "name": "Genoa Cristoforo Colombo Airport", "kind": "airport", "iata": "GOA", "country": "IT", "municipality": "Genova (GE)", "function": "客货混合·农产品进境口岸", "geoPrecision": "exact", "provenance": {"provider": "OurAirports", "url": "https://davidmegginson.github.io/ourairports-data/airports.csv", "license": "Public Domain", "collectedAt": "2026-09-22"}}}, {"type": "Feature", "id": "airport:LIML", "geometry": {"type": "Point", "coordinates": [9.27674, 45.445099]}, "properties": {"id": "e:fac:apt-liml", "name": "Milano Linate Airport", "kind": "airport", "iata": "LIN", "country": "IT", "municipality": "Segrate (MI)", "function": "客货混合·农产品进境口岸", "geoPrecision": "exact", "provenance": {"provider": "OurAirports", "url": "https://davidmegginson.github.io/ourairports-data/airports.csv", "license": "Public Domain", "collectedAt": "2026-09-22"}}}, {"type": "Feature", "id": "airport:LIPE", "geometry": {"type": "Point", "coordinates": [11.2887, 44.5354]}, "properties": {"id": "e:fac:apt-lipe", "name": "Bologna Guglielmo Marconi Airport", "kind": "airport", "iata": "BLQ", "country": "IT", "municipality": "Bologna", "function": "客货混合·农产品进境口岸", "geoPrecision": "exact", "provenance": {"provider": "OurAirports", "url": "https://davidmegginson.github.io/ourairports-data/airports.csv", "license": "Public Domain", "collectedAt": "2026-09-22"}}}, {"type": "Feature", "id": "airport:LIPH", "geometry": {"type": "Point", "coordinates": [12.1944, 45.648399]}, "properties": {"id": "e:fac:apt-liph", "name": "Treviso Airport", "kind": "airport", "iata": "TSF", "country": "IT", "municipality": "Treviso (TV)", "function": "客货混合·农产品进境口岸", "geoPrecision": "exact", "provenance": {"provider": "OurAirports", "url": "https://davidmegginson.github.io/ourairports-data/airports.csv", "license": "Public Domain", "collectedAt": "2026-09-22"}}}, {"type": "Feature", "id": "airport:LIPQ", "geometry": {"type": "Point", "coordinates": [13.466672, 45.827862]}, "properties": {"id": "e:fac:apt-lipq", "name": "Trieste Airport", "kind": "airport", "iata": "TRS", "country": "IT", "municipality": "Ronchi dei Legionari/Trieste", "function": "客货混合·农产品进境口岸", "geoPrecision": "exact", "provenance": {"provider": "OurAirports", "url": "https://davidmegginson.github.io/ourairports-data/airports.csv", "license": "Public Domain", "collectedAt": "2026-09-22"}}}, {"type": "Feature", "id": "airport:LIPR", "geometry": {"type": "Point", "coordinates": [12.612198, 44.020024]}, "properties": {"id": "e:fac:apt-lipr", "name": "Federico Fellini International Airport", "kind": "airport", "iata": "RMI", "country": "IT", "municipality": "Rimini (RN)", "function": "客货混合·农产品进境口岸", "geoPrecision": "exact", "provenance": {"provider": "OurAirports", "url": "https://davidmegginson.github.io/ourairports-data/airports.csv", "license": "Public Domain", "collectedAt": "2026-09-22"}}}, {"type": "Feature", "id": "airport:LIPX", "geometry": {"type": "Point", "coordinates": [10.887303, 45.394955]}, "properties": {"id": "e:fac:apt-lipx", "name": "Verona Villafranca Valerio Catullo Airport", "kind": "airport", "iata": "VRN", "country": "IT", "municipality": "Caselle (VR)", "function": "客货混合·农产品进境口岸", "geoPrecision": "exact", "provenance": {"provider": "OurAirports", "url": "https://davidmegginson.github.io/ourairports-data/airports.csv", "license": "Public Domain", "collectedAt": "2026-09-22"}}}, {"type": "Feature", "id": "airport:LIPZ", "geometry": {"type": "Point", "coordinates": [12.3519, 45.505299]}, "properties": {"id": "e:fac:apt-lipz", "name": "Venice Marco Polo Airport", "kind": "airport", "iata": "VCE", "country": "IT", "municipality": "Venezia (VE)", "function": "客货混合·农产品进境口岸", "geoPrecision": "exact", "provenance": {"provider": "OurAirports", "url": "https://davidmegginson.github.io/ourairports-data/airports.csv", "license": "Public Domain", "collectedAt": "2026-09-22"}}}, {"type": "Feature", "id": "airport:LIRA", "geometry": {"type": "Point", "coordinates": [12.595331, 41.798769]}, "properties": {"id": "e:fac:apt-lira", "name": "Ciampino–G. B. Pastine International Airport", "kind": "airport", "iata": "CIA", "country": "IT", "municipality": "Rome", "function": "客货混合·农产品进境口岸", "geoPrecision": "exact", "provenance": {"provider": "OurAirports", "url": "https://davidmegginson.github.io/ourairports-data/airports.csv", "license": "Public Domain", "collectedAt": "2026-09-22"}}}, {"type": "Feature", "id": "airport:LIRF", "geometry": {"type": "Point", "coordinates": [12.251998, 41.804532]}, "properties": {"id": "e:fac:apt-lirf", "name": "Rome–Fiumicino Leonardo da Vinci International Airport", "kind": "airport", "iata": "FCO", "country": "IT", "municipality": "Rome", "function": "客货混合·农产品进境口岸", "geoPrecision": "exact", "provenance": {"provider": "OurAirports", "url": "https://davidmegginson.github.io/ourairports-data/airports.csv", "license": "Public Domain", "collectedAt": "2026-09-22"}}}, {"type": "Feature", "id": "airport:LIRN", "geometry": {"type": "Point", "coordinates": [14.2908, 40.886002]}, "properties": {"id": "e:fac:apt-lirn", "name": "Naples International Airport", "kind": "airport", "iata": "NAP", "country": "IT", "municipality": "Napoli", "function": "客货混合·农产品进境口岸", "geoPrecision": "exact", "provenance": {"provider": "OurAirports", "url": "https://davidmegginson.github.io/ourairports-data/airports.csv", "license": "Public Domain", "collectedAt": "2026-09-22"}}}, {"type": "Feature", "id": "airport:LIRP", "geometry": {"type": "Point", "coordinates": [10.3927, 43.683899]}, "properties": {"id": "e:fac:apt-lirp", "name": "Pisa International Airport", "kind": "airport", "iata": "PSA", "country": "IT", "municipality": "Pisa (PI)", "function": "客货混合·农产品进境口岸", "geoPrecision": "exact", "provenance": {"provider": "OurAirports", "url": "https://davidmegginson.github.io/ourairports-data/airports.csv", "license": "Public Domain", "collectedAt": "2026-09-22"}}}, {"type": "Feature", "id": "airport:LIRQ", "geometry": {"type": "Point", "coordinates": [11.202822, 43.808558]}, "properties": {"id": "e:fac:apt-lirq", "name": "Florence Airport, Peretola", "kind": "airport", "iata": "FLR", "country": "IT", "municipality": "Firenze (FI)", "function": "客货混合·农产品进境口岸", "geoPrecision": "exact", "provenance": {"provider": "OurAirports", "url": "https://davidmegginson.github.io/ourairports-data/airports.csv", "license": "Public Domain", "collectedAt": "2026-09-22"}}}, {"type": "Feature", "id": "airport:LIRZ", "geometry": {"type": "Point", "coordinates": [12.5132, 43.095901]}, "properties": {"id": "e:fac:apt-lirz", "name": "Perugia San Francesco d'Assisi – Umbria International Airport", "kind": "airport", "iata": "PEG", "country": "IT", "municipality": "Perugia (PG)", "function": "客货混合·农产品进境口岸", "geoPrecision": "exact", "provenance": {"provider": "OurAirports", "url": "https://davidmegginson.github.io/ourairports-data/airports.csv", "license": "Public Domain", "collectedAt": "2026-09-22"}}}, {"type": "Feature", "id": "airport:LJLJ", "geometry": {"type": "Point", "coordinates": [14.4576, 46.223701]}, "properties": {"id": "e:fac:apt-ljlj", "name": "Ljubljana Jože Pučnik Airport", "kind": "airport", "iata": "LJU", "country": "SI", "municipality": "Zgornji Brnik", "function": "客货混合·农产品进境口岸", "geoPrecision": "exact", "provenance": {"provider": "OurAirports", "url": "https://davidmegginson.github.io/ourairports-data/airports.csv", "license": "Public Domain", "collectedAt": "2026-09-22"}}}, {"type": "Feature", "id": "airport:LKCS", "geometry": {"type": "Point", "coordinates": [14.42832, 48.948171]}, "properties": {"id": "e:fac:apt-lkcs", "name": "České Budějovice South Bohemian Airport", "kind": "airport", "iata": "JCL", "country": "CZ", "municipality": "České Budějovice", "function": "客货混合·农产品进境口岸", "geoPrecision": "exact", "provenance": {"provider": "OurAirports", "url": "https://davidmegginson.github.io/ourairports-data/airports.csv", "license": "Public Domain", "collectedAt": "2026-09-22"}}}, {"type": "Feature", "id": "airport:LKKV", "geometry": {"type": "Point", "coordinates": [12.915, 50.202999]}, "properties": {"id": "e:fac:apt-lkkv", "name": "Karlovy Vary Airport", "kind": "airport", "iata": "KLV", "country": "CZ", "municipality": "Karlovy Vary", "function": "客货混合·农产品进境口岸", "geoPrecision": "exact", "provenance": {"provider": "OurAirports", "url": "https://davidmegginson.github.io/ourairports-data/airports.csv", "license": "Public Domain", "collectedAt": "2026-09-22"}}}, {"type": "Feature", "id": "airport:LKMT", "geometry": {"type": "Point", "coordinates": [18.111099, 49.696301]}, "properties": {"id": "e:fac:apt-lkmt", "name": "Leoš Janáček Airport Ostrava", "kind": "airport", "iata": "OSR", "country": "CZ", "municipality": "Mošnov", "function": "客货混合·农产品进境口岸", "geoPrecision": "exact", "provenance": {"provider": "OurAirports", "url": "https://davidmegginson.github.io/ourairports-data/airports.csv", "license": "Public Domain", "collectedAt": "2026-09-22"}}}, {"type": "Feature", "id": "airport:LKPD", "geometry": {"type": "Point", "coordinates": [15.73981, 50.015049]}, "properties": {"id": "e:fac:apt-lkpd", "name": "Pardubice Airport", "kind": "airport", "iata": "PED", "country": "CZ", "municipality": "Pardubice", "function": "客货混合·农产品进境口岸", "geoPrecision": "exact", "provenance": {"provider": "OurAirports", "url": "https://davidmegginson.github.io/ourairports-data/airports.csv", "license": "Public Domain", "collectedAt": "2026-09-22"}}}, {"type": "Feature", "id": "airport:LKPR", "geometry": {"type": "Point", "coordinates": [14.259911, 50.100874]}, "properties": {"id": "e:fac:apt-lkpr", "name": "Václav Havel Airport Prague", "kind": "airport", "iata": "PRG", "country": "CZ", "municipality": "Prague", "function": "客货混合·农产品进境口岸", "geoPrecision": "exact", "provenance": {"provider": "OurAirports", "url": "https://davidmegginson.github.io/ourairports-data/airports.csv", "license": "Public Domain", "collectedAt": "2026-09-22"}}}, {"type": "Feature", "id": "airport:LLBG", "geometry": {"type": "Point", "coordinates": [34.8867, 32.011398]}, "properties": {"id": "e:fac:apt-llbg", "name": "Ben Gurion International Airport", "kind": "airport", "iata": "TLV", "country": "IL", "municipality": "Tel Aviv", "function": "客货混合·农产品进境口岸", "geoPrecision": "exact", "provenance": {"provider": "OurAirports", "url": "https://davidmegginson.github.io/ourairports-data/airports.csv", "license": "Public Domain", "collectedAt": "2026-09-22"}}}, {"type": "Feature", "id": "airport:LLER", "geometry": {"type": "Point", "coordinates": [35.014116, 29.727009]}, "properties": {"id": "e:fac:apt-ller", "name": "Ramon International Airport", "kind": "airport", "iata": "ETM", "country": "IL", "municipality": "Eilat", "function": "客货混合·农产品进境口岸", "geoPrecision": "exact", "provenance": {"provider": "OurAirports", "url": "https://davidmegginson.github.io/ourairports-data/airports.csv", "license": "Public Domain", "collectedAt": "2026-09-22"}}}, {"type": "Feature", "id": "airport:LMML", "geometry": {"type": "Point", "coordinates": [14.491546, 35.845932]}, "properties": {"id": "e:fac:apt-lmml", "name": "Malta International Airport", "kind": "airport", "iata": "MLA", "country": "MT", "municipality": "Valletta", "function": "客货混合·农产品进境口岸", "geoPrecision": "exact", "provenance": {"provider": "OurAirports", "url": "https://davidmegginson.github.io/ourairports-data/airports.csv", "license": "Public Domain", "collectedAt": "2026-09-22"}}}, {"type": "Feature", "id": "airport:LOWG", "geometry": {"type": "Point", "coordinates": [15.4396, 46.9911]}, "properties": {"id": "e:fac:apt-lowg", "name": "Graz Airport", "kind": "airport", "iata": "GRZ", "country": "AT", "municipality": "Feldkirchen bei Graz", "function": "客货混合·农产品进境口岸", "geoPrecision": "exact", "provenance": {"provider": "OurAirports", "url": "https://davidmegginson.github.io/ourairports-data/airports.csv", "license": "Public Domain", "collectedAt": "2026-09-22"}}}, {"type": "Feature", "id": "airport:LOWI", "geometry": {"type": "Point", "coordinates": [11.344, 47.260201]}, "properties": {"id": "e:fac:apt-lowi", "name": "Innsbruck Airport", "kind": "airport", "iata": "INN", "country": "AT", "municipality": "Innsbruck", "function": "客货混合·农产品进境口岸", "geoPrecision": "exact", "provenance": {"provider": "OurAirports", "url": "https://davidmegginson.github.io/ourairports-data/airports.csv", "license": "Public Domain", "collectedAt": "2026-09-22"}}}, {"type": "Feature", "id": "airport:LOWK", "geometry": {"type": "Point", "coordinates": [14.3377, 46.642502]}, "properties": {"id": "e:fac:apt-lowk", "name": "Klagenfurt Airport", "kind": "airport", "iata": "KLU", "country": "AT", "municipality": "Klagenfurt am Wörthersee", "function": "客货混合·农产品进境口岸", "geoPrecision": "exact", "provenance": {"provider": "OurAirports", "url": "https://davidmegginson.github.io/ourairports-data/airports.csv", "license": "Public Domain", "collectedAt": "2026-09-22"}}}, {"type": "Feature", "id": "airport:LOWL", "geometry": {"type": "Point", "coordinates": [14.188128, 48.235362]}, "properties": {"id": "e:fac:apt-lowl", "name": "Linz-Hörsching Airport", "kind": "airport", "iata": "LNZ", "country": "AT", "municipality": "Linz", "function": "客货混合·农产品进境口岸", "geoPrecision": "exact", "provenance": {"provider": "OurAirports", "url": "https://davidmegginson.github.io/ourairports-data/airports.csv", "license": "Public Domain", "collectedAt": "2026-09-22"}}}, {"type": "Feature", "id": "airport:LOWS", "geometry": {"type": "Point", "coordinates": [13.0043, 47.793301]}, "properties": {"id": "e:fac:apt-lows", "name": "Salzburg Airport", "kind": "airport", "iata": "SZG", "country": "AT", "municipality": "Salzburg", "function": "客货混合·农产品进境口岸", "geoPrecision": "exact", "provenance": {"provider": "OurAirports", "url": "https://davidmegginson.github.io/ourairports-data/airports.csv", "license": "Public Domain", "collectedAt": "2026-09-22"}}}, {"type": "Feature", "id": "airport:LOWW", "geometry": {"type": "Point", "coordinates": [16.5697, 48.110298]}, "properties": {"id": "e:fac:apt-loww", "name": "Vienna International Airport", "kind": "airport", "iata": "VIE", "country": "AT", "municipality": "Vienna", "function": "客货混合·农产品进境口岸", "geoPrecision": "exact", "provenance": {"provider": "OurAirports", "url": "https://davidmegginson.github.io/ourairports-data/airports.csv", "license": "Public Domain", "collectedAt": "2026-09-22"}}}, {"type": "Feature", "id": "airport:LPFR", "geometry": {"type": "Point", "coordinates": [-7.970939, 37.015909]}, "properties": {"id": "e:fac:apt-lpfr", "name": "Faro - Gago Coutinho International Airport", "kind": "airport", "iata": "FAO", "country": "PT", "municipality": "Faro", "function": "客货混合·农产品进境口岸", "geoPrecision": "exact", "provenance": {"provider": "OurAirports", "url": "https://davidmegginson.github.io/ourairports-data/airports.csv", "license": "Public Domain", "collectedAt": "2026-09-22"}}}, {"type": "Feature", "id": "airport:LPMA", "geometry": {"type": "Point", "coordinates": [-16.774613, 32.697812]}, "properties": {"id": "e:fac:apt-lpma", "name": "Cristiano Ronaldo International Airport", "kind": "airport", "iata": "FNC", "country": "PT", "municipality": "Funchal", "function": "客货混合·农产品进境口岸", "geoPrecision": "exact", "provenance": {"provider": "OurAirports", "url": "https://davidmegginson.github.io/ourairports-data/airports.csv", "license": "Public Domain", "collectedAt": "2026-09-22"}}}, {"type": "Feature", "id": "airport:LPPD", "geometry": {"type": "Point", "coordinates": [-25.697901, 37.741199]}, "properties": {"id": "e:fac:apt-lppd", "name": "João Paulo II Airport", "kind": "airport", "iata": "PDL", "country": "PT", "municipality": "Ponta Delgada", "function": "客货混合·农产品进境口岸", "geoPrecision": "exact", "provenance": {"provider": "OurAirports", "url": "https://davidmegginson.github.io/ourairports-data/airports.csv", "license": "Public Domain", "collectedAt": "2026-09-22"}}}, {"type": "Feature", "id": "airport:LPPR", "geometry": {"type": "Point", "coordinates": [-8.68139, 41.2481]}, "properties": {"id": "e:fac:apt-lppr", "name": "Francisco de Sá Carneiro Airport", "kind": "airport", "iata": "OPO", "country": "PT", "municipality": "Porto", "function": "客货混合·农产品进境口岸", "geoPrecision": "exact", "provenance": {"provider": "OurAirports", "url": "https://davidmegginson.github.io/ourairports-data/airports.csv", "license": "Public Domain", "collectedAt": "2026-09-22"}}}, {"type": "Feature", "id": "airport:LPPT", "geometry": {"type": "Point", "coordinates": [-9.13592, 38.7813]}, "properties": {"id": "e:fac:apt-lppt", "name": "Lisbon Humberto Delgado Airport", "kind": "airport", "iata": "LIS", "country": "PT", "municipality": "Lisbon", "function": "客货混合·农产品进境口岸", "geoPrecision": "exact", "provenance": {"provider": "OurAirports", "url": "https://davidmegginson.github.io/ourairports-data/airports.csv", "license": "Public Domain", "collectedAt": "2026-09-22"}}}, {"type": "Feature", "id": "airport:LQBK", "geometry": {"type": "Point", "coordinates": [17.297501, 44.941399]}, "properties": {"id": "e:fac:apt-lqbk", "name": "Banja Luka International Airport", "kind": "airport", "iata": "BNX", "country": "BA", "municipality": "Mahovljani", "function": "客货混合·农产品进境口岸", "geoPrecision": "exact", "provenance": {"provider": "OurAirports", "url": "https://davidmegginson.github.io/ourairports-data/airports.csv", "license": "Public Domain", "collectedAt": "2026-09-22"}}}, {"type": "Feature", "id": "airport:LQMO", "geometry": {"type": "Point", "coordinates": [17.846101, 43.282489]}, "properties": {"id": "e:fac:apt-lqmo", "name": "Mostar International Airport", "kind": "airport", "iata": "OMO", "country": "BA", "municipality": "Mostar", "function": "客货混合·农产品进境口岸", "geoPrecision": "exact", "provenance": {"provider": "OurAirports", "url": "https://davidmegginson.github.io/ourairports-data/airports.csv", "license": "Public Domain", "collectedAt": "2026-09-22"}}}, {"type": "Feature", "id": "airport:LQSA", "geometry": {"type": "Point", "coordinates": [18.331499, 43.8246]}, "properties": {"id": "e:fac:apt-lqsa", "name": "Sarajevo International Airport", "kind": "airport", "iata": "SJJ", "country": "BA", "municipality": "Sarajevo", "function": "客货混合·农产品进境口岸", "geoPrecision": "exact", "provenance": {"provider": "OurAirports", "url": "https://davidmegginson.github.io/ourairports-data/airports.csv", "license": "Public Domain", "collectedAt": "2026-09-22"}}}, {"type": "Feature", "id": "airport:LQTZ", "geometry": {"type": "Point", "coordinates": [18.723627, 44.459858]}, "properties": {"id": "e:fac:apt-lqtz", "name": "Tuzla International Airport", "kind": "airport", "iata": "TZL", "country": "BA", "municipality": "Dubrave Gornje", "function": "客货混合·农产品进境口岸", "geoPrecision": "exact", "provenance": {"provider": "OurAirports", "url": "https://davidmegginson.github.io/ourairports-data/airports.csv", "license": "Public Domain", "collectedAt": "2026-09-22"}}}, {"type": "Feature", "id": "airport:LRBC", "geometry": {"type": "Point", "coordinates": [26.910299, 46.5219]}, "properties": {"id": "e:fac:apt-lrbc", "name": "Bacău George Enescu International  Airport", "kind": "airport", "iata": "BCM", "country": "RO", "municipality": "Bacău", "function": "客货混合·农产品进境口岸", "geoPrecision": "exact", "provenance": {"provider": "OurAirports", "url": "https://davidmegginson.github.io/ourairports-data/airports.csv", "license": "Public Domain", "collectedAt": "2026-09-22"}}}, {"type": "Feature", "id": "airport:LRBS", "geometry": {"type": "Point", "coordinates": [26.102944, 44.503133]}, "properties": {"id": "e:fac:apt-lrbs", "name": "Bucharest Băneasa Aurel Vlaicu International Airport", "kind": "airport", "iata": "BBU", "country": "RO", "municipality": "Bucharest", "function": "客货混合·农产品进境口岸", "geoPrecision": "exact", "provenance": {"provider": "OurAirports", "url": "https://davidmegginson.github.io/ourairports-data/airports.csv", "license": "Public Domain", "collectedAt": "2026-09-22"}}}, {"type": "Feature", "id": "airport:LRBV", "geometry": {"type": "Point", "coordinates": [25.522871, 45.70558]}, "properties": {"id": "e:fac:apt-lrbv", "name": "Brașov-Ghimbav International Airport", "kind": "airport", "iata": "GHV", "country": "RO", "municipality": "Brașov (Ghimbav)", "function": "客货混合·农产品进境口岸", "geoPrecision": "exact", "provenance": {"provider": "OurAirports", "url": "https://davidmegginson.github.io/ourairports-data/airports.csv", "license": "Public Domain", "collectedAt": "2026-09-22"}}}, {"type": "Feature", "id": "airport:LRCK", "geometry": {"type": "Point", "coordinates": [28.4883, 44.362202]}, "properties": {"id": "e:fac:apt-lrck", "name": "Mihail Kogălniceanu International Airport", "kind": "airport", "iata": "CND", "country": "RO", "municipality": "Constanța", "function": "客货混合·农产品进境口岸", "geoPrecision": "exact", "provenance": {"provider": "OurAirports", "url": "https://davidmegginson.github.io/ourairports-data/airports.csv", "license": "Public Domain", "collectedAt": "2026-09-22"}}}, {"type": "Feature", "id": "airport:LRCL", "geometry": {"type": "Point", "coordinates": [23.685733, 46.786042]}, "properties": {"id": "e:fac:apt-lrcl", "name": "Avram Iancu Cluj International Airport", "kind": "airport", "iata": "CLJ", "country": "RO", "municipality": "Cluj-Napoca", "function": "客货混合·农产品进境口岸", "geoPrecision": "exact", "provenance": {"provider": "OurAirports", "url": "https://davidmegginson.github.io/ourairports-data/airports.csv", "license": "Public Domain", "collectedAt": "2026-09-22"}}}, {"type": "Feature", "id": "airport:LRCV", "geometry": {"type": "Point", "coordinates": [23.888599, 44.3181]}, "properties": {"id": "e:fac:apt-lrcv", "name": "Craiova International Airport", "kind": "airport", "iata": "CRA", "country": "RO", "municipality": "Craiova", "function": "客货混合·农产品进境口岸", "geoPrecision": "exact", "provenance": {"provider": "OurAirports", "url": "https://davidmegginson.github.io/ourairports-data/airports.csv", "license": "Public Domain", "collectedAt": "2026-09-22"}}}, {"type": "Feature", "id": "airport:LRIA", "geometry": {"type": "Point", "coordinates": [27.621431, 47.179633]}, "properties": {"id": "e:fac:apt-lria", "name": "Iaşi International Airport", "kind": "airport", "iata": "IAS", "country": "RO", "municipality": "Iaşi", "function": "客货混合·农产品进境口岸", "geoPrecision": "exact", "provenance": {"provider": "OurAirports", "url": "https://davidmegginson.github.io/ourairports-data/airports.csv", "license": "Public Domain", "collectedAt": "2026-09-22"}}}, {"type": "Feature", "id": "airport:LROD", "geometry": {"type": "Point", "coordinates": [21.9025, 47.025299]}, "properties": {"id": "e:fac:apt-lrod", "name": "Oradea International Airport", "kind": "airport", "iata": "OMR", "country": "RO", "municipality": "Oradea", "function": "客货混合·农产品进境口岸", "geoPrecision": "exact", "provenance": {"provider": "OurAirports", "url": "https://davidmegginson.github.io/ourairports-data/airports.csv", "license": "Public Domain", "collectedAt": "2026-09-22"}}}, {"type": "Feature", "id": "airport:LROP", "geometry": {"type": "Point", "coordinates": [26.103285, 44.571792]}, "properties": {"id": "e:fac:apt-lrop", "name": "Bucharest Henri Coandă International Airport", "kind": "airport", "iata": "OTP", "country": "RO", "municipality": "Otopeni", "function": "客货混合·农产品进境口岸", "geoPrecision": "exact", "provenance": {"provider": "OurAirports", "url": "https://davidmegginson.github.io/ourairports-data/airports.csv", "license": "Public Domain", "collectedAt": "2026-09-22"}}}, {"type": "Feature", "id": "airport:LRSB", "geometry": {"type": "Point", "coordinates": [24.086666, 45.785841]}, "properties": {"id": "e:fac:apt-lrsb", "name": "Sibiu International Airport", "kind": "airport", "iata": "SBZ", "country": "RO", "municipality": "Sibiu", "function": "客货混合·农产品进境口岸", "geoPrecision": "exact", "provenance": {"provider": "OurAirports", "url": "https://davidmegginson.github.io/ourairports-data/airports.csv", "license": "Public Domain", "collectedAt": "2026-09-22"}}}, {"type": "Feature", "id": "airport:LRSV", "geometry": {"type": "Point", "coordinates": [26.354099, 47.6875]}, "properties": {"id": "e:fac:apt-lrsv", "name": "Suceava Ștefan cel Mare International Airport", "kind": "airport", "iata": "SCV", "country": "RO", "municipality": "Suceava", "function": "客货混合·农产品进境口岸", "geoPrecision": "exact", "provenance": {"provider": "OurAirports", "url": "https://davidmegginson.github.io/ourairports-data/airports.csv", "license": "Public Domain", "collectedAt": "2026-09-22"}}}, {"type": "Feature", "id": "airport:LRTR", "geometry": {"type": "Point", "coordinates": [21.3379, 45.809898]}, "properties": {"id": "e:fac:apt-lrtr", "name": "Timișoara Traian Vuia International Airport", "kind": "airport", "iata": "TSR", "country": "RO", "municipality": "Timişoara", "function": "客货混合·农产品进境口岸", "geoPrecision": "exact", "provenance": {"provider": "OurAirports", "url": "https://davidmegginson.github.io/ourairports-data/airports.csv", "license": "Public Domain", "collectedAt": "2026-09-22"}}}, {"type": "Feature", "id": "airport:LSGG", "geometry": {"type": "Point", "coordinates": [6.10895, 46.238098]}, "properties": {"id": "e:fac:apt-lsgg", "name": "Geneva International Airport", "kind": "airport", "iata": "GVA", "country": "CH", "municipality": "Geneva", "function": "客货混合·农产品进境口岸", "geoPrecision": "exact", "provenance": {"provider": "OurAirports", "url": "https://davidmegginson.github.io/ourairports-data/airports.csv", "license": "Public Domain", "collectedAt": "2026-09-22"}}}, {"type": "Feature", "id": "airport:LSZH", "geometry": {"type": "Point", "coordinates": [8.548056, 47.458056]}, "properties": {"id": "e:fac:apt-lszh", "name": "Zürich Airport", "kind": "airport", "iata": "ZRH", "country": "CH", "municipality": "Zurich", "function": "客货混合·农产品进境口岸", "geoPrecision": "exact", "provenance": {"provider": "OurAirports", "url": "https://davidmegginson.github.io/ourairports-data/airports.csv", "license": "Public Domain", "collectedAt": "2026-09-22"}}}, {"type": "Feature", "id": "airport:LTAC", "geometry": {"type": "Point", "coordinates": [32.995098, 40.128101]}, "properties": {"id": "e:fac:apt-ltac", "name": "Esenboğa International Airport", "kind": "airport", "iata": "ESB", "country": "TR", "municipality": "Ankara", "function": "客货混合·农产品进境口岸", "geoPrecision": "exact", "provenance": {"provider": "OurAirports", "url": "https://davidmegginson.github.io/ourairports-data/airports.csv", "license": "Public Domain", "collectedAt": "2026-09-22"}}}, {"type": "Feature", "id": "airport:LTAI", "geometry": {"type": "Point", "coordinates": [30.800501, 36.898701]}, "properties": {"id": "e:fac:apt-ltai", "name": "Antalya International Airport", "kind": "airport", "iata": "AYT", "country": "TR", "municipality": "Antalya", "function": "客货混合·农产品进境口岸", "geoPrecision": "exact", "provenance": {"provider": "OurAirports", "url": "https://davidmegginson.github.io/ourairports-data/airports.csv", "license": "Public Domain", "collectedAt": "2026-09-22"}}}, {"type": "Feature", "id": "airport:LTAJ", "geometry": {"type": "Point", "coordinates": [37.478699, 36.947201]}, "properties": {"id": "e:fac:apt-ltaj", "name": "Gaziantep Oğuzeli International Airport", "kind": "airport", "iata": "GZT", "country": "TR", "municipality": "Gaziantep", "function": "客货混合·农产品进境口岸", "geoPrecision": "exact", "provenance": {"provider": "OurAirports", "url": "https://davidmegginson.github.io/ourairports-data/airports.csv", "license": "Public Domain", "collectedAt": "2026-09-22"}}}, {"type": "Feature", "id": "airport:LTAN", "geometry": {"type": "Point", "coordinates": [32.561901, 37.979]}, "properties": {"id": "e:fac:apt-ltan", "name": "Konya Airport", "kind": "airport", "iata": "KYA", "country": "TR", "municipality": "Konya", "function": "客货混合·农产品进境口岸", "geoPrecision": "exact", "provenance": {"provider": "OurAirports", "url": "https://davidmegginson.github.io/ourairports-data/airports.csv", "license": "Public Domain", "collectedAt": "2026-09-22"}}}, {"type": "Feature", "id": "airport:LTAU", "geometry": {"type": "Point", "coordinates": [35.495399, 38.770401]}, "properties": {"id": "e:fac:apt-ltau", "name": "Kayseri Erkilet International Airport", "kind": "airport", "iata": "ASR", "country": "TR", "municipality": "Kayseri", "function": "客货混合·农产品进境口岸", "geoPrecision": "exact", "provenance": {"provider": "OurAirports", "url": "https://davidmegginson.github.io/ourairports-data/airports.csv", "license": "Public Domain", "collectedAt": "2026-09-22"}}}, {"type": "Feature", "id": "airport:LTAZ", "geometry": {"type": "Point", "coordinates": [34.5345, 38.7719]}, "properties": {"id": "e:fac:apt-ltaz", "name": "Nevşehir Kapadokya Airport", "kind": "airport", "iata": "NAV", "country": "TR", "municipality": "Nevşehir", "function": "客货混合·农产品进境口岸", "geoPrecision": "exact", "provenance": {"provider": "OurAirports", "url": "https://davidmegginson.github.io/ourairports-data/airports.csv", "license": "Public Domain", "collectedAt": "2026-09-22"}}}, {"type": "Feature", "id": "airport:LTBA", "geometry": {"type": "Point", "coordinates": [28.823714, 40.971913]}, "properties": {"id": "e:fac:apt-ltba", "name": "İstanbul Atatürk Airport", "kind": "airport", "iata": "ISL", "country": "TR", "municipality": "Istanbul(Bakırköy)", "function": "客货混合·农产品进境口岸", "geoPrecision": "exact", "provenance": {"provider": "OurAirports", "url": "https://davidmegginson.github.io/ourairports-data/airports.csv", "license": "Public Domain", "collectedAt": "2026-09-22"}}}, {"type": "Feature", "id": "airport:LTBJ", "geometry": {"type": "Point", "coordinates": [27.157, 38.2924]}, "properties": {"id": "e:fac:apt-ltbj", "name": "Adnan Menderes International Airport", "kind": "airport", "iata": "ADB", "country": "TR", "municipality": "Gaziemir", "function": "客货混合·农产品进境口岸", "geoPrecision": "exact", "provenance": {"provider": "OurAirports", "url": "https://davidmegginson.github.io/ourairports-data/airports.csv", "license": "Public Domain", "collectedAt": "2026-09-22"}}}, {"type": "Feature", "id": "airport:LTBS", "geometry": {"type": "Point", "coordinates": [28.7925, 36.7131]}, "properties": {"id": "e:fac:apt-ltbs", "name": "Dalaman International Airport", "kind": "airport", "iata": "DLM", "country": "TR", "municipality": "Dalaman", "function": "客货混合·农产品进境口岸", "geoPrecision": "exact", "provenance": {"provider": "OurAirports", "url": "https://davidmegginson.github.io/ourairports-data/airports.csv", "license": "Public Domain", "collectedAt": "2026-09-22"}}}, {"type": "Feature", "id": "airport:LTBY", "geometry": {"type": "Point", "coordinates": [30.519268, 39.811644]}, "properties": {"id": "e:fac:apt-ltby", "name": "Hasan Polatkan Airport", "kind": "airport", "iata": "AOE", "country": "TR", "municipality": "Eskişehir", "function": "客货混合·农产品进境口岸", "geoPrecision": "exact", "provenance": {"provider": "OurAirports", "url": "https://davidmegginson.github.io/ourairports-data/airports.csv", "license": "Public Domain", "collectedAt": "2026-09-22"}}}, {"type": "Feature", "id": "airport:LTCS", "geometry": {"type": "Point", "coordinates": [38.895592, 37.445663]}, "properties": {"id": "e:fac:apt-ltcs", "name": "Şanlıurfa GAP Airport", "kind": "airport", "iata": "GNY", "country": "TR", "municipality": "Şanlıurfa", "function": "客货混合·农产品进境口岸", "geoPrecision": "exact", "provenance": {"provider": "OurAirports", "url": "https://davidmegginson.github.io/ourairports-data/airports.csv", "license": "Public Domain", "collectedAt": "2026-09-22"}}}, {"type": "Feature", "id": "airport:LTDB", "geometry": {"type": "Point", "coordinates": [35.071235, 36.891478]}, "properties": {"id": "e:fac:apt-ltdb", "name": "Çukurova International Airport", "kind": "airport", "iata": "COV", "country": "TR", "municipality": "Tarsus", "function": "客货混合·农产品进境口岸", "geoPrecision": "exact", "provenance": {"provider": "OurAirports", "url": "https://davidmegginson.github.io/ourairports-data/airports.csv", "license": "Public Domain", "collectedAt": "2026-09-22"}}}, {"type": "Feature", "id": "airport:LTFD", "geometry": {"type": "Point", "coordinates": [27.010192, 39.552533]}, "properties": {"id": "e:fac:apt-ltfd", "name": "Balıkesir Koca Seyit Airport", "kind": "airport", "iata": "EDO", "country": "TR", "municipality": "Edremit", "function": "客货混合·农产品进境口岸", "geoPrecision": "exact", "provenance": {"provider": "OurAirports", "url": "https://davidmegginson.github.io/ourairports-data/airports.csv", "license": "Public Domain", "collectedAt": "2026-09-22"}}}, {"type": "Feature", "id": "airport:LTFE", "geometry": {"type": "Point", "coordinates": [27.66401, 37.249314]}, "properties": {"id": "e:fac:apt-ltfe", "name": "Milas Bodrum International Airport", "kind": "airport", "iata": "BJV", "country": "TR", "municipality": "Bodrum", "function": "客货混合·农产品进境口岸", "geoPrecision": "exact", "provenance": {"provider": "OurAirports", "url": "https://davidmegginson.github.io/ourairports-data/airports.csv", "license": "Public Domain", "collectedAt": "2026-09-22"}}}, {"type": "Feature", "id": "airport:LTFJ", "geometry": {"type": "Point", "coordinates": [29.3092, 40.898602]}, "properties": {"id": "e:fac:apt-ltfj", "name": "Istanbul Sabiha Gökçen International Airport", "kind": "airport", "iata": "SAW", "country": "TR", "municipality": "Pendik, Istanbul", "function": "客货混合·农产品进境口岸", "geoPrecision": "exact", "provenance": {"provider": "OurAirports", "url": "https://davidmegginson.github.io/ourairports-data/airports.csv", "license": "Public Domain", "collectedAt": "2026-09-22"}}}, {"type": "Feature", "id": "airport:LTFM", "geometry": {"type": "Point", "coordinates": [28.732136, 41.274874]}, "properties": {"id": "e:fac:apt-ltfm", "name": "İstanbul Airport", "kind": "airport", "iata": "IST", "country": "TR", "municipality": "Istanbul", "function": "客货混合·农产品进境口岸", "geoPrecision": "exact", "provenance": {"provider": "OurAirports", "url": "https://davidmegginson.github.io/ourairports-data/airports.csv", "license": "Public Domain", "collectedAt": "2026-09-22"}}}, {"type": "Feature", "id": "airport:LUKK", "geometry": {"type": "Point", "coordinates": [28.931704, 46.92774]}, "properties": {"id": "e:fac:apt-lukk", "name": "Chişinău International Airport", "kind": "airport", "iata": "RMO", "country": "MD", "municipality": "Chişinău", "function": "客货混合·农产品进境口岸", "geoPrecision": "exact", "provenance": {"provider": "OurAirports", "url": "https://davidmegginson.github.io/ourairports-data/airports.csv", "license": "Public Domain", "collectedAt": "2026-09-22"}}}, {"type": "Feature", "id": "airport:LWOH", "geometry": {"type": "Point", "coordinates": [20.7423, 41.18]}, "properties": {"id": "e:fac:apt-lwoh", "name": "Ohrid St. Paul the Apostle Airport", "kind": "airport", "iata": "OHD", "country": "MK", "municipality": "Ohrid", "function": "客货混合·农产品进境口岸", "geoPrecision": "exact", "provenance": {"provider": "OurAirports", "url": "https://davidmegginson.github.io/ourairports-data/airports.csv", "license": "Public Domain", "collectedAt": "2026-09-22"}}}, {"type": "Feature", "id": "airport:LWSK", "geometry": {"type": "Point", "coordinates": [21.622581, 41.958087]}, "properties": {"id": "e:fac:apt-lwsk", "name": "Skopje International Airport", "kind": "airport", "iata": "SKP", "country": "MK", "municipality": "Ilinden", "function": "客货混合·农产品进境口岸", "geoPrecision": "exact", "provenance": {"provider": "OurAirports", "url": "https://davidmegginson.github.io/ourairports-data/airports.csv", "license": "Public Domain", "collectedAt": "2026-09-22"}}}, {"type": "Feature", "id": "airport:LXGB", "geometry": {"type": "Point", "coordinates": [-5.34978, 36.151679]}, "properties": {"id": "e:fac:apt-lxgb", "name": "Gibraltar Airport", "kind": "airport", "iata": "GIB", "country": "GI", "municipality": "Gibraltar", "function": "客货混合·农产品进境口岸", "geoPrecision": "exact", "provenance": {"provider": "OurAirports", "url": "https://davidmegginson.github.io/ourairports-data/airports.csv", "license": "Public Domain", "collectedAt": "2026-09-22"}}}, {"type": "Feature", "id": "airport:LYBE", "geometry": {"type": "Point", "coordinates": [20.309099, 44.818401]}, "properties": {"id": "e:fac:apt-lybe", "name": "Belgrade Nikola Tesla Airport", "kind": "airport", "iata": "BEG", "country": "RS", "municipality": "Belgrade", "function": "客货混合·农产品进境口岸", "geoPrecision": "exact", "provenance": {"provider": "OurAirports", "url": "https://davidmegginson.github.io/ourairports-data/airports.csv", "license": "Public Domain", "collectedAt": "2026-09-22"}}}, {"type": "Feature", "id": "airport:LYNI", "geometry": {"type": "Point", "coordinates": [21.856242, 43.336538]}, "properties": {"id": "e:fac:apt-lyni", "name": "Niš Constantine the Great Airport", "kind": "airport", "iata": "INI", "country": "RS", "municipality": "Niš", "function": "客货混合·农产品进境口岸", "geoPrecision": "exact", "provenance": {"provider": "OurAirports", "url": "https://davidmegginson.github.io/ourairports-data/airports.csv", "license": "Public Domain", "collectedAt": "2026-09-22"}}}, {"type": "Feature", "id": "airport:LYPG", "geometry": {"type": "Point", "coordinates": [19.2519, 42.359402]}, "properties": {"id": "e:fac:apt-lypg", "name": "Podgorica Airport / Podgorica Golubovci Airbase", "kind": "airport", "iata": "TGD", "country": "ME", "municipality": "Podgorica", "function": "客货混合·农产品进境口岸", "geoPrecision": "exact", "provenance": {"provider": "OurAirports", "url": "https://davidmegginson.github.io/ourairports-data/airports.csv", "license": "Public Domain", "collectedAt": "2026-09-22"}}}, {"type": "Feature", "id": "airport:LZIB", "geometry": {"type": "Point", "coordinates": [17.2127, 48.1702]}, "properties": {"id": "e:fac:apt-lzib", "name": "M. R. Štefánik Airport", "kind": "airport", "iata": "BTS", "country": "SK", "municipality": "Bratislava", "function": "客货混合·农产品进境口岸", "geoPrecision": "exact", "provenance": {"provider": "OurAirports", "url": "https://davidmegginson.github.io/ourairports-data/airports.csv", "license": "Public Domain", "collectedAt": "2026-09-22"}}}, {"type": "Feature", "id": "airport:MBPV", "geometry": {"type": "Point", "coordinates": [-72.268321, 21.773697]}, "properties": {"id": "e:fac:apt-mbpv", "name": "Providenciales International Airport", "kind": "airport", "iata": "PLS", "country": "TC", "municipality": "Providenciales", "function": "客货混合·农产品进境口岸", "geoPrecision": "exact", "provenance": {"provider": "OurAirports", "url": "https://davidmegginson.github.io/ourairports-data/airports.csv", "license": "Public Domain", "collectedAt": "2026-09-22"}}}, {"type": "Feature", "id": "airport:MDLR", "geometry": {"type": "Point", "coordinates": [-68.911111, 18.452222]}, "properties": {"id": "e:fac:apt-mdlr", "name": "Casa De Campo International Airport", "kind": "airport", "iata": "LRM", "country": "DO", "municipality": "La Romana", "function": "客货混合·农产品进境口岸", "geoPrecision": "exact", "provenance": {"provider": "OurAirports", "url": "https://davidmegginson.github.io/ourairports-data/airports.csv", "license": "Public Domain", "collectedAt": "2026-09-22"}}}, {"type": "Feature", "id": "airport:MDPC", "geometry": {"type": "Point", "coordinates": [-68.364558, 18.567093]}, "properties": {"id": "e:fac:apt-mdpc", "name": "Punta Cana International Airport", "kind": "airport", "iata": "PUJ", "country": "DO", "municipality": "Punta Cana", "function": "客货混合·农产品进境口岸", "geoPrecision": "exact", "provenance": {"provider": "OurAirports", "url": "https://davidmegginson.github.io/ourairports-data/airports.csv", "license": "Public Domain", "collectedAt": "2026-09-22"}}}, {"type": "Feature", "id": "airport:MDSD", "geometry": {"type": "Point", "coordinates": [-69.6689, 18.429701]}, "properties": {"id": "e:fac:apt-mdsd", "name": "Las Américas International Airport", "kind": "airport", "iata": "SDQ", "country": "DO", "municipality": "Santo Domingo", "function": "客货混合·农产品进境口岸", "geoPrecision": "exact", "provenance": {"provider": "OurAirports", "url": "https://davidmegginson.github.io/ourairports-data/airports.csv", "license": "Public Domain", "collectedAt": "2026-09-22"}}}, {"type": "Feature", "id": "airport:MDST", "geometry": {"type": "Point", "coordinates": [-70.604431, 19.40406]}, "properties": {"id": "e:fac:apt-mdst", "name": "Cibao International Airport", "kind": "airport", "iata": "STI", "country": "DO", "municipality": "Santiago", "function": "客货混合·农产品进境口岸", "geoPrecision": "exact", "provenance": {"provider": "OurAirports", "url": "https://davidmegginson.github.io/ourairports-data/airports.csv", "license": "Public Domain", "collectedAt": "2026-09-22"}}}, {"type": "Feature", "id": "airport:MGGT", "geometry": {"type": "Point", "coordinates": [-90.527515, 14.582896]}, "properties": {"id": "e:fac:apt-mggt", "name": "La Aurora International Airport", "kind": "airport", "iata": "GUA", "country": "GT", "municipality": "Guatemala City", "function": "客货混合·农产品进境口岸", "geoPrecision": "exact", "provenance": {"provider": "OurAirports", "url": "https://davidmegginson.github.io/ourairports-data/airports.csv", "license": "Public Domain", "collectedAt": "2026-09-22"}}}, {"type": "Feature", "id": "airport:MHLM", "geometry": {"type": "Point", "coordinates": [-87.923599, 15.4526]}, "properties": {"id": "e:fac:apt-mhlm", "name": "Ramón Villeda Morales International Airport", "kind": "airport", "iata": "SAP", "country": "HN", "municipality": "San Pedro Sula", "function": "客货混合·农产品进境口岸", "geoPrecision": "exact", "provenance": {"provider": "OurAirports", "url": "https://davidmegginson.github.io/ourairports-data/airports.csv", "license": "Public Domain", "collectedAt": "2026-09-22"}}}, {"type": "Feature", "id": "airport:MHRO", "geometry": {"type": "Point", "coordinates": [-86.523003, 16.316799]}, "properties": {"id": "e:fac:apt-mhro", "name": "Juan Manuel Gálvez International Airport", "kind": "airport", "iata": "RTB", "country": "HN", "municipality": "Coxen Hole", "function": "客货混合·农产品进境口岸", "geoPrecision": "exact", "provenance": {"provider": "OurAirports", "url": "https://davidmegginson.github.io/ourairports-data/airports.csv", "license": "Public Domain", "collectedAt": "2026-09-22"}}}, {"type": "Feature", "id": "airport:MHSC", "geometry": {"type": "Point", "coordinates": [-87.621201, 14.3824]}, "properties": {"id": "e:fac:apt-mhsc", "name": "Palmerola International Airport", "kind": "airport", "iata": "XPL", "country": "HN", "municipality": "Palmerola", "function": "客货混合·农产品进境口岸", "geoPrecision": "exact", "provenance": {"provider": "OurAirports", "url": "https://davidmegginson.github.io/ourairports-data/airports.csv", "license": "Public Domain", "collectedAt": "2026-09-22"}}}, {"type": "Feature", "id": "airport:MKJP", "geometry": {"type": "Point", "coordinates": [-76.787498, 17.935699]}, "properties": {"id": "e:fac:apt-mkjp", "name": "Norman Manley International Airport", "kind": "airport", "iata": "KIN", "country": "JM", "municipality": "Kingston", "function": "客货混合·农产品进境口岸", "geoPrecision": "exact", "provenance": {"provider": "OurAirports", "url": "https://davidmegginson.github.io/ourairports-data/airports.csv", "license": "Public Domain", "collectedAt": "2026-09-22"}}}, {"type": "Feature", "id": "airport:MKJS", "geometry": {"type": "Point", "coordinates": [-77.91323, 18.50342]}, "properties": {"id": "e:fac:apt-mkjs", "name": "Sangster International Airport", "kind": "airport", "iata": "MBJ", "country": "JM", "municipality": "Montego Bay", "function": "客货混合·农产品进境口岸", "geoPrecision": "exact", "provenance": {"provider": "OurAirports", "url": "https://davidmegginson.github.io/ourairports-data/airports.csv", "license": "Public Domain", "collectedAt": "2026-09-22"}}}, {"type": "Feature", "id": "airport:MMAA", "geometry": {"type": "Point", "coordinates": [-99.753113, 16.757126]}, "properties": {"id": "e:fac:apt-mmaa", "name": "General Juan N. Álvarez International Airport", "kind": "airport", "iata": "ACA", "country": "MX", "municipality": "Acapulco", "function": "客货混合·农产品进境口岸", "geoPrecision": "exact", "provenance": {"provider": "OurAirports", "url": "https://davidmegginson.github.io/ourairports-data/airports.csv", "license": "Public Domain", "collectedAt": "2026-09-22"}}}, {"type": "Feature", "id": "airport:MMAS", "geometry": {"type": "Point", "coordinates": [-102.318372, 21.699589]}, "properties": {"id": "e:fac:apt-mmas", "name": "Aguascalientes International Airport", "kind": "airport", "iata": "AGU", "country": "MX", "municipality": "Aguascalientes", "function": "客货混合·农产品进境口岸", "geoPrecision": "exact", "provenance": {"provider": "OurAirports", "url": "https://davidmegginson.github.io/ourairports-data/airports.csv", "license": "Public Domain", "collectedAt": "2026-09-22"}}}, {"type": "Feature", "id": "airport:MMBT", "geometry": {"type": "Point", "coordinates": [-96.260456, 15.775437]}, "properties": {"id": "e:fac:apt-mmbt", "name": "Bahías de Huatulco International Airport", "kind": "airport", "iata": "HUX", "country": "MX", "municipality": "Huatulco", "function": "客货混合·农产品进境口岸", "geoPrecision": "exact", "provenance": {"provider": "OurAirports", "url": "https://davidmegginson.github.io/ourairports-data/airports.csv", "license": "Public Domain", "collectedAt": "2026-09-22"}}}, {"type": "Feature", "id": "airport:MMCL", "geometry": {"type": "Point", "coordinates": [-107.475228, 24.76504]}, "properties": {"id": "e:fac:apt-mmcl", "name": "Bachigualato Federal International Airport", "kind": "airport", "iata": "CUL", "country": "MX", "municipality": "Culiacán", "function": "客货混合·农产品进境口岸", "geoPrecision": "exact", "provenance": {"provider": "OurAirports", "url": "https://davidmegginson.github.io/ourairports-data/airports.csv", "license": "Public Domain", "collectedAt": "2026-09-22"}}}, {"type": "Feature", "id": "airport:MMCS", "geometry": {"type": "Point", "coordinates": [-106.428533, 31.636673]}, "properties": {"id": "e:fac:apt-mmcs", "name": "Abraham González International Airport", "kind": "airport", "iata": "CJS", "country": "MX", "municipality": "Ciudad Juárez", "function": "客货混合·农产品进境口岸", "geoPrecision": "exact", "provenance": {"provider": "OurAirports", "url": "https://davidmegginson.github.io/ourairports-data/airports.csv", "license": "Public Domain", "collectedAt": "2026-09-22"}}}, {"type": "Feature", "id": "airport:MMCU", "geometry": {"type": "Point", "coordinates": [-105.963764, 28.702649]}, "properties": {"id": "e:fac:apt-mmcu", "name": "General Roberto Fierro Villalobos International Airport", "kind": "airport", "iata": "CUU", "country": "MX", "municipality": "Chihuahua", "function": "客货混合·农产品进境口岸", "geoPrecision": "exact", "provenance": {"provider": "OurAirports", "url": "https://davidmegginson.github.io/ourairports-data/airports.csv", "license": "Public Domain", "collectedAt": "2026-09-22"}}}, {"type": "Feature", "id": "airport:MMCZ", "geometry": {"type": "Point", "coordinates": [-86.928538, 20.514922]}, "properties": {"id": "e:fac:apt-mmcz", "name": "Cozumel International Airport", "kind": "airport", "iata": "CZM", "country": "MX", "municipality": "Cozumel", "function": "客货混合·农产品进境口岸", "geoPrecision": "exact", "provenance": {"provider": "OurAirports", "url": "https://davidmegginson.github.io/ourairports-data/airports.csv", "license": "Public Domain", "collectedAt": "2026-09-22"}}}, {"type": "Feature", "id": "airport:MMGL", "geometry": {"type": "Point", "coordinates": [-103.310108, 20.523342]}, "properties": {"id": "e:fac:apt-mmgl", "name": "Guadalajara International Airport", "kind": "airport", "iata": "GDL", "country": "MX", "municipality": "Guadalajara", "function": "客货混合·农产品进境口岸", "geoPrecision": "exact", "provenance": {"provider": "OurAirports", "url": "https://davidmegginson.github.io/ourairports-data/airports.csv", "license": "Public Domain", "collectedAt": "2026-09-22"}}}, {"type": "Feature", "id": "airport:MMHO", "geometry": {"type": "Point", "coordinates": [-111.053015, 29.092811]}, "properties": {"id": "e:fac:apt-mmho", "name": "General Ignacio L. Pesqueira International Airport", "kind": "airport", "iata": "HMO", "country": "MX", "municipality": "Hermosillo", "function": "客货混合·农产品进境口岸", "geoPrecision": "exact", "provenance": {"provider": "OurAirports", "url": "https://davidmegginson.github.io/ourairports-data/airports.csv", "license": "Public Domain", "collectedAt": "2026-09-22"}}}, {"type": "Feature", "id": "airport:MMLO", "geometry": {"type": "Point", "coordinates": [-101.480284, 20.992695]}, "properties": {"id": "e:fac:apt-mmlo", "name": "Guanajuato International Airport", "kind": "airport", "iata": "BJX", "country": "MX", "municipality": "Silao", "function": "客货混合·农产品进境口岸", "geoPrecision": "exact", "provenance": {"provider": "OurAirports", "url": "https://davidmegginson.github.io/ourairports-data/airports.csv", "license": "Public Domain", "collectedAt": "2026-09-22"}}}, {"type": "Feature", "id": "airport:MMLT", "geometry": {"type": "Point", "coordinates": [-111.348408, 25.989549]}, "properties": {"id": "e:fac:apt-mmlt", "name": "Loreto International Airport", "kind": "airport", "iata": "LTO", "country": "MX", "municipality": "Loreto", "function": "客货混合·农产品进境口岸", "geoPrecision": "exact", "provenance": {"provider": "OurAirports", "url": "https://davidmegginson.github.io/ourairports-data/airports.csv", "license": "Public Domain", "collectedAt": "2026-09-22"}}}, {"type": "Feature", "id": "airport:MMMD", "geometry": {"type": "Point", "coordinates": [-89.645462, 20.930485]}, "properties": {"id": "e:fac:apt-mmmd", "name": "Manuel Crescencio Rejón International Airport", "kind": "airport", "iata": "MID", "country": "MX", "municipality": "Mérida", "function": "客货混合·农产品进境口岸", "geoPrecision": "exact", "provenance": {"provider": "OurAirports", "url": "https://davidmegginson.github.io/ourairports-data/airports.csv", "license": "Public Domain", "collectedAt": "2026-09-22"}}}, {"type": "Feature", "id": "airport:MMMM", "geometry": {"type": "Point", "coordinates": [-101.025002, 19.849899]}, "properties": {"id": "e:fac:apt-mmmm", "name": "General Francisco J. Mujica International Airport", "kind": "airport", "iata": "MLM", "country": "MX", "municipality": "Morelia", "function": "客货混合·农产品进境口岸", "geoPrecision": "exact", "provenance": {"provider": "OurAirports", "url": "https://davidmegginson.github.io/ourairports-data/airports.csv", "license": "Public Domain", "collectedAt": "2026-09-22"}}}, {"type": "Feature", "id": "airport:MMMX", "geometry": {"type": "Point", "coordinates": [-99.07033, 19.435822]}, "properties": {"id": "e:fac:apt-mmmx", "name": "Mexico City Benito Juárez International Airport", "kind": "airport", "iata": "MEX", "country": "MX", "municipality": "Mexico City", "function": "客货混合·农产品进境口岸", "geoPrecision": "exact", "provenance": {"provider": "OurAirports", "url": "https://davidmegginson.github.io/ourairports-data/airports.csv", "license": "Public Domain", "collectedAt": "2026-09-22"}}}, {"type": "Feature", "id": "airport:MMMY", "geometry": {"type": "Point", "coordinates": [-100.106989, 25.778521]}, "properties": {"id": "e:fac:apt-mmmy", "name": "Monterrey International Airport", "kind": "airport", "iata": "MTY", "country": "MX", "municipality": "Monterrey", "function": "客货混合·农产品进境口岸", "geoPrecision": "exact", "provenance": {"provider": "OurAirports", "url": "https://davidmegginson.github.io/ourairports-data/airports.csv", "license": "Public Domain", "collectedAt": "2026-09-22"}}}, {"type": "Feature", "id": "airport:MMMZ", "geometry": {"type": "Point", "coordinates": [-106.264517, 23.162823]}, "properties": {"id": "e:fac:apt-mmmz", "name": "General Rafael Buelna International Airport", "kind": "airport", "iata": "MZT", "country": "MX", "municipality": "Mazatlàn", "function": "客货混合·农产品进境口岸", "geoPrecision": "exact", "provenance": {"provider": "OurAirports", "url": "https://davidmegginson.github.io/ourairports-data/airports.csv", "license": "Public Domain", "collectedAt": "2026-09-22"}}}, {"type": "Feature", "id": "airport:MMOX", "geometry": {"type": "Point", "coordinates": [-96.726092, 16.998773]}, "properties": {"id": "e:fac:apt-mmox", "name": "Xoxocotlán International Airport", "kind": "airport", "iata": "OAX", "country": "MX", "municipality": "Oaxaca", "function": "客货混合·农产品进境口岸", "geoPrecision": "exact", "provenance": {"provider": "OurAirports", "url": "https://davidmegginson.github.io/ourairports-data/airports.csv", "license": "Public Domain", "collectedAt": "2026-09-22"}}}, {"type": "Feature", "id": "airport:MMPB", "geometry": {"type": "Point", "coordinates": [-98.371582, 19.158465]}, "properties": {"id": "e:fac:apt-mmpb", "name": "Hermanos Serdán International Airport", "kind": "airport", "iata": "PBC", "country": "MX", "municipality": "Puebla", "function": "客货混合·农产品进境口岸", "geoPrecision": "exact", "provenance": {"provider": "OurAirports", "url": "https://davidmegginson.github.io/ourairports-data/airports.csv", "license": "Public Domain", "collectedAt": "2026-09-22"}}}, {"type": "Feature", "id": "airport:MMPR", "geometry": {"type": "Point", "coordinates": [-105.254391, 20.679913]}, "properties": {"id": "e:fac:apt-mmpr", "name": "Puerto Vallarta International Airport", "kind": "airport", "iata": "PVR", "country": "MX", "municipality": "Puerto Vallarta", "function": "客货混合·农产品进境口岸", "geoPrecision": "exact", "provenance": {"provider": "OurAirports", "url": "https://davidmegginson.github.io/ourairports-data/airports.csv", "license": "Public Domain", "collectedAt": "2026-09-22"}}}, {"type": "Feature", "id": "airport:MMQT", "geometry": {"type": "Point", "coordinates": [-100.186449, 20.618779]}, "properties": {"id": "e:fac:apt-mmqt", "name": "Querétaro Intercontinental Airport", "kind": "airport", "iata": "QRO", "country": "MX", "municipality": "Querétaro", "function": "客货混合·农产品进境口岸", "geoPrecision": "exact", "provenance": {"provider": "OurAirports", "url": "https://davidmegginson.github.io/ourairports-data/airports.csv", "license": "Public Domain", "collectedAt": "2026-09-22"}}}, {"type": "Feature", "id": "airport:MMSD", "geometry": {"type": "Point", "coordinates": [-109.720731, 23.151919]}, "properties": {"id": "e:fac:apt-mmsd", "name": "Los Cabos International Airport", "kind": "airport", "iata": "SJD", "country": "MX", "municipality": "San José del Cabo", "function": "客货混合·农产品进境口岸", "geoPrecision": "exact", "provenance": {"provider": "OurAirports", "url": "https://davidmegginson.github.io/ourairports-data/airports.csv", "license": "Public Domain", "collectedAt": "2026-09-22"}}}, {"type": "Feature", "id": "airport:MMSM", "geometry": {"type": "Point", "coordinates": [-99.01507, 19.743824]}, "properties": {"id": "e:fac:apt-mmsm", "name": "Felipe Ángeles International Airport", "kind": "airport", "iata": "NLU", "country": "MX", "municipality": "Mexico City", "function": "客货混合·农产品进境口岸", "geoPrecision": "exact", "provenance": {"provider": "OurAirports", "url": "https://davidmegginson.github.io/ourairports-data/airports.csv", "license": "Public Domain", "collectedAt": "2026-09-22"}}}, {"type": "Feature", "id": "airport:MMTJ", "geometry": {"type": "Point", "coordinates": [-116.969976, 32.541043]}, "properties": {"id": "e:fac:apt-mmtj", "name": "General Abelardo L. Rodriguez International Airport", "kind": "airport", "iata": "TIJ", "country": "MX", "municipality": "Tijuana", "function": "客货混合·农产品进境口岸", "geoPrecision": "exact", "provenance": {"provider": "OurAirports", "url": "https://davidmegginson.github.io/ourairports-data/airports.csv", "license": "Public Domain", "collectedAt": "2026-09-22"}}}, {"type": "Feature", "id": "airport:MMTL", "geometry": {"type": "Point", "coordinates": [-87.660272, 20.172098]}, "properties": {"id": "e:fac:apt-mmtl", "name": "Felipe Carrillo Puerto International Airport Tulum", "kind": "airport", "iata": "TQO", "country": "MX", "municipality": "Tulum", "function": "客货混合·农产品进境口岸", "geoPrecision": "exact", "provenance": {"provider": "OurAirports", "url": "https://davidmegginson.github.io/ourairports-data/airports.csv", "license": "Public Domain", "collectedAt": "2026-09-22"}}}, {"type": "Feature", "id": "airport:MMTO", "geometry": {"type": "Point", "coordinates": [-99.56583, 19.3369]}, "properties": {"id": "e:fac:apt-mmto", "name": "Adolfo López Mateos International Airport", "kind": "airport", "iata": "TLC", "country": "MX", "municipality": "Toluca", "function": "客货混合·农产品进境口岸", "geoPrecision": "exact", "provenance": {"provider": "OurAirports", "url": "https://davidmegginson.github.io/ourairports-data/airports.csv", "license": "Public Domain", "collectedAt": "2026-09-22"}}}, {"type": "Feature", "id": "airport:MMUN", "geometry": {"type": "Point", "coordinates": [-86.87347, 21.040817]}, "properties": {"id": "e:fac:apt-mmun", "name": "Cancún International Airport", "kind": "airport", "iata": "CUN", "country": "MX", "municipality": "Cancún", "function": "客货混合·农产品进境口岸", "geoPrecision": "exact", "provenance": {"provider": "OurAirports", "url": "https://davidmegginson.github.io/ourairports-data/airports.csv", "license": "Public Domain", "collectedAt": "2026-09-22"}}}, {"type": "Feature", "id": "airport:MMVA", "geometry": {"type": "Point", "coordinates": [-92.818199, 17.994283]}, "properties": {"id": "e:fac:apt-mmva", "name": "Carlos Rovirosa Pérez International Airport", "kind": "airport", "iata": "VSA", "country": "MX", "municipality": "Villahermosa", "function": "客货混合·农产品进境口岸", "geoPrecision": "exact", "provenance": {"provider": "OurAirports", "url": "https://davidmegginson.github.io/ourairports-data/airports.csv", "license": "Public Domain", "collectedAt": "2026-09-22"}}}, {"type": "Feature", "id": "airport:MMVR", "geometry": {"type": "Point", "coordinates": [-96.188602, 19.139589]}, "properties": {"id": "e:fac:apt-mmvr", "name": "General Heriberto Jara International Airport", "kind": "airport", "iata": "VER", "country": "MX", "municipality": "Veracruz", "function": "客货混合·农产品进境口岸", "geoPrecision": "exact", "provenance": {"provider": "OurAirports", "url": "https://davidmegginson.github.io/ourairports-data/airports.csv", "license": "Public Domain", "collectedAt": "2026-09-22"}}}, {"type": "Feature", "id": "airport:MMZH", "geometry": {"type": "Point", "coordinates": [-101.460629, 17.601771]}, "properties": {"id": "e:fac:apt-mmzh", "name": "Ixtapa-Zihuatanejo International Airport", "kind": "airport", "iata": "ZIH", "country": "MX", "municipality": "Ixtapa", "function": "客货混合·农产品进境口岸", "geoPrecision": "exact", "provenance": {"provider": "OurAirports", "url": "https://davidmegginson.github.io/ourairports-data/airports.csv", "license": "Public Domain", "collectedAt": "2026-09-22"}}}, {"type": "Feature", "id": "airport:MNMG", "geometry": {"type": "Point", "coordinates": [-86.168198, 12.1415]}, "properties": {"id": "e:fac:apt-mnmg", "name": "Augusto C. Sandino (Managua) International Airport", "kind": "airport", "iata": "MGA", "country": "NI", "municipality": "Managua", "function": "客货混合·农产品进境口岸", "geoPrecision": "exact", "provenance": {"provider": "OurAirports", "url": "https://davidmegginson.github.io/ourairports-data/airports.csv", "license": "Public Domain", "collectedAt": "2026-09-22"}}}, {"type": "Feature", "id": "airport:MPTO", "geometry": {"type": "Point", "coordinates": [-79.383499, 9.07136]}, "properties": {"id": "e:fac:apt-mpto", "name": "Tocumen International Airport", "kind": "airport", "iata": "PTY", "country": "PA", "municipality": "Tocumen", "function": "客货混合·农产品进境口岸", "geoPrecision": "exact", "provenance": {"provider": "OurAirports", "url": "https://davidmegginson.github.io/ourairports-data/airports.csv", "license": "Public Domain", "collectedAt": "2026-09-22"}}}, {"type": "Feature", "id": "airport:MRLB", "geometry": {"type": "Point", "coordinates": [-85.544403, 10.5933]}, "properties": {"id": "e:fac:apt-mrlb", "name": "Daniel Oduber Quirós International Airport", "kind": "airport", "iata": "LIR", "country": "CR", "municipality": "Liberia", "function": "客货混合·农产品进境口岸", "geoPrecision": "exact", "provenance": {"provider": "OurAirports", "url": "https://davidmegginson.github.io/ourairports-data/airports.csv", "license": "Public Domain", "collectedAt": "2026-09-22"}}}, {"type": "Feature", "id": "airport:MROC", "geometry": {"type": "Point", "coordinates": [-84.208801, 9.99386]}, "properties": {"id": "e:fac:apt-mroc", "name": "Juan Santamaría International Airport", "kind": "airport", "iata": "SJO", "country": "CR", "municipality": "San José (Alajuela)", "function": "客货混合·农产品进境口岸", "geoPrecision": "exact", "provenance": {"provider": "OurAirports", "url": "https://davidmegginson.github.io/ourairports-data/airports.csv", "license": "Public Domain", "collectedAt": "2026-09-22"}}}, {"type": "Feature", "id": "airport:MSLP", "geometry": {"type": "Point", "coordinates": [-89.055784, 13.44447]}, "properties": {"id": "e:fac:apt-mslp", "name": "El Salvador International Airport Saint Óscar Arnulfo Romero y Galdámez", "kind": "airport", "iata": "SAL", "country": "SV", "municipality": "San Salvador (San Luis Talpa)", "function": "客货混合·农产品进境口岸", "geoPrecision": "exact", "provenance": {"provider": "OurAirports", "url": "https://davidmegginson.github.io/ourairports-data/airports.csv", "license": "Public Domain", "collectedAt": "2026-09-22"}}}, {"type": "Feature", "id": "airport:MTCH", "geometry": {"type": "Point", "coordinates": [-72.20071, 19.725547]}, "properties": {"id": "e:fac:apt-mtch", "name": "Cap Haitien International Airport", "kind": "airport", "iata": "CAP", "country": "HT", "municipality": "Cap Haitien", "function": "客货混合·农产品进境口岸", "geoPrecision": "exact", "provenance": {"provider": "OurAirports", "url": "https://davidmegginson.github.io/ourairports-data/airports.csv", "license": "Public Domain", "collectedAt": "2026-09-22"}}}, {"type": "Feature", "id": "airport:MTPP", "geometry": {"type": "Point", "coordinates": [-72.292596, 18.580023]}, "properties": {"id": "e:fac:apt-mtpp", "name": "Toussaint Louverture International Airport", "kind": "airport", "iata": "PAP", "country": "HT", "municipality": "Port-au-Prince", "function": "客货混合·农产品进境口岸", "geoPrecision": "exact", "provenance": {"provider": "OurAirports", "url": "https://davidmegginson.github.io/ourairports-data/airports.csv", "license": "Public Domain", "collectedAt": "2026-09-22"}}}, {"type": "Feature", "id": "airport:MUCM", "geometry": {"type": "Point", "coordinates": [-77.848039, 21.419909]}, "properties": {"id": "e:fac:apt-mucm", "name": "Ignacio Agramonte International Airport", "kind": "airport", "iata": "CMW", "country": "CU", "municipality": "Camaguey", "function": "客货混合·农产品进境口岸", "geoPrecision": "exact", "provenance": {"provider": "OurAirports", "url": "https://davidmegginson.github.io/ourairports-data/airports.csv", "license": "Public Domain", "collectedAt": "2026-09-22"}}}, {"type": "Feature", "id": "airport:MUCU", "geometry": {"type": "Point", "coordinates": [-75.835504, 19.97474]}, "properties": {"id": "e:fac:apt-mucu", "name": "Antonio Maceo International Airport", "kind": "airport", "iata": "SCU", "country": "CU", "municipality": "Santiago", "function": "客货混合·农产品进境口岸", "geoPrecision": "exact", "provenance": {"provider": "OurAirports", "url": "https://davidmegginson.github.io/ourairports-data/airports.csv", "license": "Public Domain", "collectedAt": "2026-09-22"}}}, {"type": "Feature", "id": "airport:MUHA", "geometry": {"type": "Point", "coordinates": [-82.409103, 22.989201]}, "properties": {"id": "e:fac:apt-muha", "name": "José Martí International Airport", "kind": "airport", "iata": "HAV", "country": "CU", "municipality": "Havana", "function": "客货混合·农产品进境口岸", "geoPrecision": "exact", "provenance": {"provider": "OurAirports", "url": "https://davidmegginson.github.io/ourairports-data/airports.csv", "license": "Public Domain", "collectedAt": "2026-09-22"}}}, {"type": "Feature", "id": "airport:MUHG", "geometry": {"type": "Point", "coordinates": [-76.315526, 20.785148]}, "properties": {"id": "e:fac:apt-muhg", "name": "Frank Pais International Airport", "kind": "airport", "iata": "HOG", "country": "CU", "municipality": "Holguin", "function": "客货混合·农产品进境口岸", "geoPrecision": "exact", "provenance": {"provider": "OurAirports", "url": "https://davidmegginson.github.io/ourairports-data/airports.csv", "license": "Public Domain", "collectedAt": "2026-09-22"}}}, {"type": "Feature", "id": "airport:MUSC", "geometry": {"type": "Point", "coordinates": [-79.943119, 22.492215]}, "properties": {"id": "e:fac:apt-musc", "name": "Abel Santamaria International Airport", "kind": "airport", "iata": "SNU", "country": "CU", "municipality": "Santa Clara", "function": "客货混合·农产品进境口岸", "geoPrecision": "exact", "provenance": {"provider": "OurAirports", "url": "https://davidmegginson.github.io/ourairports-data/airports.csv", "license": "Public Domain", "collectedAt": "2026-09-22"}}}, {"type": "Feature", "id": "airport:MUVR", "geometry": {"type": "Point", "coordinates": [-81.435303, 23.034401]}, "properties": {"id": "e:fac:apt-muvr", "name": "Juan Gualberto Gomez International Airport", "kind": "airport", "iata": "VRA", "country": "CU", "municipality": "Matanzas", "function": "客货混合·农产品进境口岸", "geoPrecision": "exact", "provenance": {"provider": "OurAirports", "url": "https://davidmegginson.github.io/ourairports-data/airports.csv", "license": "Public Domain", "collectedAt": "2026-09-22"}}}, {"type": "Feature", "id": "airport:MWCR", "geometry": {"type": "Point", "coordinates": [-81.357697, 19.292801]}, "properties": {"id": "e:fac:apt-mwcr", "name": "Owen Roberts International Airport", "kind": "airport", "iata": "GCM", "country": "KY", "municipality": "George Town", "function": "客货混合·农产品进境口岸", "geoPrecision": "exact", "provenance": {"provider": "OurAirports", "url": "https://davidmegginson.github.io/ourairports-data/airports.csv", "license": "Public Domain", "collectedAt": "2026-09-22"}}}, {"type": "Feature", "id": "airport:MYGF", "geometry": {"type": "Point", "coordinates": [-78.695583, 26.557996]}, "properties": {"id": "e:fac:apt-mygf", "name": "Grand Bahama International Airport", "kind": "airport", "iata": "FPO", "country": "BS", "municipality": "Freeport", "function": "客货混合·农产品进境口岸", "geoPrecision": "exact", "provenance": {"provider": "OurAirports", "url": "https://davidmegginson.github.io/ourairports-data/airports.csv", "license": "Public Domain", "collectedAt": "2026-09-22"}}}, {"type": "Feature", "id": "airport:MYNN", "geometry": {"type": "Point", "coordinates": [-77.466202, 25.039]}, "properties": {"id": "e:fac:apt-mynn", "name": "Lynden Pindling International Airport", "kind": "airport", "iata": "NAS", "country": "BS", "municipality": "Nassau", "function": "客货混合·农产品进境口岸", "geoPrecision": "exact", "provenance": {"provider": "OurAirports", "url": "https://davidmegginson.github.io/ourairports-data/airports.csv", "license": "Public Domain", "collectedAt": "2026-09-22"}}}, {"type": "Feature", "id": "airport:MYSM", "geometry": {"type": "Point", "coordinates": [-74.523233, 24.063041]}, "properties": {"id": "e:fac:apt-mysm", "name": "San Salvador International Airport", "kind": "airport", "iata": "ZSA", "country": "BS", "municipality": "San Salvador", "function": "客货混合·农产品进境口岸", "geoPrecision": "exact", "provenance": {"provider": "OurAirports", "url": "https://davidmegginson.github.io/ourairports-data/airports.csv", "license": "Public Domain", "collectedAt": "2026-09-22"}}}, {"type": "Feature", "id": "airport:MZBZ", "geometry": {"type": "Point", "coordinates": [-88.303556, 17.539951]}, "properties": {"id": "e:fac:apt-mzbz", "name": "Philip S. W. Goldson International Airport", "kind": "airport", "iata": "BZE", "country": "BZ", "municipality": "Belize City", "function": "客货混合·农产品进境口岸", "geoPrecision": "exact", "provenance": {"provider": "OurAirports", "url": "https://davidmegginson.github.io/ourairports-data/airports.csv", "license": "Public Domain", "collectedAt": "2026-09-22"}}}, {"type": "Feature", "id": "airport:NCRG", "geometry": {"type": "Point", "coordinates": [-159.806, -21.2027]}, "properties": {"id": "e:fac:apt-ncrg", "name": "Rarotonga International Airport", "kind": "airport", "iata": "RAR", "country": "CK", "municipality": "Avarua", "function": "客货混合·农产品进境口岸", "geoPrecision": "exact", "provenance": {"provider": "OurAirports", "url": "https://davidmegginson.github.io/ourairports-data/airports.csv", "license": "Public Domain", "collectedAt": "2026-09-22"}}}, {"type": "Feature", "id": "airport:NFFN", "geometry": {"type": "Point", "coordinates": [177.437843, -17.761822]}, "properties": {"id": "e:fac:apt-nffn", "name": "Nadi International Airport", "kind": "airport", "iata": "NAN", "country": "FJ", "municipality": "Nadi", "function": "客货混合·农产品进境口岸", "geoPrecision": "exact", "provenance": {"provider": "OurAirports", "url": "https://davidmegginson.github.io/ourairports-data/airports.csv", "license": "Public Domain", "collectedAt": "2026-09-22"}}}, {"type": "Feature", "id": "airport:NFNA", "geometry": {"type": "Point", "coordinates": [178.561486, -18.044226]}, "properties": {"id": "e:fac:apt-nfna", "name": "Nausori International Airport", "kind": "airport", "iata": "SUV", "country": "FJ", "municipality": "Nausori", "function": "客货混合·农产品进境口岸", "geoPrecision": "exact", "provenance": {"provider": "OurAirports", "url": "https://davidmegginson.github.io/ourairports-data/airports.csv", "license": "Public Domain", "collectedAt": "2026-09-22"}}}, {"type": "Feature", "id": "airport:NFTF", "geometry": {"type": "Point", "coordinates": [-175.149164, -21.241438]}, "properties": {"id": "e:fac:apt-nftf", "name": "Fua'amotu International Airport", "kind": "airport", "iata": "TBU", "country": "TO", "municipality": "Nuku'alofa", "function": "客货混合·农产品进境口岸", "geoPrecision": "exact", "provenance": {"provider": "OurAirports", "url": "https://davidmegginson.github.io/ourairports-data/airports.csv", "license": "Public Domain", "collectedAt": "2026-09-22"}}}, {"type": "Feature", "id": "airport:NFTV", "geometry": {"type": "Point", "coordinates": [-173.962006, -18.5853]}, "properties": {"id": "e:fac:apt-nftv", "name": "Vava'u International Airport", "kind": "airport", "iata": "VAV", "country": "TO", "municipality": "Vava'u Island", "function": "客货混合·农产品进境口岸", "geoPrecision": "exact", "provenance": {"provider": "OurAirports", "url": "https://davidmegginson.github.io/ourairports-data/airports.csv", "license": "Public Domain", "collectedAt": "2026-09-22"}}}, {"type": "Feature", "id": "airport:NG-0005", "geometry": {"type": "Point", "coordinates": [4.369132, 12.479048]}, "properties": {"id": "e:fac:apt-ng-0005", "name": "Sir Ahmadu Bello International Airport", "kind": "airport", "iata": "", "country": "NG", "municipality": "Birinin Kebbi", "function": "客货混合·农产品进境口岸", "geoPrecision": "exact", "provenance": {"provider": "OurAirports", "url": "https://davidmegginson.github.io/ourairports-data/airports.csv", "license": "Public Domain", "collectedAt": "2026-09-22"}}}, {"type": "Feature", "id": "airport:NGTA", "geometry": {"type": "Point", "coordinates": [173.147003, 1.38164]}, "properties": {"id": "e:fac:apt-ngta", "name": "Bonriki International Airport", "kind": "airport", "iata": "TRW", "country": "KI", "municipality": "South Tarawa", "function": "客货混合·农产品进境口岸", "geoPrecision": "exact", "provenance": {"provider": "OurAirports", "url": "https://davidmegginson.github.io/ourairports-data/airports.csv", "license": "Public Domain", "collectedAt": "2026-09-22"}}}, {"type": "Feature", "id": "airport:NLWW", "geometry": {"type": "Point", "coordinates": [-176.19865, -13.239445]}, "properties": {"id": "e:fac:apt-nlww", "name": "Hihifo Airport", "kind": "airport", "iata": "WLS", "country": "WF", "municipality": "Wallis Island", "function": "客货混合·农产品进境口岸", "geoPrecision": "exact", "provenance": {"provider": "OurAirports", "url": "https://davidmegginson.github.io/ourairports-data/airports.csv", "license": "Public Domain", "collectedAt": "2026-09-22"}}}, {"type": "Feature", "id": "airport:NP-0003", "geometry": {"type": "Point", "coordinates": [84.0147, 28.1838]}, "properties": {"id": "e:fac:apt-np-0003", "name": "Pokhara International Airport", "kind": "airport", "iata": "PHH", "country": "NP", "municipality": "Pokhara", "function": "客货混合·农产品进境口岸", "geoPrecision": "exact", "provenance": {"provider": "OurAirports", "url": "https://davidmegginson.github.io/ourairports-data/airports.csv", "license": "Public Domain", "collectedAt": "2026-09-22"}}}, {"type": "Feature", "id": "airport:NSFA", "geometry": {"type": "Point", "coordinates": [-172.007996, -13.83]}, "properties": {"id": "e:fac:apt-nsfa", "name": "Faleolo International Airport", "kind": "airport", "iata": "APW", "country": "WS", "municipality": "Apia", "function": "客货混合·农产品进境口岸", "geoPrecision": "exact", "provenance": {"provider": "OurAirports", "url": "https://davidmegginson.github.io/ourairports-data/airports.csv", "license": "Public Domain", "collectedAt": "2026-09-22"}}}, {"type": "Feature", "id": "airport:NSTU", "geometry": {"type": "Point", "coordinates": [-170.710007, -14.331]}, "properties": {"id": "e:fac:apt-nstu", "name": "Pago Pago International Airport", "kind": "airport", "iata": "PPG", "country": "AS", "municipality": "Pago Pago", "function": "客货混合·农产品进境口岸", "geoPrecision": "exact", "provenance": {"provider": "OurAirports", "url": "https://davidmegginson.github.io/ourairports-data/airports.csv", "license": "Public Domain", "collectedAt": "2026-09-22"}}}, {"type": "Feature", "id": "airport:NTAA", "geometry": {"type": "Point", "coordinates": [-149.606936, -17.553472]}, "properties": {"id": "e:fac:apt-ntaa", "name": "Fa'a'ā International Airport", "kind": "airport", "iata": "PPT", "country": "PF", "municipality": "Papeete", "function": "客货混合·农产品进境口岸", "geoPrecision": "exact", "provenance": {"provider": "OurAirports", "url": "https://davidmegginson.github.io/ourairports-data/airports.csv", "license": "Public Domain", "collectedAt": "2026-09-22"}}}, {"type": "Feature", "id": "airport:NVVV", "geometry": {"type": "Point", "coordinates": [168.320007, -17.699301]}, "properties": {"id": "e:fac:apt-nvvv", "name": "Bauerfield International Airport", "kind": "airport", "iata": "VLI", "country": "VU", "municipality": "Port Vila", "function": "客货混合·农产品进境口岸", "geoPrecision": "exact", "provenance": {"provider": "OurAirports", "url": "https://davidmegginson.github.io/ourairports-data/airports.csv", "license": "Public Domain", "collectedAt": "2026-09-22"}}}, {"type": "Feature", "id": "airport:NWWW", "geometry": {"type": "Point", "coordinates": [166.212997, -22.014601]}, "properties": {"id": "e:fac:apt-nwww", "name": "La Tontouta International Airport", "kind": "airport", "iata": "NOU", "country": "NC", "municipality": "Nouméa (La Tontouta)", "function": "客货混合·农产品进境口岸", "geoPrecision": "exact", "provenance": {"provider": "OurAirports", "url": "https://davidmegginson.github.io/ourairports-data/airports.csv", "license": "Public Domain", "collectedAt": "2026-09-22"}}}, {"type": "Feature", "id": "airport:NZAA", "geometry": {"type": "Point", "coordinates": [174.786331, -37.01199]}, "properties": {"id": "e:fac:apt-nzaa", "name": "Auckland International Airport", "kind": "airport", "iata": "AKL", "country": "NZ", "municipality": "Auckland", "function": "客货混合·农产品进境口岸", "geoPrecision": "exact", "provenance": {"provider": "OurAirports", "url": "https://davidmegginson.github.io/ourairports-data/airports.csv", "license": "Public Domain", "collectedAt": "2026-09-22"}}}, {"type": "Feature", "id": "airport:NZCH", "geometry": {"type": "Point", "coordinates": [172.532065, -43.489029]}, "properties": {"id": "e:fac:apt-nzch", "name": "Christchurch International Airport", "kind": "airport", "iata": "CHC", "country": "NZ", "municipality": "Christchurch", "function": "客货混合·农产品进境口岸", "geoPrecision": "exact", "provenance": {"provider": "OurAirports", "url": "https://davidmegginson.github.io/ourairports-data/airports.csv", "license": "Public Domain", "collectedAt": "2026-09-22"}}}, {"type": "Feature", "id": "airport:NZQN", "geometry": {"type": "Point", "coordinates": [168.746379, -45.019205]}, "properties": {"id": "e:fac:apt-nzqn", "name": "Queenstown Airport", "kind": "airport", "iata": "ZQN", "country": "NZ", "municipality": "Queenstown", "function": "客货混合·农产品进境口岸", "geoPrecision": "exact", "provenance": {"provider": "OurAirports", "url": "https://davidmegginson.github.io/ourairports-data/airports.csv", "license": "Public Domain", "collectedAt": "2026-09-22"}}}, {"type": "Feature", "id": "airport:NZWN", "geometry": {"type": "Point", "coordinates": [174.806862, -41.326839]}, "properties": {"id": "e:fac:apt-nzwn", "name": "Wellington International Airport", "kind": "airport", "iata": "WLG", "country": "NZ", "municipality": "Wellington", "function": "客货混合·农产品进境口岸", "geoPrecision": "exact", "provenance": {"provider": "OurAirports", "url": "https://davidmegginson.github.io/ourairports-data/airports.csv", "license": "Public Domain", "collectedAt": "2026-09-22"}}}, {"type": "Feature", "id": "airport:OAHR", "geometry": {"type": "Point", "coordinates": [62.228298, 34.209999]}, "properties": {"id": "e:fac:apt-oahr", "name": "Herat - Khwaja Abdullah Ansari International Airport", "kind": "airport", "iata": "HEA", "country": "AF", "municipality": "Guzara", "function": "客货混合·农产品进境口岸", "geoPrecision": "exact", "provenance": {"provider": "OurAirports", "url": "https://davidmegginson.github.io/ourairports-data/airports.csv", "license": "Public Domain", "collectedAt": "2026-09-22"}}}, {"type": "Feature", "id": "airport:OAKB", "geometry": {"type": "Point", "coordinates": [69.212303, 34.565899]}, "properties": {"id": "e:fac:apt-oakb", "name": "Kabul International Airport", "kind": "airport", "iata": "KBL", "country": "AF", "municipality": "Kabul", "function": "客货混合·农产品进境口岸", "geoPrecision": "exact", "provenance": {"provider": "OurAirports", "url": "https://davidmegginson.github.io/ourairports-data/airports.csv", "license": "Public Domain", "collectedAt": "2026-09-22"}}}, {"type": "Feature", "id": "airport:OAKN", "geometry": {"type": "Point", "coordinates": [65.847963, 31.505769]}, "properties": {"id": "e:fac:apt-oakn", "name": "Ahmad Shah Baba International Airport", "kind": "airport", "iata": "KDH", "country": "AF", "municipality": "Kandahar", "function": "客货混合·农产品进境口岸", "geoPrecision": "exact", "provenance": {"provider": "OurAirports", "url": "https://davidmegginson.github.io/ourairports-data/airports.csv", "license": "Public Domain", "collectedAt": "2026-09-22"}}}, {"type": "Feature", "id": "airport:OAMS", "geometry": {"type": "Point", "coordinates": [67.210459, 36.70412]}, "properties": {"id": "e:fac:apt-oams", "name": "Mazar-i-Sharif International Airport", "kind": "airport", "iata": "MZR", "country": "AF", "municipality": "Mazar-i-Sharif", "function": "客货混合·农产品进境口岸", "geoPrecision": "exact", "provenance": {"provider": "OurAirports", "url": "https://davidmegginson.github.io/ourairports-data/airports.csv", "license": "Public Domain", "collectedAt": "2026-09-22"}}}, {"type": "Feature", "id": "airport:OBBI", "geometry": {"type": "Point", "coordinates": [50.63764, 26.267295]}, "properties": {"id": "e:fac:apt-obbi", "name": "Bahrain International Airport", "kind": "airport", "iata": "BAH", "country": "BH", "municipality": "Manama", "function": "客货混合·农产品进境口岸", "geoPrecision": "exact", "provenance": {"provider": "OurAirports", "url": "https://davidmegginson.github.io/ourairports-data/airports.csv", "license": "Public Domain", "collectedAt": "2026-09-22"}}}, {"type": "Feature", "id": "airport:OCS", "geometry": {"type": "Point", "coordinates": [9.33027, 0.910937]}, "properties": {"id": "e:fac:apt-ocs", "name": "Corisco International Airport", "kind": "airport", "iata": "OCS", "country": "GQ", "municipality": "Corisco Island", "function": "客货混合·农产品进境口岸", "geoPrecision": "exact", "provenance": {"provider": "OurAirports", "url": "https://davidmegginson.github.io/ourairports-data/airports.csv", "license": "Public Domain", "collectedAt": "2026-09-22"}}}, {"type": "Feature", "id": "airport:OEAB", "geometry": {"type": "Point", "coordinates": [42.656601, 18.2404]}, "properties": {"id": "e:fac:apt-oeab", "name": "Abha International Airport", "kind": "airport", "iata": "AHB", "country": "SA", "municipality": "Abha", "function": "客货混合·农产品进境口岸", "geoPrecision": "exact", "provenance": {"provider": "OurAirports", "url": "https://davidmegginson.github.io/ourairports-data/airports.csv", "license": "Public Domain", "collectedAt": "2026-09-22"}}}, {"type": "Feature", "id": "airport:OEAH", "geometry": {"type": "Point", "coordinates": [49.485199, 25.285299]}, "properties": {"id": "e:fac:apt-oeah", "name": "Al-Ahsa International Airport", "kind": "airport", "iata": "HOF", "country": "SA", "municipality": "Hofuf", "function": "客货混合·农产品进境口岸", "geoPrecision": "exact", "provenance": {"provider": "OurAirports", "url": "https://davidmegginson.github.io/ourairports-data/airports.csv", "license": "Public Domain", "collectedAt": "2026-09-22"}}}, {"type": "Feature", "id": "airport:OEAO", "geometry": {"type": "Point", "coordinates": [38.117048, 26.483634]}, "properties": {"id": "e:fac:apt-oeao", "name": "Al-Ula International Airport", "kind": "airport", "iata": "ULH", "country": "SA", "municipality": "Al-Ula", "function": "客货混合·农产品进境口岸", "geoPrecision": "exact", "provenance": {"provider": "OurAirports", "url": "https://davidmegginson.github.io/ourairports-data/airports.csv", "license": "Public Domain", "collectedAt": "2026-09-22"}}}, {"type": "Feature", "id": "airport:OEDF", "geometry": {"type": "Point", "coordinates": [49.798209, 26.4691]}, "properties": {"id": "e:fac:apt-oedf", "name": "King Fahd International Airport", "kind": "airport", "iata": "DMM", "country": "SA", "municipality": "Ad Dammam", "function": "客货混合·农产品进境口岸", "geoPrecision": "exact", "provenance": {"provider": "OurAirports", "url": "https://davidmegginson.github.io/ourairports-data/airports.csv", "license": "Public Domain", "collectedAt": "2026-09-22"}}}, {"type": "Feature", "id": "airport:OEDR", "geometry": {"type": "Point", "coordinates": [50.152, 26.2654]}, "properties": {"id": "e:fac:apt-oedr", "name": "King Abdulaziz Air Base", "kind": "airport", "iata": "DHA", "country": "SA", "municipality": "Dhahran", "function": "客货混合·农产品进境口岸", "geoPrecision": "exact", "provenance": {"provider": "OurAirports", "url": "https://davidmegginson.github.io/ourairports-data/airports.csv", "license": "Public Domain", "collectedAt": "2026-09-22"}}}, {"type": "Feature", "id": "airport:OEGS", "geometry": {"type": "Point", "coordinates": [43.774399, 26.302799]}, "properties": {"id": "e:fac:apt-oegs", "name": "Prince Naif bin Abdulaziz International Airport", "kind": "airport", "iata": "ELQ", "country": "SA", "municipality": "Qassim", "function": "客货混合·农产品进境口岸", "geoPrecision": "exact", "provenance": {"provider": "OurAirports", "url": "https://davidmegginson.github.io/ourairports-data/airports.csv", "license": "Public Domain", "collectedAt": "2026-09-22"}}}, {"type": "Feature", "id": "airport:OEHL", "geometry": {"type": "Point", "coordinates": [41.686298, 27.437901]}, "properties": {"id": "e:fac:apt-oehl", "name": "Hail International Airport", "kind": "airport", "iata": "HAS", "country": "SA", "municipality": "Hail", "function": "客货混合·农产品进境口岸", "geoPrecision": "exact", "provenance": {"provider": "OurAirports", "url": "https://davidmegginson.github.io/ourairports-data/airports.csv", "license": "Public Domain", "collectedAt": "2026-09-22"}}}, {"type": "Feature", "id": "airport:OEJN", "geometry": {"type": "Point", "coordinates": [39.157436, 21.680241]}, "properties": {"id": "e:fac:apt-oejn", "name": "King Abdulaziz International Airport", "kind": "airport", "iata": "JED", "country": "SA", "municipality": "Jeddah", "function": "客货混合·农产品进境口岸", "geoPrecision": "exact", "provenance": {"provider": "OurAirports", "url": "https://davidmegginson.github.io/ourairports-data/airports.csv", "license": "Public Domain", "collectedAt": "2026-09-22"}}}, {"type": "Feature", "id": "airport:OEMA", "geometry": {"type": "Point", "coordinates": [39.705101, 24.5534]}, "properties": {"id": "e:fac:apt-oema", "name": "Prince Mohammad Bin Abdulaziz Airport", "kind": "airport", "iata": "MED", "country": "SA", "municipality": "Medina", "function": "客货混合·农产品进境口岸", "geoPrecision": "exact", "provenance": {"provider": "OurAirports", "url": "https://davidmegginson.github.io/ourairports-data/airports.csv", "license": "Public Domain", "collectedAt": "2026-09-22"}}}, {"type": "Feature", "id": "airport:OENN", "geometry": {"type": "Point", "coordinates": [35.29358, 27.924261]}, "properties": {"id": "e:fac:apt-oenn", "name": "Neom Bay Airport", "kind": "airport", "iata": "NUM", "country": "SA", "municipality": "Sharma", "function": "客货混合·农产品进境口岸", "geoPrecision": "exact", "provenance": {"provider": "OurAirports", "url": "https://davidmegginson.github.io/ourairports-data/airports.csv", "license": "Public Domain", "collectedAt": "2026-09-22"}}}, {"type": "Feature", "id": "airport:OEPA", "geometry": {"type": "Point", "coordinates": [46.127108, 28.335726]}, "properties": {"id": "e:fac:apt-oepa", "name": "Qaisumah–Hafar Al-Batin International Airport", "kind": "airport", "iata": "AQI", "country": "SA", "municipality": "Qaisumah", "function": "客货混合·农产品进境口岸", "geoPrecision": "exact", "provenance": {"provider": "OurAirports", "url": "https://davidmegginson.github.io/ourairports-data/airports.csv", "license": "Public Domain", "collectedAt": "2026-09-22"}}}, {"type": "Feature", "id": "airport:OERK", "geometry": {"type": "Point", "coordinates": [46.698799, 24.9576]}, "properties": {"id": "e:fac:apt-oerk", "name": "King Khalid International Airport", "kind": "airport", "iata": "RUH", "country": "SA", "municipality": "Riyadh", "function": "客货混合·农产品进境口岸", "geoPrecision": "exact", "provenance": {"provider": "OurAirports", "url": "https://davidmegginson.github.io/ourairports-data/airports.csv", "license": "Public Domain", "collectedAt": "2026-09-22"}}}, {"type": "Feature", "id": "airport:OESK", "geometry": {"type": "Point", "coordinates": [40.100905, 29.783301]}, "properties": {"id": "e:fac:apt-oesk", "name": "Al-Jawf International Airport", "kind": "airport", "iata": "AJF", "country": "SA", "municipality": "Al-Jawf", "function": "客货混合·农产品进境口岸", "geoPrecision": "exact", "provenance": {"provider": "OurAirports", "url": "https://davidmegginson.github.io/ourairports-data/airports.csv", "license": "Public Domain", "collectedAt": "2026-09-22"}}}, {"type": "Feature", "id": "airport:OETB", "geometry": {"type": "Point", "coordinates": [36.624865, 28.3711]}, "properties": {"id": "e:fac:apt-oetb", "name": "Prince Sultan bin Abdulaziz International Airport", "kind": "airport", "iata": "TUU", "country": "SA", "municipality": "Tabuk", "function": "客货混合·农产品进境口岸", "geoPrecision": "exact", "provenance": {"provider": "OurAirports", "url": "https://davidmegginson.github.io/ourairports-data/airports.csv", "license": "Public Domain", "collectedAt": "2026-09-22"}}}, {"type": "Feature", "id": "airport:OETF", "geometry": {"type": "Point", "coordinates": [40.544074, 21.484739]}, "properties": {"id": "e:fac:apt-oetf", "name": "Taif International Airport", "kind": "airport", "iata": "TIF", "country": "SA", "municipality": "Taif", "function": "客货混合·农产品进境口岸", "geoPrecision": "exact", "provenance": {"provider": "OurAirports", "url": "https://davidmegginson.github.io/ourairports-data/airports.csv", "license": "Public Domain", "collectedAt": "2026-09-22"}}}, {"type": "Feature", "id": "airport:OEYN", "geometry": {"type": "Point", "coordinates": [38.0634, 24.144199]}, "properties": {"id": "e:fac:apt-oeyn", "name": "Prince Abdulmohsen Bin Abdulaziz International Airport", "kind": "airport", "iata": "YNB", "country": "SA", "municipality": "Yanbu", "function": "客货混合·农产品进境口岸", "geoPrecision": "exact", "provenance": {"provider": "OurAirports", "url": "https://davidmegginson.github.io/ourairports-data/airports.csv", "license": "Public Domain", "collectedAt": "2026-09-22"}}}, {"type": "Feature", "id": "airport:OIAA", "geometry": {"type": "Point", "coordinates": [48.230075, 30.367887]}, "properties": {"id": "e:fac:apt-oiaa", "name": "Abadan Ayatollah Jami International Airport", "kind": "airport", "iata": "ABD", "country": "IR", "municipality": "Abadan", "function": "客货混合·农产品进境口岸", "geoPrecision": "exact", "provenance": {"provider": "OurAirports", "url": "https://davidmegginson.github.io/ourairports-data/airports.csv", "license": "Public Domain", "collectedAt": "2026-09-22"}}}, {"type": "Feature", "id": "airport:OIAW", "geometry": {"type": "Point", "coordinates": [48.763789, 31.3364]}, "properties": {"id": "e:fac:apt-oiaw", "name": "Qasem Soleimani International Airport", "kind": "airport", "iata": "AWZ", "country": "IR", "municipality": "Ahvaz", "function": "客货混合·农产品进境口岸", "geoPrecision": "exact", "provenance": {"provider": "OurAirports", "url": "https://davidmegginson.github.io/ourairports-data/airports.csv", "license": "Public Domain", "collectedAt": "2026-09-22"}}}, {"type": "Feature", "id": "airport:OIBK", "geometry": {"type": "Point", "coordinates": [53.980462, 26.525427]}, "properties": {"id": "e:fac:apt-oibk", "name": "Kish International Airport", "kind": "airport", "iata": "KIH", "country": "IR", "municipality": "Kish Island", "function": "客货混合·农产品进境口岸", "geoPrecision": "exact", "provenance": {"provider": "OurAirports", "url": "https://davidmegginson.github.io/ourairports-data/airports.csv", "license": "Public Domain", "collectedAt": "2026-09-22"}}}, {"type": "Feature", "id": "airport:OIFM", "geometry": {"type": "Point", "coordinates": [51.883877, 32.755142]}, "properties": {"id": "e:fac:apt-oifm", "name": "Isfahan Shahid Beheshti International Airport", "kind": "airport", "iata": "IFN", "country": "IR", "municipality": "Isfahan", "function": "客货混合·农产品进境口岸", "geoPrecision": "exact", "provenance": {"provider": "OurAirports", "url": "https://davidmegginson.github.io/ourairports-data/airports.csv", "license": "Public Domain", "collectedAt": "2026-09-22"}}}, {"type": "Feature", "id": "airport:OIIE", "geometry": {"type": "Point", "coordinates": [51.152199, 35.4161]}, "properties": {"id": "e:fac:apt-oiie", "name": "Imam Khomeini International Airport", "kind": "airport", "iata": "IKA", "country": "IR", "municipality": "Tehran", "function": "客货混合·农产品进境口岸", "geoPrecision": "exact", "provenance": {"provider": "OurAirports", "url": "https://davidmegginson.github.io/ourairports-data/airports.csv", "license": "Public Domain", "collectedAt": "2026-09-22"}}}, {"type": "Feature", "id": "airport:OIII", "geometry": {"type": "Point", "coordinates": [51.314392, 35.689175]}, "properties": {"id": "e:fac:apt-oiii", "name": "Mehrabad International Airport", "kind": "airport", "iata": "THR", "country": "IR", "municipality": "Tehran", "function": "客货混合·农产品进境口岸", "geoPrecision": "exact", "provenance": {"provider": "OurAirports", "url": "https://davidmegginson.github.io/ourairports-data/airports.csv", "license": "Public Domain", "collectedAt": "2026-09-22"}}}, {"type": "Feature", "id": "airport:OIIP", "geometry": {"type": "Point", "coordinates": [50.826698, 35.7761]}, "properties": {"id": "e:fac:apt-oiip", "name": "Payam International Airport", "kind": "airport", "iata": "PYK", "country": "IR", "municipality": "Karaj", "function": "客货混合·农产品进境口岸", "geoPrecision": "exact", "provenance": {"provider": "OurAirports", "url": "https://davidmegginson.github.io/ourairports-data/airports.csv", "license": "Public Domain", "collectedAt": "2026-09-22"}}}, {"type": "Feature", "id": "airport:OIKB", "geometry": {"type": "Point", "coordinates": [56.3778, 27.2183]}, "properties": {"id": "e:fac:apt-oikb", "name": "Bandar Abbas International Airport", "kind": "airport", "iata": "BND", "country": "IR", "municipality": "Bandar Abbas", "function": "客货混合·农产品进境口岸", "geoPrecision": "exact", "provenance": {"provider": "OurAirports", "url": "https://davidmegginson.github.io/ourairports-data/airports.csv", "license": "Public Domain", "collectedAt": "2026-09-22"}}}, {"type": "Feature", "id": "airport:OIKK", "geometry": {"type": "Point", "coordinates": [56.949692, 30.271276]}, "properties": {"id": "e:fac:apt-oikk", "name": "Ayatollah Hashemi Rafsanjani International Airport", "kind": "airport", "iata": "KER", "country": "IR", "municipality": "Kerman", "function": "客货混合·农产品进境口岸", "geoPrecision": "exact", "provenance": {"provider": "OurAirports", "url": "https://davidmegginson.github.io/ourairports-data/airports.csv", "license": "Public Domain", "collectedAt": "2026-09-22"}}}, {"type": "Feature", "id": "airport:OIKQ", "geometry": {"type": "Point", "coordinates": [55.902353, 26.754639]}, "properties": {"id": "e:fac:apt-oikq", "name": "Qeshm International Airport", "kind": "airport", "iata": "GSM", "country": "IR", "municipality": "Qeshm(Dayrestan)", "function": "客货混合·农产品进境口岸", "geoPrecision": "exact", "provenance": {"provider": "OurAirports", "url": "https://davidmegginson.github.io/ourairports-data/airports.csv", "license": "Public Domain", "collectedAt": "2026-09-22"}}}, {"type": "Feature", "id": "airport:OIMB", "geometry": {"type": "Point", "coordinates": [59.281258, 32.896525]}, "properties": {"id": "e:fac:apt-oimb", "name": "Birjand International Airport", "kind": "airport", "iata": "XBJ", "country": "IR", "municipality": "Birjand", "function": "客货混合·农产品进境口岸", "geoPrecision": "exact", "provenance": {"provider": "OurAirports", "url": "https://davidmegginson.github.io/ourairports-data/airports.csv", "license": "Public Domain", "collectedAt": "2026-09-22"}}}, {"type": "Feature", "id": "airport:OIMM", "geometry": {"type": "Point", "coordinates": [59.642949, 36.234821]}, "properties": {"id": "e:fac:apt-oimm", "name": "Mashhad International Airport", "kind": "airport", "iata": "MHD", "country": "IR", "municipality": "Mashhad", "function": "客货混合·农产品进境口岸", "geoPrecision": "exact", "provenance": {"provider": "OurAirports", "url": "https://davidmegginson.github.io/ourairports-data/airports.csv", "license": "Public Domain", "collectedAt": "2026-09-22"}}}, {"type": "Feature", "id": "airport:OISS", "geometry": {"type": "Point", "coordinates": [52.589802, 29.5392]}, "properties": {"id": "e:fac:apt-oiss", "name": "Shiraz Shahid Dastghaib International Airport", "kind": "airport", "iata": "SYZ", "country": "IR", "municipality": "Shiraz", "function": "客货混合·农产品进境口岸", "geoPrecision": "exact", "provenance": {"provider": "OurAirports", "url": "https://davidmegginson.github.io/ourairports-data/airports.csv", "license": "Public Domain", "collectedAt": "2026-09-22"}}}, {"type": "Feature", "id": "airport:OITT", "geometry": {"type": "Point", "coordinates": [46.235001, 38.1339]}, "properties": {"id": "e:fac:apt-oitt", "name": "Tabriz International Airport", "kind": "airport", "iata": "TBZ", "country": "IR", "municipality": "Tabriz", "function": "客货混合·农产品进境口岸", "geoPrecision": "exact", "provenance": {"provider": "OurAirports", "url": "https://davidmegginson.github.io/ourairports-data/airports.csv", "license": "Public Domain", "collectedAt": "2026-09-22"}}}, {"type": "Feature", "id": "airport:OIZH", "geometry": {"type": "Point", "coordinates": [60.9062, 29.4757]}, "properties": {"id": "e:fac:apt-oizh", "name": "Zahedan International Airport", "kind": "airport", "iata": "ZAH", "country": "IR", "municipality": "Zahedan", "function": "客货混合·农产品进境口岸", "geoPrecision": "exact", "provenance": {"provider": "OurAirports", "url": "https://davidmegginson.github.io/ourairports-data/airports.csv", "license": "Public Domain", "collectedAt": "2026-09-22"}}}, {"type": "Feature", "id": "airport:OJAI", "geometry": {"type": "Point", "coordinates": [35.993198, 31.722601]}, "properties": {"id": "e:fac:apt-ojai", "name": "Queen Alia International Airport", "kind": "airport", "iata": "AMM", "country": "JO", "municipality": "Amman", "function": "客货混合·农产品进境口岸", "geoPrecision": "exact", "provenance": {"provider": "OurAirports", "url": "https://davidmegginson.github.io/ourairports-data/airports.csv", "license": "Public Domain", "collectedAt": "2026-09-22"}}}, {"type": "Feature", "id": "airport:OJAM", "geometry": {"type": "Point", "coordinates": [35.9916, 31.9727]}, "properties": {"id": "e:fac:apt-ojam", "name": "Marka International (Amman Civil) Airport", "kind": "airport", "iata": "ADJ", "country": "JO", "municipality": "Amman", "function": "客货混合·农产品进境口岸", "geoPrecision": "exact", "provenance": {"provider": "OurAirports", "url": "https://davidmegginson.github.io/ourairports-data/airports.csv", "license": "Public Domain", "collectedAt": "2026-09-22"}}}, {"type": "Feature", "id": "airport:OJAQ", "geometry": {"type": "Point", "coordinates": [35.018101, 29.611601]}, "properties": {"id": "e:fac:apt-ojaq", "name": "King Hussein International Airport", "kind": "airport", "iata": "AQJ", "country": "JO", "municipality": "Aqaba", "function": "客货混合·农产品进境口岸", "geoPrecision": "exact", "provenance": {"provider": "OurAirports", "url": "https://davidmegginson.github.io/ourairports-data/airports.csv", "license": "Public Domain", "collectedAt": "2026-09-22"}}}, {"type": "Feature", "id": "airport:OKKK", "geometry": {"type": "Point", "coordinates": [47.969813, 29.224487]}, "properties": {"id": "e:fac:apt-okkk", "name": "Kuwait International Airport", "kind": "airport", "iata": "KWI", "country": "KW", "municipality": "Kuwait City", "function": "客货混合·农产品进境口岸", "geoPrecision": "exact", "provenance": {"provider": "OurAirports", "url": "https://davidmegginson.github.io/ourairports-data/airports.csv", "license": "Public Domain", "collectedAt": "2026-09-22"}}}, {"type": "Feature", "id": "airport:OLBA", "geometry": {"type": "Point", "coordinates": [35.487443, 33.819833]}, "properties": {"id": "e:fac:apt-olba", "name": "Beirut Rafic Hariri International Airport", "kind": "airport", "iata": "BEY", "country": "LB", "municipality": "Beirut", "function": "客货混合·农产品进境口岸", "geoPrecision": "exact", "provenance": {"provider": "OurAirports", "url": "https://davidmegginson.github.io/ourairports-data/airports.csv", "license": "Public Domain", "collectedAt": "2026-09-22"}}}, {"type": "Feature", "id": "airport:OM-0003", "geometry": {"type": "Point", "coordinates": [57.634167, 19.501944]}, "properties": {"id": "e:fac:apt-om-0003", "name": "Duqm International Airport", "kind": "airport", "iata": "DQM", "country": "OM", "municipality": "Duqm", "function": "客货混合·农产品进境口岸", "geoPrecision": "exact", "provenance": {"provider": "OurAirports", "url": "https://davidmegginson.github.io/ourairports-data/airports.csv", "license": "Public Domain", "collectedAt": "2026-09-22"}}}, {"type": "Feature", "id": "airport:OMAA", "geometry": {"type": "Point", "coordinates": [54.649237, 24.440966]}, "properties": {"id": "e:fac:apt-omaa", "name": "Zayed International Airport", "kind": "airport", "iata": "AUH", "country": "AE", "municipality": "Abu Dhabi", "function": "客货混合·农产品进境口岸", "geoPrecision": "exact", "provenance": {"provider": "OurAirports", "url": "https://davidmegginson.github.io/ourairports-data/airports.csv", "license": "Public Domain", "collectedAt": "2026-09-22"}}}, {"type": "Feature", "id": "airport:OMAD", "geometry": {"type": "Point", "coordinates": [54.459866, 24.427062]}, "properties": {"id": "e:fac:apt-omad", "name": "Al Bateen Executive Airport", "kind": "airport", "iata": "AZI", "country": "AE", "municipality": "Abu Dhabi", "function": "客货混合·农产品进境口岸", "geoPrecision": "exact", "provenance": {"provider": "OurAirports", "url": "https://davidmegginson.github.io/ourairports-data/airports.csv", "license": "Public Domain", "collectedAt": "2026-09-22"}}}, {"type": "Feature", "id": "airport:OMAL", "geometry": {"type": "Point", "coordinates": [55.6092, 24.2617]}, "properties": {"id": "e:fac:apt-omal", "name": "Al Ain International Airport", "kind": "airport", "iata": "AAN", "country": "AE", "municipality": "Al Ain", "function": "客货混合·农产品进境口岸", "geoPrecision": "exact", "provenance": {"provider": "OurAirports", "url": "https://davidmegginson.github.io/ourairports-data/airports.csv", "license": "Public Domain", "collectedAt": "2026-09-22"}}}, {"type": "Feature", "id": "airport:OMDB", "geometry": {"type": "Point", "coordinates": [55.370992, 25.24979]}, "properties": {"id": "e:fac:apt-omdb", "name": "Dubai International Airport", "kind": "airport", "iata": "DXB", "country": "AE", "municipality": "Dubai", "function": "客货混合·农产品进境口岸", "geoPrecision": "exact", "provenance": {"provider": "OurAirports", "url": "https://davidmegginson.github.io/ourairports-data/airports.csv", "license": "Public Domain", "collectedAt": "2026-09-22"}}}, {"type": "Feature", "id": "airport:OMDW", "geometry": {"type": "Point", "coordinates": [55.16235, 24.896171]}, "properties": {"id": "e:fac:apt-omdw", "name": "Al Maktoum International Airport", "kind": "airport", "iata": "DWC", "country": "AE", "municipality": "Dubai(Jebel Ali)", "function": "客货混合·农产品进境口岸", "geoPrecision": "exact", "provenance": {"provider": "OurAirports", "url": "https://davidmegginson.github.io/ourairports-data/airports.csv", "license": "Public Domain", "collectedAt": "2026-09-22"}}}, {"type": "Feature", "id": "airport:OMFJ", "geometry": {"type": "Point", "coordinates": [56.328061, 25.108411]}, "properties": {"id": "e:fac:apt-omfj", "name": "Fujairah International Airport", "kind": "airport", "iata": "FJR", "country": "AE", "municipality": "Fujairah", "function": "客货混合·农产品进境口岸", "geoPrecision": "exact", "provenance": {"provider": "OurAirports", "url": "https://davidmegginson.github.io/ourairports-data/airports.csv", "license": "Public Domain", "collectedAt": "2026-09-22"}}}, {"type": "Feature", "id": "airport:OMRK", "geometry": {"type": "Point", "coordinates": [55.938801, 25.613501]}, "properties": {"id": "e:fac:apt-omrk", "name": "Ras Al Khaimah International Airport", "kind": "airport", "iata": "RKT", "country": "AE", "municipality": "Ras Al Khaimah", "function": "客货混合·农产品进境口岸", "geoPrecision": "exact", "provenance": {"provider": "OurAirports", "url": "https://davidmegginson.github.io/ourairports-data/airports.csv", "license": "Public Domain", "collectedAt": "2026-09-22"}}}, {"type": "Feature", "id": "airport:OMSJ", "geometry": {"type": "Point", "coordinates": [55.5172, 25.3286]}, "properties": {"id": "e:fac:apt-omsj", "name": "Sharjah International Airport", "kind": "airport", "iata": "SHJ", "country": "AE", "municipality": "Sharjah", "function": "客货混合·农产品进境口岸", "geoPrecision": "exact", "provenance": {"provider": "OurAirports", "url": "https://davidmegginson.github.io/ourairports-data/airports.csv", "license": "Public Domain", "collectedAt": "2026-09-22"}}}, {"type": "Feature", "id": "airport:OOMS", "geometry": {"type": "Point", "coordinates": [58.285268, 23.600218]}, "properties": {"id": "e:fac:apt-ooms", "name": "Muscat International Airport", "kind": "airport", "iata": "MCT", "country": "OM", "municipality": "Muscat/Seeb", "function": "客货混合·农产品进境口岸", "geoPrecision": "exact", "provenance": {"provider": "OurAirports", "url": "https://davidmegginson.github.io/ourairports-data/airports.csv", "license": "Public Domain", "collectedAt": "2026-09-22"}}}, {"type": "Feature", "id": "airport:OOSA", "geometry": {"type": "Point", "coordinates": [54.091301, 17.0387]}, "properties": {"id": "e:fac:apt-oosa", "name": "Salalah International Airport", "kind": "airport", "iata": "SLL", "country": "OM", "municipality": "Salalah", "function": "客货混合·农产品进境口岸", "geoPrecision": "exact", "provenance": {"provider": "OurAirports", "url": "https://davidmegginson.github.io/ourairports-data/airports.csv", "license": "Public Domain", "collectedAt": "2026-09-22"}}}, {"type": "Feature", "id": "airport:OOSH", "geometry": {"type": "Point", "coordinates": [56.62541, 24.38604]}, "properties": {"id": "e:fac:apt-oosh", "name": "Suhar International Airport", "kind": "airport", "iata": "OHS", "country": "OM", "municipality": "Suhar", "function": "客货混合·农产品进境口岸", "geoPrecision": "exact", "provenance": {"provider": "OurAirports", "url": "https://davidmegginson.github.io/ourairports-data/airports.csv", "license": "Public Domain", "collectedAt": "2026-09-22"}}}, {"type": "Feature", "id": "airport:OPFA", "geometry": {"type": "Point", "coordinates": [72.995319, 31.364923]}, "properties": {"id": "e:fac:apt-opfa", "name": "Faisalabad International Airport", "kind": "airport", "iata": "LYP", "country": "PK", "municipality": "Faisalabad", "function": "客货混合·农产品进境口岸", "geoPrecision": "exact", "provenance": {"provider": "OurAirports", "url": "https://davidmegginson.github.io/ourairports-data/airports.csv", "license": "Public Domain", "collectedAt": "2026-09-22"}}}, {"type": "Feature", "id": "airport:OPGD", "geometry": {"type": "Point", "coordinates": [62.498822, 25.296733]}, "properties": {"id": "e:fac:apt-opgd", "name": "New Gwadar International Airport", "kind": "airport", "iata": "GWD", "country": "PK", "municipality": "Gurandani", "function": "客货混合·农产品进境口岸", "geoPrecision": "exact", "provenance": {"provider": "OurAirports", "url": "https://davidmegginson.github.io/ourairports-data/airports.csv", "license": "Public Domain", "collectedAt": "2026-09-22"}}}, {"type": "Feature", "id": "airport:OPIS", "geometry": {"type": "Point", "coordinates": [72.82566, 33.549]}, "properties": {"id": "e:fac:apt-opis", "name": "Islamabad International Airport", "kind": "airport", "iata": "ISB", "country": "PK", "municipality": "Attock", "function": "客货混合·农产品进境口岸", "geoPrecision": "exact", "provenance": {"provider": "OurAirports", "url": "https://davidmegginson.github.io/ourairports-data/airports.csv", "license": "Public Domain", "collectedAt": "2026-09-22"}}}, {"type": "Feature", "id": "airport:OPKC", "geometry": {"type": "Point", "coordinates": [67.160797, 24.9065]}, "properties": {"id": "e:fac:apt-opkc", "name": "Jinnah International Airport", "kind": "airport", "iata": "KHI", "country": "PK", "municipality": "Karachi", "function": "客货混合·农产品进境口岸", "geoPrecision": "exact", "provenance": {"provider": "OurAirports", "url": "https://davidmegginson.github.io/ourairports-data/airports.csv", "license": "Public Domain", "collectedAt": "2026-09-22"}}}, {"type": "Feature", "id": "airport:OPLA", "geometry": {"type": "Point", "coordinates": [74.403603, 31.521601]}, "properties": {"id": "e:fac:apt-opla", "name": "Allama Iqbal International Airport", "kind": "airport", "iata": "LHE", "country": "PK", "municipality": "Lahore", "function": "客货混合·农产品进境口岸", "geoPrecision": "exact", "provenance": {"provider": "OurAirports", "url": "https://davidmegginson.github.io/ourairports-data/airports.csv", "license": "Public Domain", "collectedAt": "2026-09-22"}}}, {"type": "Feature", "id": "airport:OPMT", "geometry": {"type": "Point", "coordinates": [71.419098, 30.203199]}, "properties": {"id": "e:fac:apt-opmt", "name": "Multan International Airport", "kind": "airport", "iata": "MUX", "country": "PK", "municipality": "Multan", "function": "客货混合·农产品进境口岸", "geoPrecision": "exact", "provenance": {"provider": "OurAirports", "url": "https://davidmegginson.github.io/ourairports-data/airports.csv", "license": "Public Domain", "collectedAt": "2026-09-22"}}}, {"type": "Feature", "id": "airport:OPPS", "geometry": {"type": "Point", "coordinates": [71.514603, 33.9939]}, "properties": {"id": "e:fac:apt-opps", "name": "Bacha Khan International Airport", "kind": "airport", "iata": "PEW", "country": "PK", "municipality": "Peshawar", "function": "客货混合·农产品进境口岸", "geoPrecision": "exact", "provenance": {"provider": "OurAirports", "url": "https://davidmegginson.github.io/ourairports-data/airports.csv", "license": "Public Domain", "collectedAt": "2026-09-22"}}}, {"type": "Feature", "id": "airport:OPQT", "geometry": {"type": "Point", "coordinates": [66.937798, 30.2514]}, "properties": {"id": "e:fac:apt-opqt", "name": "Quetta International Airport", "kind": "airport", "iata": "UET", "country": "PK", "municipality": "Quetta", "function": "客货混合·农产品进境口岸", "geoPrecision": "exact", "provenance": {"provider": "OurAirports", "url": "https://davidmegginson.github.io/ourairports-data/airports.csv", "license": "Public Domain", "collectedAt": "2026-09-22"}}}, {"type": "Feature", "id": "airport:OPSD", "geometry": {"type": "Point", "coordinates": [75.538648, 35.33866]}, "properties": {"id": "e:fac:apt-opsd", "name": "Skardu International Airport", "kind": "airport", "iata": "KDU", "country": "PK", "municipality": "Skardu", "function": "客货混合·农产品进境口岸", "geoPrecision": "exact", "provenance": {"provider": "OurAirports", "url": "https://davidmegginson.github.io/ourairports-data/airports.csv", "license": "Public Domain", "collectedAt": "2026-09-22"}}}, {"type": "Feature", "id": "airport:OPST", "geometry": {"type": "Point", "coordinates": [74.364623, 32.535941]}, "properties": {"id": "e:fac:apt-opst", "name": "Sialkot International Airport", "kind": "airport", "iata": "SKT", "country": "PK", "municipality": "Sialkot", "function": "客货混合·农产品进境口岸", "geoPrecision": "exact", "provenance": {"provider": "OurAirports", "url": "https://davidmegginson.github.io/ourairports-data/airports.csv", "license": "Public Domain", "collectedAt": "2026-09-22"}}}, {"type": "Feature", "id": "airport:OPTU", "geometry": {"type": "Point", "coordinates": [63.028856, 25.984767]}, "properties": {"id": "e:fac:apt-optu", "name": "Turbat International Airport", "kind": "airport", "iata": "TUK", "country": "PK", "municipality": "Turbat", "function": "客货混合·农产品进境口岸", "geoPrecision": "exact", "provenance": {"provider": "OurAirports", "url": "https://davidmegginson.github.io/ourairports-data/airports.csv", "license": "Public Domain", "collectedAt": "2026-09-22"}}}, {"type": "Feature", "id": "airport:ORBI", "geometry": {"type": "Point", "coordinates": [44.2346, 33.262501]}, "properties": {"id": "e:fac:apt-orbi", "name": "Baghdad International Airport / New Al Muthana Air Base", "kind": "airport", "iata": "BGW", "country": "IQ", "municipality": "Baghdad", "function": "客货混合·农产品进境口岸", "geoPrecision": "exact", "provenance": {"provider": "OurAirports", "url": "https://davidmegginson.github.io/ourairports-data/airports.csv", "license": "Public Domain", "collectedAt": "2026-09-22"}}}, {"type": "Feature", "id": "airport:ORBM", "geometry": {"type": "Point", "coordinates": [43.1474, 36.305801]}, "properties": {"id": "e:fac:apt-orbm", "name": "Mosul International Airport", "kind": "airport", "iata": "OSM", "country": "IQ", "municipality": "Mosul", "function": "客货混合·农产品进境口岸", "geoPrecision": "exact", "provenance": {"provider": "OurAirports", "url": "https://davidmegginson.github.io/ourairports-data/airports.csv", "license": "Public Domain", "collectedAt": "2026-09-22"}}}, {"type": "Feature", "id": "airport:ORER", "geometry": {"type": "Point", "coordinates": [43.946615, 36.236047]}, "properties": {"id": "e:fac:apt-orer", "name": "Erbil International Airport", "kind": "airport", "iata": "EBL", "country": "IQ", "municipality": "Arbil", "function": "客货混合·农产品进境口岸", "geoPrecision": "exact", "provenance": {"provider": "OurAirports", "url": "https://davidmegginson.github.io/ourairports-data/airports.csv", "license": "Public Domain", "collectedAt": "2026-09-22"}}}, {"type": "Feature", "id": "airport:ORKK", "geometry": {"type": "Point", "coordinates": [44.3489, 35.469501]}, "properties": {"id": "e:fac:apt-orkk", "name": "Kirkuk International Airport", "kind": "airport", "iata": "KIK", "country": "IQ", "municipality": "Kirkuk", "function": "客货混合·农产品进境口岸", "geoPrecision": "exact", "provenance": {"provider": "OurAirports", "url": "https://davidmegginson.github.io/ourairports-data/airports.csv", "license": "Public Domain", "collectedAt": "2026-09-22"}}}, {"type": "Feature", "id": "airport:ORMM", "geometry": {"type": "Point", "coordinates": [47.662102, 30.549101]}, "properties": {"id": "e:fac:apt-ormm", "name": "Basra International Airport", "kind": "airport", "iata": "BSR", "country": "IQ", "municipality": "Basra", "function": "客货混合·农产品进境口岸", "geoPrecision": "exact", "provenance": {"provider": "OurAirports", "url": "https://davidmegginson.github.io/ourairports-data/airports.csv", "license": "Public Domain", "collectedAt": "2026-09-22"}}}, {"type": "Feature", "id": "airport:ORNI", "geometry": {"type": "Point", "coordinates": [44.405019, 31.991116]}, "properties": {"id": "e:fac:apt-orni", "name": "Al Najaf International Airport", "kind": "airport", "iata": "NJF", "country": "IQ", "municipality": "Najaf", "function": "客货混合·农产品进境口岸", "geoPrecision": "exact", "provenance": {"provider": "OurAirports", "url": "https://davidmegginson.github.io/ourairports-data/airports.csv", "license": "Public Domain", "collectedAt": "2026-09-22"}}}, {"type": "Feature", "id": "airport:OSAP", "geometry": {"type": "Point", "coordinates": [37.226869, 36.181262]}, "properties": {"id": "e:fac:apt-osap", "name": "Aleppo International Airport", "kind": "airport", "iata": "ALP", "country": "SY", "municipality": "Aleppo", "function": "客货混合·农产品进境口岸", "geoPrecision": "exact", "provenance": {"provider": "OurAirports", "url": "https://davidmegginson.github.io/ourairports-data/airports.csv", "license": "Public Domain", "collectedAt": "2026-09-22"}}}, {"type": "Feature", "id": "airport:OSDI", "geometry": {"type": "Point", "coordinates": [36.515598, 33.411499]}, "properties": {"id": "e:fac:apt-osdi", "name": "Damascus International Airport", "kind": "airport", "iata": "DAM", "country": "SY", "municipality": "Damascus", "function": "客货混合·农产品进境口岸", "geoPrecision": "exact", "provenance": {"provider": "OurAirports", "url": "https://davidmegginson.github.io/ourairports-data/airports.csv", "license": "Public Domain", "collectedAt": "2026-09-22"}}}, {"type": "Feature", "id": "airport:OTBD", "geometry": {"type": "Point", "coordinates": [51.565528, 25.259431]}, "properties": {"id": "e:fac:apt-otbd", "name": "Doha International Airport", "kind": "airport", "iata": "DIA", "country": "QA", "municipality": "Doha", "function": "客货混合·农产品进境口岸", "geoPrecision": "exact", "provenance": {"provider": "OurAirports", "url": "https://davidmegginson.github.io/ourairports-data/airports.csv", "license": "Public Domain", "collectedAt": "2026-09-22"}}}, {"type": "Feature", "id": "airport:OTHH", "geometry": {"type": "Point", "coordinates": [51.608056, 25.273056]}, "properties": {"id": "e:fac:apt-othh", "name": "Hamad International Airport", "kind": "airport", "iata": "DOH", "country": "QA", "municipality": "Doha", "function": "客货混合·农产品进境口岸", "geoPrecision": "exact", "provenance": {"provider": "OurAirports", "url": "https://davidmegginson.github.io/ourairports-data/airports.csv", "license": "Public Domain", "collectedAt": "2026-09-22"}}}, {"type": "Feature", "id": "airport:OYAA", "geometry": {"type": "Point", "coordinates": [45.029976, 12.829564]}, "properties": {"id": "e:fac:apt-oyaa", "name": "Aden International Airport", "kind": "airport", "iata": "ADE", "country": "YE", "municipality": "Aden", "function": "客货混合·农产品进境口岸", "geoPrecision": "exact", "provenance": {"provider": "OurAirports", "url": "https://davidmegginson.github.io/ourairports-data/airports.csv", "license": "Public Domain", "collectedAt": "2026-09-22"}}}, {"type": "Feature", "id": "airport:OYRN", "geometry": {"type": "Point", "coordinates": [49.375289, 14.662241]}, "properties": {"id": "e:fac:apt-oyrn", "name": "Riyan International Airport", "kind": "airport", "iata": "RIY", "country": "YE", "municipality": "Mukalla(Riyan)", "function": "客货混合·农产品进境口岸", "geoPrecision": "exact", "provenance": {"provider": "OurAirports", "url": "https://davidmegginson.github.io/ourairports-data/airports.csv", "license": "Public Domain", "collectedAt": "2026-09-22"}}}, {"type": "Feature", "id": "airport:OYSN", "geometry": {"type": "Point", "coordinates": [44.2197, 15.4763]}, "properties": {"id": "e:fac:apt-oysn", "name": "Sanaa International Airport", "kind": "airport", "iata": "SAH", "country": "YE", "municipality": "Sanaa", "function": "客货混合·农产品进境口岸", "geoPrecision": "exact", "provenance": {"provider": "OurAirports", "url": "https://davidmegginson.github.io/ourairports-data/airports.csv", "license": "Public Domain", "collectedAt": "2026-09-22"}}}, {"type": "Feature", "id": "airport:OYSY", "geometry": {"type": "Point", "coordinates": [48.788146, 15.965887]}, "properties": {"id": "e:fac:apt-oysy", "name": "Seiyun Hadhramaut International Airport", "kind": "airport", "iata": "GXF", "country": "YE", "municipality": "Seiyun", "function": "客货混合·农产品进境口岸", "geoPrecision": "exact", "provenance": {"provider": "OurAirports", "url": "https://davidmegginson.github.io/ourairports-data/airports.csv", "license": "Public Domain", "collectedAt": "2026-09-22"}}}, {"type": "Feature", "id": "airport:PANC", "geometry": {"type": "Point", "coordinates": [-149.992561, 61.179004]}, "properties": {"id": "e:fac:apt-panc", "name": "Ted Stevens Anchorage International Airport", "kind": "airport", "iata": "ANC", "country": "US", "municipality": "Anchorage", "function": "客货混合·农产品进境口岸", "geoPrecision": "exact", "provenance": {"provider": "OurAirports", "url": "https://davidmegginson.github.io/ourairports-data/airports.csv", "license": "Public Domain", "collectedAt": "2026-09-22"}}}, {"type": "Feature", "id": "airport:PGRO", "geometry": {"type": "Point", "coordinates": [145.241103, 14.173267]}, "properties": {"id": "e:fac:apt-pgro", "name": "Rota International Airport", "kind": "airport", "iata": "ROP", "country": "MP", "municipality": "Rota Island", "function": "客货混合·农产品进境口岸", "geoPrecision": "exact", "provenance": {"provider": "OurAirports", "url": "https://davidmegginson.github.io/ourairports-data/airports.csv", "license": "Public Domain", "collectedAt": "2026-09-22"}}}, {"type": "Feature", "id": "airport:PGUM", "geometry": {"type": "Point", "coordinates": [144.797282, 13.485]}, "properties": {"id": "e:fac:apt-pgum", "name": "Antonio B. Won Pat International Airport", "kind": "airport", "iata": "GUM", "country": "GU", "municipality": "Hagåtña", "function": "客货混合·农产品进境口岸", "geoPrecision": "exact", "provenance": {"provider": "OurAirports", "url": "https://davidmegginson.github.io/ourairports-data/airports.csv", "license": "Public Domain", "collectedAt": "2026-09-22"}}}, {"type": "Feature", "id": "airport:PHKO", "geometry": {"type": "Point", "coordinates": [-156.045603, 19.738783]}, "properties": {"id": "e:fac:apt-phko", "name": "Ellison Onizuka Kona International Airport at Keāhole", "kind": "airport", "iata": "KOA", "country": "US", "municipality": "Kailua-Kona", "function": "客货混合·农产品进境口岸", "geoPrecision": "exact", "provenance": {"provider": "OurAirports", "url": "https://davidmegginson.github.io/ourairports-data/airports.csv", "license": "Public Domain", "collectedAt": "2026-09-22"}}}, {"type": "Feature", "id": "airport:PHLI", "geometry": {"type": "Point", "coordinates": [-159.337146, 21.974393]}, "properties": {"id": "e:fac:apt-phli", "name": "Lihue Airport", "kind": "airport", "iata": "LIH", "country": "US", "municipality": "Lihue, Kauai", "function": "客货混合·农产品进境口岸", "geoPrecision": "exact", "provenance": {"provider": "OurAirports", "url": "https://davidmegginson.github.io/ourairports-data/airports.csv", "license": "Public Domain", "collectedAt": "2026-09-22"}}}, {"type": "Feature", "id": "airport:PHNL", "geometry": {"type": "Point", "coordinates": [-157.92567, 21.318387]}, "properties": {"id": "e:fac:apt-phnl", "name": "Daniel K. Inouye International Airport", "kind": "airport", "iata": "HNL", "country": "US", "municipality": "Honolulu, Oahu", "function": "客货混合·农产品进境口岸", "geoPrecision": "exact", "provenance": {"provider": "OurAirports", "url": "https://davidmegginson.github.io/ourairports-data/airports.csv", "license": "Public Domain", "collectedAt": "2026-09-22"}}}, {"type": "Feature", "id": "airport:PHOG", "geometry": {"type": "Point", "coordinates": [-156.431837, 20.896263]}, "properties": {"id": "e:fac:apt-phog", "name": "Kahului International Airport", "kind": "airport", "iata": "OGG", "country": "US", "municipality": "Kahului", "function": "客货混合·农产品进境口岸", "geoPrecision": "exact", "provenance": {"provider": "OurAirports", "url": "https://davidmegginson.github.io/ourairports-data/airports.csv", "license": "Public Domain", "collectedAt": "2026-09-22"}}}, {"type": "Feature", "id": "airport:PKMJ", "geometry": {"type": "Point", "coordinates": [171.271656, 7.06511]}, "properties": {"id": "e:fac:apt-pkmj", "name": "Marshall Islands International Airport", "kind": "airport", "iata": "MAJ", "country": "MH", "municipality": "Majuro Atoll", "function": "客货混合·农产品进境口岸", "geoPrecision": "exact", "provenance": {"provider": "OurAirports", "url": "https://davidmegginson.github.io/ourairports-data/airports.csv", "license": "Public Domain", "collectedAt": "2026-09-22"}}}, {"type": "Feature", "id": "airport:PLCH", "geometry": {"type": "Point", "coordinates": [-157.350011, 1.986278]}, "properties": {"id": "e:fac:apt-plch", "name": "Cassidy International Airport", "kind": "airport", "iata": "CXI", "country": "KI", "municipality": "Kiritimati", "function": "客货混合·农产品进境口岸", "geoPrecision": "exact", "provenance": {"provider": "OurAirports", "url": "https://davidmegginson.github.io/ourairports-data/airports.csv", "license": "Public Domain", "collectedAt": "2026-09-22"}}}, {"type": "Feature", "id": "airport:PTKK", "geometry": {"type": "Point", "coordinates": [151.843002, 7.46187]}, "properties": {"id": "e:fac:apt-ptkk", "name": "Chuuk International Airport", "kind": "airport", "iata": "TKK", "country": "FM", "municipality": "Weno Island", "function": "客货混合·农产品进境口岸", "geoPrecision": "exact", "provenance": {"provider": "OurAirports", "url": "https://davidmegginson.github.io/ourairports-data/airports.csv", "license": "Public Domain", "collectedAt": "2026-09-22"}}}, {"type": "Feature", "id": "airport:PTRO", "geometry": {"type": "Point", "coordinates": [134.544085, 7.366965]}, "properties": {"id": "e:fac:apt-ptro", "name": "Roman Tmetuchl International Airport", "kind": "airport", "iata": "ROR", "country": "PW", "municipality": "Babelthuap Island", "function": "客货混合·农产品进境口岸", "geoPrecision": "exact", "provenance": {"provider": "OurAirports", "url": "https://davidmegginson.github.io/ourairports-data/airports.csv", "license": "Public Domain", "collectedAt": "2026-09-22"}}}, {"type": "Feature", "id": "airport:PTSA", "geometry": {"type": "Point", "coordinates": [162.957993, 5.35698]}, "properties": {"id": "e:fac:apt-ptsa", "name": "Kosrae International Airport", "kind": "airport", "iata": "KSA", "country": "FM", "municipality": "Okat", "function": "客货混合·农产品进境口岸", "geoPrecision": "exact", "provenance": {"provider": "OurAirports", "url": "https://davidmegginson.github.io/ourairports-data/airports.csv", "license": "Public Domain", "collectedAt": "2026-09-22"}}}, {"type": "Feature", "id": "airport:PTYA", "geometry": {"type": "Point", "coordinates": [138.082993, 9.49891]}, "properties": {"id": "e:fac:apt-ptya", "name": "Yap International Airport", "kind": "airport", "iata": "YAP", "country": "FM", "municipality": "Yap Island", "function": "客货混合·农产品进境口岸", "geoPrecision": "exact", "provenance": {"provider": "OurAirports", "url": "https://davidmegginson.github.io/ourairports-data/airports.csv", "license": "Public Domain", "collectedAt": "2026-09-22"}}}, {"type": "Feature", "id": "airport:RCKH", "geometry": {"type": "Point", "coordinates": [120.349998, 22.577101]}, "properties": {"id": "e:fac:apt-rckh", "name": "Kaohsiung International Airport", "kind": "airport", "iata": "KHH", "country": "TW", "municipality": "Kaohsiung (Xiaogang)", "function": "客货混合·农产品进境口岸", "geoPrecision": "exact", "provenance": {"provider": "OurAirports", "url": "https://davidmegginson.github.io/ourairports-data/airports.csv", "license": "Public Domain", "collectedAt": "2026-09-22"}}}, {"type": "Feature", "id": "airport:RCMQ", "geometry": {"type": "Point", "coordinates": [120.621002, 24.2647]}, "properties": {"id": "e:fac:apt-rcmq", "name": "Taichung International Airport / Ching Chuang Kang Air Base", "kind": "airport", "iata": "RMQ", "country": "TW", "municipality": "Taichung (Qingshui)", "function": "客货混合·农产品进境口岸", "geoPrecision": "exact", "provenance": {"provider": "OurAirports", "url": "https://davidmegginson.github.io/ourairports-data/airports.csv", "license": "Public Domain", "collectedAt": "2026-09-22"}}}, {"type": "Feature", "id": "airport:RCNN", "geometry": {"type": "Point", "coordinates": [120.206001, 22.950399]}, "properties": {"id": "e:fac:apt-rcnn", "name": "Tainan International Airport / Tainan Air Base", "kind": "airport", "iata": "TNN", "country": "TW", "municipality": "Tainan (Rende)", "function": "客货混合·农产品进境口岸", "geoPrecision": "exact", "provenance": {"provider": "OurAirports", "url": "https://davidmegginson.github.io/ourairports-data/airports.csv", "license": "Public Domain", "collectedAt": "2026-09-22"}}}, {"type": "Feature", "id": "airport:RCQC", "geometry": {"type": "Point", "coordinates": [119.627998, 23.568701]}, "properties": {"id": "e:fac:apt-rcqc", "name": "Penghu Magong Airport", "kind": "airport", "iata": "MZG", "country": "TW", "municipality": "Huxi", "function": "客货混合·农产品进境口岸", "geoPrecision": "exact", "provenance": {"provider": "OurAirports", "url": "https://davidmegginson.github.io/ourairports-data/airports.csv", "license": "Public Domain", "collectedAt": "2026-09-22"}}}, {"type": "Feature", "id": "airport:RCSS", "geometry": {"type": "Point", "coordinates": [121.552822, 25.067244]}, "properties": {"id": "e:fac:apt-rcss", "name": "Taipei Songshan International Airport", "kind": "airport", "iata": "TSA", "country": "TW", "municipality": "Taipei (Songshan)", "function": "客货混合·农产品进境口岸", "geoPrecision": "exact", "provenance": {"provider": "OurAirports", "url": "https://davidmegginson.github.io/ourairports-data/airports.csv", "license": "Public Domain", "collectedAt": "2026-09-22"}}}, {"type": "Feature", "id": "airport:RCTP", "geometry": {"type": "Point", "coordinates": [121.233002, 25.0777]}, "properties": {"id": "e:fac:apt-rctp", "name": "Taiwan Taoyuan International Airport", "kind": "airport", "iata": "TPE", "country": "TW", "municipality": "Taoyuan", "function": "客货混合·农产品进境口岸", "geoPrecision": "exact", "provenance": {"provider": "OurAirports", "url": "https://davidmegginson.github.io/ourairports-data/airports.csv", "license": "Public Domain", "collectedAt": "2026-09-22"}}}, {"type": "Feature", "id": "airport:RCYU", "geometry": {"type": "Point", "coordinates": [121.617991, 24.023163]}, "properties": {"id": "e:fac:apt-rcyu", "name": "Hualien Chiashan Airport", "kind": "airport", "iata": "HUN", "country": "TW", "municipality": "Hualien City", "function": "客货混合·农产品进境口岸", "geoPrecision": "exact", "provenance": {"provider": "OurAirports", "url": "https://davidmegginson.github.io/ourairports-data/airports.csv", "license": "Public Domain", "collectedAt": "2026-09-22"}}}, {"type": "Feature", "id": "airport:RJAA", "geometry": {"type": "Point", "coordinates": [140.388714, 35.76858]}, "properties": {"id": "e:fac:apt-rjaa", "name": "Narita International Airport", "kind": "airport", "iata": "NRT", "country": "JP", "municipality": "Narita", "function": "客货混合·农产品进境口岸", "geoPrecision": "exact", "provenance": {"provider": "OurAirports", "url": "https://davidmegginson.github.io/ourairports-data/airports.csv", "license": "Public Domain", "collectedAt": "2026-09-22"}}}, {"type": "Feature", "id": "airport:RJAH", "geometry": {"type": "Point", "coordinates": [140.414434, 36.181456]}, "properties": {"id": "e:fac:apt-rjah", "name": "Ibaraki Airport", "kind": "airport", "iata": "IBR", "country": "JP", "municipality": "Omitama", "function": "客货混合·农产品进境口岸", "geoPrecision": "exact", "provenance": {"provider": "OurAirports", "url": "https://davidmegginson.github.io/ourairports-data/airports.csv", "license": "Public Domain", "collectedAt": "2026-09-22"}}}, {"type": "Feature", "id": "airport:RJBB", "geometry": {"type": "Point", "coordinates": [135.244003, 34.427299]}, "properties": {"id": "e:fac:apt-rjbb", "name": "Kansai International Airport", "kind": "airport", "iata": "KIX", "country": "JP", "municipality": "Osaka", "function": "客货混合·农产品进境口岸", "geoPrecision": "exact", "provenance": {"provider": "OurAirports", "url": "https://davidmegginson.github.io/ourairports-data/airports.csv", "license": "Public Domain", "collectedAt": "2026-09-22"}}}, {"type": "Feature", "id": "airport:RJBE", "geometry": {"type": "Point", "coordinates": [135.223999, 34.632801]}, "properties": {"id": "e:fac:apt-rjbe", "name": "Kobe Airport", "kind": "airport", "iata": "UKB", "country": "JP", "municipality": "Kobe", "function": "客货混合·农产品进境口岸", "geoPrecision": "exact", "provenance": {"provider": "OurAirports", "url": "https://davidmegginson.github.io/ourairports-data/airports.csv", "license": "Public Domain", "collectedAt": "2026-09-22"}}}, {"type": "Feature", "id": "airport:RJCC", "geometry": {"type": "Point", "coordinates": [141.690414, 42.774753]}, "properties": {"id": "e:fac:apt-rjcc", "name": "New Chitose Airport", "kind": "airport", "iata": "CTS", "country": "JP", "municipality": "Sapporo", "function": "客货混合·农产品进境口岸", "geoPrecision": "exact", "provenance": {"provider": "OurAirports", "url": "https://davidmegginson.github.io/ourairports-data/airports.csv", "license": "Public Domain", "collectedAt": "2026-09-22"}}}, {"type": "Feature", "id": "airport:RJCH", "geometry": {"type": "Point", "coordinates": [140.822006, 41.77]}, "properties": {"id": "e:fac:apt-rjch", "name": "Hakodate Airport", "kind": "airport", "iata": "HKD", "country": "JP", "municipality": "Hakodate", "function": "客货混合·农产品进境口岸", "geoPrecision": "exact", "provenance": {"provider": "OurAirports", "url": "https://davidmegginson.github.io/ourairports-data/airports.csv", "license": "Public Domain", "collectedAt": "2026-09-22"}}}, {"type": "Feature", "id": "airport:RJFF", "geometry": {"type": "Point", "coordinates": [130.451004, 33.585899]}, "properties": {"id": "e:fac:apt-rjff", "name": "Fukuoka Airport", "kind": "airport", "iata": "FUK", "country": "JP", "municipality": "Fukuoka", "function": "客货混合·农产品进境口岸", "geoPrecision": "exact", "provenance": {"provider": "OurAirports", "url": "https://davidmegginson.github.io/ourairports-data/airports.csv", "license": "Public Domain", "collectedAt": "2026-09-22"}}}, {"type": "Feature", "id": "airport:RJFK", "geometry": {"type": "Point", "coordinates": [130.718994, 31.8034]}, "properties": {"id": "e:fac:apt-rjfk", "name": "Kagoshima Airport", "kind": "airport", "iata": "KOJ", "country": "JP", "municipality": "Kagoshima", "function": "客货混合·农产品进境口岸", "geoPrecision": "exact", "provenance": {"provider": "OurAirports", "url": "https://davidmegginson.github.io/ourairports-data/airports.csv", "license": "Public Domain", "collectedAt": "2026-09-22"}}}, {"type": "Feature", "id": "airport:RJFM", "geometry": {"type": "Point", "coordinates": [131.449005, 31.877199]}, "properties": {"id": "e:fac:apt-rjfm", "name": "Miyazaki Airport", "kind": "airport", "iata": "KMI", "country": "JP", "municipality": "Miyazaki", "function": "客货混合·农产品进境口岸", "geoPrecision": "exact", "provenance": {"provider": "OurAirports", "url": "https://davidmegginson.github.io/ourairports-data/airports.csv", "license": "Public Domain", "collectedAt": "2026-09-22"}}}, {"type": "Feature", "id": "airport:RJFR", "geometry": {"type": "Point", "coordinates": [131.035004, 33.845901]}, "properties": {"id": "e:fac:apt-rjfr", "name": "Kitakyushu Airport", "kind": "airport", "iata": "KKJ", "country": "JP", "municipality": "Kitakyushu", "function": "客货混合·农产品进境口岸", "geoPrecision": "exact", "provenance": {"provider": "OurAirports", "url": "https://davidmegginson.github.io/ourairports-data/airports.csv", "license": "Public Domain", "collectedAt": "2026-09-22"}}}, {"type": "Feature", "id": "airport:RJFS", "geometry": {"type": "Point", "coordinates": [130.302002, 33.1497]}, "properties": {"id": "e:fac:apt-rjfs", "name": "Kyushu Saga International Airport", "kind": "airport", "iata": "HSG", "country": "JP", "municipality": "Saga", "function": "客货混合·农产品进境口岸", "geoPrecision": "exact", "provenance": {"provider": "OurAirports", "url": "https://davidmegginson.github.io/ourairports-data/airports.csv", "license": "Public Domain", "collectedAt": "2026-09-22"}}}, {"type": "Feature", "id": "airport:RJFT", "geometry": {"type": "Point", "coordinates": [130.854996, 32.837299]}, "properties": {"id": "e:fac:apt-rjft", "name": "Kumamoto Airport", "kind": "airport", "iata": "KMJ", "country": "JP", "municipality": "Kumamoto", "function": "客货混合·农产品进境口岸", "geoPrecision": "exact", "provenance": {"provider": "OurAirports", "url": "https://davidmegginson.github.io/ourairports-data/airports.csv", "license": "Public Domain", "collectedAt": "2026-09-22"}}}, {"type": "Feature", "id": "airport:RJFU", "geometry": {"type": "Point", "coordinates": [129.914001, 32.916901]}, "properties": {"id": "e:fac:apt-rjfu", "name": "Nagasaki Airport", "kind": "airport", "iata": "NGS", "country": "JP", "municipality": "Nagasaki", "function": "客货混合·农产品进境口岸", "geoPrecision": "exact", "provenance": {"provider": "OurAirports", "url": "https://davidmegginson.github.io/ourairports-data/airports.csv", "license": "Public Domain", "collectedAt": "2026-09-22"}}}, {"type": "Feature", "id": "airport:RJGG", "geometry": {"type": "Point", "coordinates": [136.804993, 34.858398]}, "properties": {"id": "e:fac:apt-rjgg", "name": "Chubu Centrair International Airport", "kind": "airport", "iata": "NGO", "country": "JP", "municipality": "Tokoname", "function": "客货混合·农产品进境口岸", "geoPrecision": "exact", "provenance": {"provider": "OurAirports", "url": "https://davidmegginson.github.io/ourairports-data/airports.csv", "license": "Public Domain", "collectedAt": "2026-09-22"}}}, {"type": "Feature", "id": "airport:RJNK", "geometry": {"type": "Point", "coordinates": [136.406895, 36.393407]}, "properties": {"id": "e:fac:apt-rjnk", "name": "Komatsu Airport / JASDF Komatsu Air Base", "kind": "airport", "iata": "KMQ", "country": "JP", "municipality": "Kanazawa", "function": "客货混合·农产品进境口岸", "geoPrecision": "exact", "provenance": {"provider": "OurAirports", "url": "https://davidmegginson.github.io/ourairports-data/airports.csv", "license": "Public Domain", "collectedAt": "2026-09-22"}}}, {"type": "Feature", "id": "airport:RJNS", "geometry": {"type": "Point", "coordinates": [138.190976, 34.795022]}, "properties": {"id": "e:fac:apt-rjns", "name": "Mount Fuji Shizuoka Airport", "kind": "airport", "iata": "FSZ", "country": "JP", "municipality": "Makinohara / Shimada", "function": "客货混合·农产品进境口岸", "geoPrecision": "exact", "provenance": {"provider": "OurAirports", "url": "https://davidmegginson.github.io/ourairports-data/airports.csv", "license": "Public Domain", "collectedAt": "2026-09-22"}}}, {"type": "Feature", "id": "airport:RJOA", "geometry": {"type": "Point", "coordinates": [132.919006, 34.4361]}, "properties": {"id": "e:fac:apt-rjoa", "name": "Hiroshima Airport", "kind": "airport", "iata": "HIJ", "country": "JP", "municipality": "Hiroshima", "function": "客货混合·农产品进境口岸", "geoPrecision": "exact", "provenance": {"provider": "OurAirports", "url": "https://davidmegginson.github.io/ourairports-data/airports.csv", "license": "Public Domain", "collectedAt": "2026-09-22"}}}, {"type": "Feature", "id": "airport:RJOB", "geometry": {"type": "Point", "coordinates": [133.854996, 34.756901]}, "properties": {"id": "e:fac:apt-rjob", "name": "Okayama Momotaro Airport", "kind": "airport", "iata": "OKJ", "country": "JP", "municipality": "Okayama", "function": "客货混合·农产品进境口岸", "geoPrecision": "exact", "provenance": {"provider": "OurAirports", "url": "https://davidmegginson.github.io/ourairports-data/airports.csv", "license": "Public Domain", "collectedAt": "2026-09-22"}}}, {"type": "Feature", "id": "airport:RJOK", "geometry": {"type": "Point", "coordinates": [133.670166, 33.545217]}, "properties": {"id": "e:fac:apt-rjok", "name": "Kochi Ryoma Airport", "kind": "airport", "iata": "KCZ", "country": "JP", "municipality": "Nankoku", "function": "客货混合·农产品进境口岸", "geoPrecision": "exact", "provenance": {"provider": "OurAirports", "url": "https://davidmegginson.github.io/ourairports-data/airports.csv", "license": "Public Domain", "collectedAt": "2026-09-22"}}}, {"type": "Feature", "id": "airport:RJOM", "geometry": {"type": "Point", "coordinates": [132.700114, 33.826893]}, "properties": {"id": "e:fac:apt-rjom", "name": "Matsuyama Airport", "kind": "airport", "iata": "MYJ", "country": "JP", "municipality": "Matsuyama", "function": "客货混合·农产品进境口岸", "geoPrecision": "exact", "provenance": {"provider": "OurAirports", "url": "https://davidmegginson.github.io/ourairports-data/airports.csv", "license": "Public Domain", "collectedAt": "2026-09-22"}}}, {"type": "Feature", "id": "airport:RJOO", "geometry": {"type": "Point", "coordinates": [135.440829, 34.780853]}, "properties": {"id": "e:fac:apt-rjoo", "name": "Osaka Itami International Airport", "kind": "airport", "iata": "ITM", "country": "JP", "municipality": "Osaka", "function": "客货混合·农产品进境口岸", "geoPrecision": "exact", "provenance": {"provider": "OurAirports", "url": "https://davidmegginson.github.io/ourairports-data/airports.csv", "license": "Public Domain", "collectedAt": "2026-09-22"}}}, {"type": "Feature", "id": "airport:RJOS", "geometry": {"type": "Point", "coordinates": [134.607816, 34.132559]}, "properties": {"id": "e:fac:apt-rjos", "name": "Tokushima Awaodori Airport / JMSDF Tokushima Air Base", "kind": "airport", "iata": "TKS", "country": "JP", "municipality": "Tokushima", "function": "客货混合·农产品进境口岸", "geoPrecision": "exact", "provenance": {"provider": "OurAirports", "url": "https://davidmegginson.github.io/ourairports-data/airports.csv", "license": "Public Domain", "collectedAt": "2026-09-22"}}}, {"type": "Feature", "id": "airport:RJOT", "geometry": {"type": "Point", "coordinates": [134.015454, 34.214963]}, "properties": {"id": "e:fac:apt-rjot", "name": "Takamatsu Airport", "kind": "airport", "iata": "TAK", "country": "JP", "municipality": "Takamatsu", "function": "客货混合·农产品进境口岸", "geoPrecision": "exact", "provenance": {"provider": "OurAirports", "url": "https://davidmegginson.github.io/ourairports-data/airports.csv", "license": "Public Domain", "collectedAt": "2026-09-22"}}}, {"type": "Feature", "id": "airport:RJSA", "geometry": {"type": "Point", "coordinates": [140.689477, 40.733777]}, "properties": {"id": "e:fac:apt-rjsa", "name": "Aomori Airport", "kind": "airport", "iata": "AOJ", "country": "JP", "municipality": "Aomori", "function": "客货混合·农产品进境口岸", "geoPrecision": "exact", "provenance": {"provider": "OurAirports", "url": "https://davidmegginson.github.io/ourairports-data/airports.csv", "license": "Public Domain", "collectedAt": "2026-09-22"}}}, {"type": "Feature", "id": "airport:RJSN", "geometry": {"type": "Point", "coordinates": [139.112189, 37.954166]}, "properties": {"id": "e:fac:apt-rjsn", "name": "Niigata Airport", "kind": "airport", "iata": "KIJ", "country": "JP", "municipality": "Niigata", "function": "客货混合·农产品进境口岸", "geoPrecision": "exact", "provenance": {"provider": "OurAirports", "url": "https://davidmegginson.github.io/ourairports-data/airports.csv", "license": "Public Domain", "collectedAt": "2026-09-22"}}}, {"type": "Feature", "id": "airport:RJSS", "geometry": {"type": "Point", "coordinates": [140.917007, 38.139702]}, "properties": {"id": "e:fac:apt-rjss", "name": "Sendai Airport", "kind": "airport", "iata": "SDJ", "country": "JP", "municipality": "Natori", "function": "客货混合·农产品进境口岸", "geoPrecision": "exact", "provenance": {"provider": "OurAirports", "url": "https://davidmegginson.github.io/ourairports-data/airports.csv", "license": "Public Domain", "collectedAt": "2026-09-22"}}}, {"type": "Feature", "id": "airport:RJTT", "geometry": {"type": "Point", "coordinates": [139.786958, 35.549678]}, "properties": {"id": "e:fac:apt-rjtt", "name": "Tokyo Haneda International Airport", "kind": "airport", "iata": "HND", "country": "JP", "municipality": "Tokyo", "function": "客货混合·农产品进境口岸", "geoPrecision": "exact", "provenance": {"provider": "OurAirports", "url": "https://davidmegginson.github.io/ourairports-data/airports.csv", "license": "Public Domain", "collectedAt": "2026-09-22"}}}, {"type": "Feature", "id": "airport:RKJB", "geometry": {"type": "Point", "coordinates": [126.382814, 34.991406]}, "properties": {"id": "e:fac:apt-rkjb", "name": "Muan International Airport", "kind": "airport", "iata": "MWX", "country": "KR", "municipality": "Muan (Piseo-ri)", "function": "客货混合·农产品进境口岸", "geoPrecision": "exact", "provenance": {"provider": "OurAirports", "url": "https://davidmegginson.github.io/ourairports-data/airports.csv", "license": "Public Domain", "collectedAt": "2026-09-22"}}}, {"type": "Feature", "id": "airport:RKNY", "geometry": {"type": "Point", "coordinates": [128.669822, 38.060481]}, "properties": {"id": "e:fac:apt-rkny", "name": "Yangyang International Airport", "kind": "airport", "iata": "YNY", "country": "KR", "municipality": "Gonghang-ro", "function": "客货混合·农产品进境口岸", "geoPrecision": "exact", "provenance": {"provider": "OurAirports", "url": "https://davidmegginson.github.io/ourairports-data/airports.csv", "license": "Public Domain", "collectedAt": "2026-09-22"}}}, {"type": "Feature", "id": "airport:RKPC", "geometry": {"type": "Point", "coordinates": [126.492548, 33.512058]}, "properties": {"id": "e:fac:apt-rkpc", "name": "Jeju International Airport", "kind": "airport", "iata": "CJU", "country": "KR", "municipality": "Jeju City", "function": "客货混合·农产品进境口岸", "geoPrecision": "exact", "provenance": {"provider": "OurAirports", "url": "https://davidmegginson.github.io/ourairports-data/airports.csv", "license": "Public Domain", "collectedAt": "2026-09-22"}}}, {"type": "Feature", "id": "airport:RKPK", "geometry": {"type": "Point", "coordinates": [128.938004, 35.179501]}, "properties": {"id": "e:fac:apt-rkpk", "name": "Gimhae International Airport", "kind": "airport", "iata": "PUS", "country": "KR", "municipality": "Busan", "function": "客货混合·农产品进境口岸", "geoPrecision": "exact", "provenance": {"provider": "OurAirports", "url": "https://davidmegginson.github.io/ourairports-data/airports.csv", "license": "Public Domain", "collectedAt": "2026-09-22"}}}, {"type": "Feature", "id": "airport:RKSI", "geometry": {"type": "Point", "coordinates": [126.450996, 37.469101]}, "properties": {"id": "e:fac:apt-rksi", "name": "Incheon International Airport", "kind": "airport", "iata": "ICN", "country": "KR", "municipality": "Seoul", "function": "客货混合·农产品进境口岸", "geoPrecision": "exact", "provenance": {"provider": "OurAirports", "url": "https://davidmegginson.github.io/ourairports-data/airports.csv", "license": "Public Domain", "collectedAt": "2026-09-22"}}}, {"type": "Feature", "id": "airport:RKSS", "geometry": {"type": "Point", "coordinates": [126.791, 37.5583]}, "properties": {"id": "e:fac:apt-rkss", "name": "Seoul Gimpo International Airport", "kind": "airport", "iata": "GMP", "country": "KR", "municipality": "Seoul", "function": "客货混合·农产品进境口岸", "geoPrecision": "exact", "provenance": {"provider": "OurAirports", "url": "https://davidmegginson.github.io/ourairports-data/airports.csv", "license": "Public Domain", "collectedAt": "2026-09-22"}}}, {"type": "Feature", "id": "airport:RKTN", "geometry": {"type": "Point", "coordinates": [128.656989, 35.894394]}, "properties": {"id": "e:fac:apt-rktn", "name": "Daegu International Airport", "kind": "airport", "iata": "TAE", "country": "KR", "municipality": "Daegu", "function": "客货混合·农产品进境口岸", "geoPrecision": "exact", "provenance": {"provider": "OurAirports", "url": "https://davidmegginson.github.io/ourairports-data/airports.csv", "license": "Public Domain", "collectedAt": "2026-09-22"}}}, {"type": "Feature", "id": "airport:RKTU", "geometry": {"type": "Point", "coordinates": [127.500289, 36.71556]}, "properties": {"id": "e:fac:apt-rktu", "name": "Cheongju International Airport/Cheongju Air Base (K-59/G-513)", "kind": "airport", "iata": "CJJ", "country": "KR", "municipality": "Cheongju", "function": "客货混合·农产品进境口岸", "geoPrecision": "exact", "provenance": {"provider": "OurAirports", "url": "https://davidmegginson.github.io/ourairports-data/airports.csv", "license": "Public Domain", "collectedAt": "2026-09-22"}}}, {"type": "Feature", "id": "airport:ROAH", "geometry": {"type": "Point", "coordinates": [127.639804, 26.192437]}, "properties": {"id": "e:fac:apt-roah", "name": "Naha International Airport", "kind": "airport", "iata": "OKA", "country": "JP", "municipality": "Naha", "function": "客货混合·农产品进境口岸", "geoPrecision": "exact", "provenance": {"provider": "OurAirports", "url": "https://davidmegginson.github.io/ourairports-data/airports.csv", "license": "Public Domain", "collectedAt": "2026-09-22"}}}, {"type": "Feature", "id": "airport:RODN", "geometry": {"type": "Point", "coordinates": [127.769444, 26.351667]}, "properties": {"id": "e:fac:apt-rodn", "name": "Kadena Air Base", "kind": "airport", "iata": "DNA", "country": "JP", "municipality": "Okinawa", "function": "客货混合·农产品进境口岸", "geoPrecision": "exact", "provenance": {"provider": "OurAirports", "url": "https://davidmegginson.github.io/ourairports-data/airports.csv", "license": "Public Domain", "collectedAt": "2026-09-22"}}}, {"type": "Feature", "id": "airport:RPLB", "geometry": {"type": "Point", "coordinates": [120.271883, 14.794833]}, "properties": {"id": "e:fac:apt-rplb", "name": "Subic Bay International Airport / Naval Air Station Cubi Point", "kind": "airport", "iata": "SFS", "country": "PH", "municipality": "Olongapo", "function": "客货混合·农产品进境口岸", "geoPrecision": "exact", "provenance": {"provider": "OurAirports", "url": "https://davidmegginson.github.io/ourairports-data/airports.csv", "license": "Public Domain", "collectedAt": "2026-09-22"}}}, {"type": "Feature", "id": "airport:RPLC", "geometry": {"type": "Point", "coordinates": [120.559998, 15.186]}, "properties": {"id": "e:fac:apt-rplc", "name": "Clark International Airport / Clark Air Base", "kind": "airport", "iata": "CRK", "country": "PH", "municipality": "Mabalacat", "function": "客货混合·农产品进境口岸", "geoPrecision": "exact", "provenance": {"provider": "OurAirports", "url": "https://davidmegginson.github.io/ourairports-data/airports.csv", "license": "Public Domain", "collectedAt": "2026-09-22"}}}, {"type": "Feature", "id": "airport:RPLI", "geometry": {"type": "Point", "coordinates": [120.531006, 18.175089]}, "properties": {"id": "e:fac:apt-rpli", "name": "Laoag International Airport", "kind": "airport", "iata": "LAO", "country": "PH", "municipality": "Laoag City", "function": "客货混合·农产品进境口岸", "geoPrecision": "exact", "provenance": {"provider": "OurAirports", "url": "https://davidmegginson.github.io/ourairports-data/airports.csv", "license": "Public Domain", "collectedAt": "2026-09-22"}}}, {"type": "Feature", "id": "airport:RPLK", "geometry": {"type": "Point", "coordinates": [123.676829, 13.111915]}, "properties": {"id": "e:fac:apt-rplk", "name": "Bicol International Airport", "kind": "airport", "iata": "DRP", "country": "PH", "municipality": "Legazpi", "function": "客货混合·农产品进境口岸", "geoPrecision": "exact", "provenance": {"provider": "OurAirports", "url": "https://davidmegginson.github.io/ourairports-data/airports.csv", "license": "Public Domain", "collectedAt": "2026-09-22"}}}, {"type": "Feature", "id": "airport:RPLL", "geometry": {"type": "Point", "coordinates": [121.019997, 14.5086]}, "properties": {"id": "e:fac:apt-rpll", "name": "Ninoy Aquino International Airport", "kind": "airport", "iata": "MNL", "country": "PH", "municipality": "Manila (Pasay)", "function": "客货混合·农产品进境口岸", "geoPrecision": "exact", "provenance": {"provider": "OurAirports", "url": "https://davidmegginson.github.io/ourairports-data/airports.csv", "license": "Public Domain", "collectedAt": "2026-09-22"}}}, {"type": "Feature", "id": "airport:RPMD", "geometry": {"type": "Point", "coordinates": [125.646004, 7.12552]}, "properties": {"id": "e:fac:apt-rpmd", "name": "Francisco Bangoy International Airport", "kind": "airport", "iata": "DVO", "country": "PH", "municipality": "Davao", "function": "客货混合·农产品进境口岸", "geoPrecision": "exact", "provenance": {"provider": "OurAirports", "url": "https://davidmegginson.github.io/ourairports-data/airports.csv", "license": "Public Domain", "collectedAt": "2026-09-22"}}}, {"type": "Feature", "id": "airport:RPMR", "geometry": {"type": "Point", "coordinates": [125.096243, 6.057208]}, "properties": {"id": "e:fac:apt-rpmr", "name": "General Santos International Airport", "kind": "airport", "iata": "GES", "country": "PH", "municipality": "General Santos", "function": "客货混合·农产品进境口岸", "geoPrecision": "exact", "provenance": {"provider": "OurAirports", "url": "https://davidmegginson.github.io/ourairports-data/airports.csv", "license": "Public Domain", "collectedAt": "2026-09-22"}}}, {"type": "Feature", "id": "airport:RPMY", "geometry": {"type": "Point", "coordinates": [124.456496, 8.612203]}, "properties": {"id": "e:fac:apt-rpmy", "name": "Laguindingan International Airport", "kind": "airport", "iata": "CGY", "country": "PH", "municipality": "Laguindingan", "function": "客货混合·农产品进境口岸", "geoPrecision": "exact", "provenance": {"provider": "OurAirports", "url": "https://davidmegginson.github.io/ourairports-data/airports.csv", "license": "Public Domain", "collectedAt": "2026-09-22"}}}, {"type": "Feature", "id": "airport:RPMZ", "geometry": {"type": "Point", "coordinates": [122.059998, 6.92242]}, "properties": {"id": "e:fac:apt-rpmz", "name": "Zamboanga International Airport", "kind": "airport", "iata": "ZAM", "country": "PH", "municipality": "Zamboanga", "function": "客货混合·农产品进境口岸", "geoPrecision": "exact", "provenance": {"provider": "OurAirports", "url": "https://davidmegginson.github.io/ourairports-data/airports.csv", "license": "Public Domain", "collectedAt": "2026-09-22"}}}, {"type": "Feature", "id": "airport:RPSP", "geometry": {"type": "Point", "coordinates": [123.770143, 9.573045]}, "properties": {"id": "e:fac:apt-rpsp", "name": "Bohol-Panglao International Airport", "kind": "airport", "iata": "TAG", "country": "PH", "municipality": "Panglao", "function": "客货混合·农产品进境口岸", "geoPrecision": "exact", "provenance": {"provider": "OurAirports", "url": "https://davidmegginson.github.io/ourairports-data/airports.csv", "license": "Public Domain", "collectedAt": "2026-09-22"}}}, {"type": "Feature", "id": "airport:RPVB", "geometry": {"type": "Point", "coordinates": [123.018879, 10.776237]}, "properties": {"id": "e:fac:apt-rpvb", "name": "Bacolod-Silay International Airport", "kind": "airport", "iata": "BCD", "country": "PH", "municipality": "Bacolod City", "function": "客货混合·农产品进境口岸", "geoPrecision": "exact", "provenance": {"provider": "OurAirports", "url": "https://davidmegginson.github.io/ourairports-data/airports.csv", "license": "Public Domain", "collectedAt": "2026-09-22"}}}, {"type": "Feature", "id": "airport:RPVI", "geometry": {"type": "Point", "coordinates": [122.493358, 10.833017]}, "properties": {"id": "e:fac:apt-rpvi", "name": "Iloilo International Airport", "kind": "airport", "iata": "ILO", "country": "PH", "municipality": "Cabatuan", "function": "客货混合·农产品进境口岸", "geoPrecision": "exact", "provenance": {"provider": "OurAirports", "url": "https://davidmegginson.github.io/ourairports-data/airports.csv", "license": "Public Domain", "collectedAt": "2026-09-22"}}}, {"type": "Feature", "id": "airport:RPVK", "geometry": {"type": "Point", "coordinates": [122.375999, 11.6794]}, "properties": {"id": "e:fac:apt-rpvk", "name": "Kalibo International Airport", "kind": "airport", "iata": "KLO", "country": "PH", "municipality": "Kalibo", "function": "客货混合·农产品进境口岸", "geoPrecision": "exact", "provenance": {"provider": "OurAirports", "url": "https://davidmegginson.github.io/ourairports-data/airports.csv", "license": "Public Domain", "collectedAt": "2026-09-22"}}}, {"type": "Feature", "id": "airport:RPVM", "geometry": {"type": "Point", "coordinates": [123.97974, 10.309261]}, "properties": {"id": "e:fac:apt-rpvm", "name": "Mactan Cebu International Airport", "kind": "airport", "iata": "CEB", "country": "PH", "municipality": "Cebu City/Lapu-Lapu City", "function": "客货混合·农产品进境口岸", "geoPrecision": "exact", "provenance": {"provider": "OurAirports", "url": "https://davidmegginson.github.io/ourairports-data/airports.csv", "license": "Public Domain", "collectedAt": "2026-09-22"}}}, {"type": "Feature", "id": "airport:RPVP", "geometry": {"type": "Point", "coordinates": [118.75911, 9.742044]}, "properties": {"id": "e:fac:apt-rpvp", "name": "Puerto Princesa International Airport / PAF Antonio Bautista Air Base", "kind": "airport", "iata": "PPS", "country": "PH", "municipality": "Puerto Princesa", "function": "客货混合·农产品进境口岸", "geoPrecision": "exact", "provenance": {"provider": "OurAirports", "url": "https://davidmegginson.github.io/ourairports-data/airports.csv", "license": "Public Domain", "collectedAt": "2026-09-22"}}}, {"type": "Feature", "id": "airport:RSI", "geometry": {"type": "Point", "coordinates": [37.088914, 25.627975]}, "properties": {"id": "e:fac:apt-rsi", "name": "Red Sea International Airport", "kind": "airport", "iata": "RSI", "country": "SA", "municipality": "Hanak", "function": "客货混合·农产品进境口岸", "geoPrecision": "exact", "provenance": {"provider": "OurAirports", "url": "https://davidmegginson.github.io/ourairports-data/airports.csv", "license": "Public Domain", "collectedAt": "2026-09-22"}}}, {"type": "Feature", "id": "airport:SAAR", "geometry": {"type": "Point", "coordinates": [-60.785, -32.9036]}, "properties": {"id": "e:fac:apt-saar", "name": "Rosario Islas Malvinas International Airport", "kind": "airport", "iata": "ROS", "country": "AR", "municipality": "Rosario", "function": "客货混合·农产品进境口岸", "geoPrecision": "exact", "provenance": {"provider": "OurAirports", "url": "https://davidmegginson.github.io/ourairports-data/airports.csv", "license": "Public Domain", "collectedAt": "2026-09-22"}}}, {"type": "Feature", "id": "airport:SABE", "geometry": {"type": "Point", "coordinates": [-58.415536, -34.559419]}, "properties": {"id": "e:fac:apt-sabe", "name": "Aeroparque Jorge Newbery", "kind": "airport", "iata": "AEP", "country": "AR", "municipality": "Buenos Aires", "function": "客货混合·农产品进境口岸", "geoPrecision": "exact", "provenance": {"provider": "OurAirports", "url": "https://davidmegginson.github.io/ourairports-data/airports.csv", "license": "Public Domain", "collectedAt": "2026-09-22"}}}, {"type": "Feature", "id": "airport:SACO", "geometry": {"type": "Point", "coordinates": [-64.208329, -31.312346]}, "properties": {"id": "e:fac:apt-saco", "name": "Ingeniero Aeronáutico Ambrosio L.V. Taravella International Airport", "kind": "airport", "iata": "COR", "country": "AR", "municipality": "Cordoba", "function": "客货混合·农产品进境口岸", "geoPrecision": "exact", "provenance": {"provider": "OurAirports", "url": "https://davidmegginson.github.io/ourairports-data/airports.csv", "license": "Public Domain", "collectedAt": "2026-09-22"}}}, {"type": "Feature", "id": "airport:SAEZ", "geometry": {"type": "Point", "coordinates": [-58.5358, -34.8222]}, "properties": {"id": "e:fac:apt-saez", "name": "Ezeiza International Airport - Ministro Pistarini", "kind": "airport", "iata": "EZE", "country": "AR", "municipality": "Buenos Aires (Ezeiza)", "function": "客货混合·农产品进境口岸", "geoPrecision": "exact", "provenance": {"provider": "OurAirports", "url": "https://davidmegginson.github.io/ourairports-data/airports.csv", "license": "Public Domain", "collectedAt": "2026-09-22"}}}, {"type": "Feature", "id": "airport:SAME", "geometry": {"type": "Point", "coordinates": [-68.7929, -32.831699]}, "properties": {"id": "e:fac:apt-same", "name": "Governor Francisco Gabrielli International Airport", "kind": "airport", "iata": "MDZ", "country": "AR", "municipality": "Mendoza", "function": "客货混合·农产品进境口岸", "geoPrecision": "exact", "provenance": {"provider": "OurAirports", "url": "https://davidmegginson.github.io/ourairports-data/airports.csv", "license": "Public Domain", "collectedAt": "2026-09-22"}}}, {"type": "Feature", "id": "airport:SANT", "geometry": {"type": "Point", "coordinates": [-65.104195, -26.837397]}, "properties": {"id": "e:fac:apt-sant", "name": "Teniente Benjamín Matienzo International Airport", "kind": "airport", "iata": "TUC", "country": "AR", "municipality": "San Miguel de Tucumán", "function": "客货混合·农产品进境口岸", "geoPrecision": "exact", "provenance": {"provider": "OurAirports", "url": "https://davidmegginson.github.io/ourairports-data/airports.csv", "license": "Public Domain", "collectedAt": "2026-09-22"}}}, {"type": "Feature", "id": "airport:SARE", "geometry": {"type": "Point", "coordinates": [-59.056125, -27.44991]}, "properties": {"id": "e:fac:apt-sare", "name": "Resistencia International Airport", "kind": "airport", "iata": "RES", "country": "AR", "municipality": "Resistencia", "function": "客货混合·农产品进境口岸", "geoPrecision": "exact", "provenance": {"provider": "OurAirports", "url": "https://davidmegginson.github.io/ourairports-data/airports.csv", "license": "Public Domain", "collectedAt": "2026-09-22"}}}, {"type": "Feature", "id": "airport:SASA", "geometry": {"type": "Point", "coordinates": [-65.486198, -24.856001]}, "properties": {"id": "e:fac:apt-sasa", "name": "Martín Miguel de Güemes International Airport", "kind": "airport", "iata": "SLA", "country": "AR", "municipality": "Salta", "function": "客货混合·农产品进境口岸", "geoPrecision": "exact", "provenance": {"provider": "OurAirports", "url": "https://davidmegginson.github.io/ourairports-data/airports.csv", "license": "Public Domain", "collectedAt": "2026-09-22"}}}, {"type": "Feature", "id": "airport:SASJ", "geometry": {"type": "Point", "coordinates": [-65.097801, -24.392799]}, "properties": {"id": "e:fac:apt-sasj", "name": "Gobernador Horacio Guzman International Airport", "kind": "airport", "iata": "JUJ", "country": "AR", "municipality": "San Salvador de Jujuy", "function": "客货混合·农产品进境口岸", "geoPrecision": "exact", "provenance": {"provider": "OurAirports", "url": "https://davidmegginson.github.io/ourairports-data/airports.csv", "license": "Public Domain", "collectedAt": "2026-09-22"}}}, {"type": "Feature", "id": "airport:SAVC", "geometry": {"type": "Point", "coordinates": [-67.463355, -45.786941]}, "properties": {"id": "e:fac:apt-savc", "name": "General Enrique Mosconi International Airport", "kind": "airport", "iata": "CRD", "country": "AR", "municipality": "Comodoro Rivadavia", "function": "客货混合·农产品进境口岸", "geoPrecision": "exact", "provenance": {"provider": "OurAirports", "url": "https://davidmegginson.github.io/ourairports-data/airports.csv", "license": "Public Domain", "collectedAt": "2026-09-22"}}}, {"type": "Feature", "id": "airport:SAWG", "geometry": {"type": "Point", "coordinates": [-69.308948, -51.608791]}, "properties": {"id": "e:fac:apt-sawg", "name": "Piloto Civil Norberto Fernández International Airport", "kind": "airport", "iata": "RGL", "country": "AR", "municipality": "Rio Gallegos", "function": "客货混合·农产品进境口岸", "geoPrecision": "exact", "provenance": {"provider": "OurAirports", "url": "https://davidmegginson.github.io/ourairports-data/airports.csv", "license": "Public Domain", "collectedAt": "2026-09-22"}}}, {"type": "Feature", "id": "airport:SAZN", "geometry": {"type": "Point", "coordinates": [-68.155701, -38.949001]}, "properties": {"id": "e:fac:apt-sazn", "name": "Presidente Perón International Airport", "kind": "airport", "iata": "NQN", "country": "AR", "municipality": "Neuquén", "function": "客货混合·农产品进境口岸", "geoPrecision": "exact", "provenance": {"provider": "OurAirports", "url": "https://davidmegginson.github.io/ourairports-data/airports.csv", "license": "Public Domain", "collectedAt": "2026-09-22"}}}, {"type": "Feature", "id": "airport:SAZS", "geometry": {"type": "Point", "coordinates": [-71.157501, -41.151199]}, "properties": {"id": "e:fac:apt-sazs", "name": "Teniente Luis Candelaria International Airport", "kind": "airport", "iata": "BRC", "country": "AR", "municipality": "San Carlos de Bariloche", "function": "客货混合·农产品进境口岸", "geoPrecision": "exact", "provenance": {"provider": "OurAirports", "url": "https://davidmegginson.github.io/ourairports-data/airports.csv", "license": "Public Domain", "collectedAt": "2026-09-22"}}}, {"type": "Feature", "id": "airport:SBBE", "geometry": {"type": "Point", "coordinates": [-48.476207, -1.379279]}, "properties": {"id": "e:fac:apt-sbbe", "name": "Val de Cans/Júlio Cezar Ribeiro International Airport", "kind": "airport", "iata": "BEL", "country": "BR", "municipality": "Belém", "function": "客货混合·农产品进境口岸", "geoPrecision": "exact", "provenance": {"provider": "OurAirports", "url": "https://davidmegginson.github.io/ourairports-data/airports.csv", "license": "Public Domain", "collectedAt": "2026-09-22"}}}, {"type": "Feature", "id": "airport:SBBR", "geometry": {"type": "Point", "coordinates": [-47.920834, -15.869167]}, "properties": {"id": "e:fac:apt-sbbr", "name": "Presidente Juscelino Kubitschek International Airport", "kind": "airport", "iata": "BSB", "country": "BR", "municipality": "Brasília", "function": "客货混合·农产品进境口岸", "geoPrecision": "exact", "provenance": {"provider": "OurAirports", "url": "https://davidmegginson.github.io/ourairports-data/airports.csv", "license": "Public Domain", "collectedAt": "2026-09-22"}}}, {"type": "Feature", "id": "airport:SBBV", "geometry": {"type": "Point", "coordinates": [-60.690648, 2.84615]}, "properties": {"id": "e:fac:apt-sbbv", "name": "Atlas Brasil Cantanhede International Airport", "kind": "airport", "iata": "BVB", "country": "BR", "municipality": "Boa Vista", "function": "客货混合·农产品进境口岸", "geoPrecision": "exact", "provenance": {"provider": "OurAirports", "url": "https://davidmegginson.github.io/ourairports-data/airports.csv", "license": "Public Domain", "collectedAt": "2026-09-22"}}}, {"type": "Feature", "id": "airport:SBCF", "geometry": {"type": "Point", "coordinates": [-43.966928, -19.63571]}, "properties": {"id": "e:fac:apt-sbcf", "name": "Tancredo Neves International Airport", "kind": "airport", "iata": "CNF", "country": "BR", "municipality": "Belo Horizonte", "function": "客货混合·农产品进境口岸", "geoPrecision": "exact", "provenance": {"provider": "OurAirports", "url": "https://davidmegginson.github.io/ourairports-data/airports.csv", "license": "Public Domain", "collectedAt": "2026-09-22"}}}, {"type": "Feature", "id": "airport:SBCT", "geometry": {"type": "Point", "coordinates": [-49.1758, -25.5285]}, "properties": {"id": "e:fac:apt-sbct", "name": "Curitiba-Afonso Pena International Airport", "kind": "airport", "iata": "CWB", "country": "BR", "municipality": "Curitiba", "function": "客货混合·农产品进境口岸", "geoPrecision": "exact", "provenance": {"provider": "OurAirports", "url": "https://davidmegginson.github.io/ourairports-data/airports.csv", "license": "Public Domain", "collectedAt": "2026-09-22"}}}, {"type": "Feature", "id": "airport:SBCY", "geometry": {"type": "Point", "coordinates": [-56.116699, -15.6529]}, "properties": {"id": "e:fac:apt-sbcy", "name": "Várzea Grande–Marechal Rondon International Airport", "kind": "airport", "iata": "CGB", "country": "BR", "municipality": "Cuiabá", "function": "客货混合·农产品进境口岸", "geoPrecision": "exact", "provenance": {"provider": "OurAirports", "url": "https://davidmegginson.github.io/ourairports-data/airports.csv", "license": "Public Domain", "collectedAt": "2026-09-22"}}}, {"type": "Feature", "id": "airport:SBEG", "geometry": {"type": "Point", "coordinates": [-60.049702, -3.03861]}, "properties": {"id": "e:fac:apt-sbeg", "name": "Eduardo Gomes International Airport", "kind": "airport", "iata": "MAO", "country": "BR", "municipality": "Manaus", "function": "客货混合·农产品进境口岸", "geoPrecision": "exact", "provenance": {"provider": "OurAirports", "url": "https://davidmegginson.github.io/ourairports-data/airports.csv", "license": "Public Domain", "collectedAt": "2026-09-22"}}}, {"type": "Feature", "id": "airport:SBFI", "geometry": {"type": "Point", "coordinates": [-54.489444, -25.594167]}, "properties": {"id": "e:fac:apt-sbfi", "name": "Cataratas International Airport", "kind": "airport", "iata": "IGU", "country": "BR", "municipality": "Foz do Iguaçu", "function": "客货混合·农产品进境口岸", "geoPrecision": "exact", "provenance": {"provider": "OurAirports", "url": "https://davidmegginson.github.io/ourairports-data/airports.csv", "license": "Public Domain", "collectedAt": "2026-09-22"}}}, {"type": "Feature", "id": "airport:SBFL", "geometry": {"type": "Point", "coordinates": [-48.552502, -27.670279]}, "properties": {"id": "e:fac:apt-sbfl", "name": "Hercílio Luz International Airport", "kind": "airport", "iata": "FLN", "country": "BR", "municipality": "Florianópolis", "function": "客货混合·农产品进境口岸", "geoPrecision": "exact", "provenance": {"provider": "OurAirports", "url": "https://davidmegginson.github.io/ourairports-data/airports.csv", "license": "Public Domain", "collectedAt": "2026-09-22"}}}, {"type": "Feature", "id": "airport:SBFZ", "geometry": {"type": "Point", "coordinates": [-38.532222, -3.775833]}, "properties": {"id": "e:fac:apt-sbfz", "name": "Pinto Martins International Airport", "kind": "airport", "iata": "FOR", "country": "BR", "municipality": "Fortaleza", "function": "客货混合·农产品进境口岸", "geoPrecision": "exact", "provenance": {"provider": "OurAirports", "url": "https://davidmegginson.github.io/ourairports-data/airports.csv", "license": "Public Domain", "collectedAt": "2026-09-22"}}}, {"type": "Feature", "id": "airport:SBGL", "geometry": {"type": "Point", "coordinates": [-43.250557, -22.809999]}, "properties": {"id": "e:fac:apt-sbgl", "name": "Rio de Janeiro Galeão – Tom Jobim International Airport", "kind": "airport", "iata": "GIG", "country": "BR", "municipality": "Rio De Janeiro", "function": "客货混合·农产品进境口岸", "geoPrecision": "exact", "provenance": {"provider": "OurAirports", "url": "https://davidmegginson.github.io/ourairports-data/airports.csv", "license": "Public Domain", "collectedAt": "2026-09-22"}}}, {"type": "Feature", "id": "airport:SBGO", "geometry": {"type": "Point", "coordinates": [-49.220699, -16.632]}, "properties": {"id": "e:fac:apt-sbgo", "name": "Santa Genoveva International Airport", "kind": "airport", "iata": "GYN", "country": "BR", "municipality": "Goiânia", "function": "客货混合·农产品进境口岸", "geoPrecision": "exact", "provenance": {"provider": "OurAirports", "url": "https://davidmegginson.github.io/ourairports-data/airports.csv", "license": "Public Domain", "collectedAt": "2026-09-22"}}}, {"type": "Feature", "id": "airport:SBGR", "geometry": {"type": "Point", "coordinates": [-46.469954, -23.431274]}, "properties": {"id": "e:fac:apt-sbgr", "name": "São Paulo/Guarulhos–Governor André Franco Montoro International Airport", "kind": "airport", "iata": "GRU", "country": "BR", "municipality": "São Paulo", "function": "客货混合·农产品进境口岸", "geoPrecision": "exact", "provenance": {"provider": "OurAirports", "url": "https://davidmegginson.github.io/ourairports-data/airports.csv", "license": "Public Domain", "collectedAt": "2026-09-22"}}}, {"type": "Feature", "id": "airport:SBJP", "geometry": {"type": "Point", "coordinates": [-34.950554, -7.148691]}, "properties": {"id": "e:fac:apt-sbjp", "name": "Presidente Castro Pinto International Airport", "kind": "airport", "iata": "JPA", "country": "BR", "municipality": "João Pessoa", "function": "客货混合·农产品进境口岸", "geoPrecision": "exact", "provenance": {"provider": "OurAirports", "url": "https://davidmegginson.github.io/ourairports-data/airports.csv", "license": "Public Domain", "collectedAt": "2026-09-22"}}}, {"type": "Feature", "id": "airport:SBKP", "geometry": {"type": "Point", "coordinates": [-47.134502, -23.007404]}, "properties": {"id": "e:fac:apt-sbkp", "name": "Viracopos International Airport", "kind": "airport", "iata": "VCP", "country": "BR", "municipality": "Campinas", "function": "客货混合·农产品进境口岸", "geoPrecision": "exact", "provenance": {"provider": "OurAirports", "url": "https://davidmegginson.github.io/ourairports-data/airports.csv", "license": "Public Domain", "collectedAt": "2026-09-22"}}}, {"type": "Feature", "id": "airport:SBMO", "geometry": {"type": "Point", "coordinates": [-35.791839, -9.512559]}, "properties": {"id": "e:fac:apt-sbmo", "name": "Zumbi dos Palmares International Airport", "kind": "airport", "iata": "MCZ", "country": "BR", "municipality": "Maceió", "function": "客货混合·农产品进境口岸", "geoPrecision": "exact", "provenance": {"provider": "OurAirports", "url": "https://davidmegginson.github.io/ourairports-data/airports.csv", "license": "Public Domain", "collectedAt": "2026-09-22"}}}, {"type": "Feature", "id": "airport:SBNF", "geometry": {"type": "Point", "coordinates": [-48.650979, -26.879431]}, "properties": {"id": "e:fac:apt-sbnf", "name": "Ministro Victor Konder International Airport", "kind": "airport", "iata": "NVT", "country": "BR", "municipality": "Navegantes", "function": "客货混合·农产品进境口岸", "geoPrecision": "exact", "provenance": {"provider": "OurAirports", "url": "https://davidmegginson.github.io/ourairports-data/airports.csv", "license": "Public Domain", "collectedAt": "2026-09-22"}}}, {"type": "Feature", "id": "airport:SBPA", "geometry": {"type": "Point", "coordinates": [-51.167482, -29.993984]}, "properties": {"id": "e:fac:apt-sbpa", "name": "Porto Alegre-Salgado Filho International Airport", "kind": "airport", "iata": "POA", "country": "BR", "municipality": "Porto Alegre", "function": "客货混合·农产品进境口岸", "geoPrecision": "exact", "provenance": {"provider": "OurAirports", "url": "https://davidmegginson.github.io/ourairports-data/airports.csv", "license": "Public Domain", "collectedAt": "2026-09-22"}}}, {"type": "Feature", "id": "airport:SBPS", "geometry": {"type": "Point", "coordinates": [-39.080584, -16.438426]}, "properties": {"id": "e:fac:apt-sbps", "name": "Porto Seguro International Airport", "kind": "airport", "iata": "BPS", "country": "BR", "municipality": "Porto Seguro", "function": "客货混合·农产品进境口岸", "geoPrecision": "exact", "provenance": {"provider": "OurAirports", "url": "https://davidmegginson.github.io/ourairports-data/airports.csv", "license": "Public Domain", "collectedAt": "2026-09-22"}}}, {"type": "Feature", "id": "airport:SBPV", "geometry": {"type": "Point", "coordinates": [-63.902338, -8.708491]}, "properties": {"id": "e:fac:apt-sbpv", "name": "Governador Jorge Teixeira de Oliveira International Airport", "kind": "airport", "iata": "PVH", "country": "BR", "municipality": "Porto Velho", "function": "客货混合·农产品进境口岸", "geoPrecision": "exact", "provenance": {"provider": "OurAirports", "url": "https://davidmegginson.github.io/ourairports-data/airports.csv", "license": "Public Domain", "collectedAt": "2026-09-22"}}}, {"type": "Feature", "id": "airport:SBRB", "geometry": {"type": "Point", "coordinates": [-67.893984, -9.869031]}, "properties": {"id": "e:fac:apt-sbrb", "name": "Rio Branco-Plácido de Castro International Airport", "kind": "airport", "iata": "RBR", "country": "BR", "municipality": "Rio Branco", "function": "客货混合·农产品进境口岸", "geoPrecision": "exact", "provenance": {"provider": "OurAirports", "url": "https://davidmegginson.github.io/ourairports-data/airports.csv", "license": "Public Domain", "collectedAt": "2026-09-22"}}}, {"type": "Feature", "id": "airport:SBRF", "geometry": {"type": "Point", "coordinates": [-34.922961, -8.12747]}, "properties": {"id": "e:fac:apt-sbrf", "name": "Recife/Guararapes - Gilberto Freyre International Airport", "kind": "airport", "iata": "REC", "country": "BR", "municipality": "Recife", "function": "客货混合·农产品进境口岸", "geoPrecision": "exact", "provenance": {"provider": "OurAirports", "url": "https://davidmegginson.github.io/ourairports-data/airports.csv", "license": "Public Domain", "collectedAt": "2026-09-22"}}}, {"type": "Feature", "id": "airport:SBRJ", "geometry": {"type": "Point", "coordinates": [-43.16282, -22.910397]}, "properties": {"id": "e:fac:apt-sbrj", "name": "Santos Dumont Airport", "kind": "airport", "iata": "SDU", "country": "BR", "municipality": "Rio de Janeiro", "function": "客货混合·农产品进境口岸", "geoPrecision": "exact", "provenance": {"provider": "OurAirports", "url": "https://davidmegginson.github.io/ourairports-data/airports.csv", "license": "Public Domain", "collectedAt": "2026-09-22"}}}, {"type": "Feature", "id": "airport:SBSG", "geometry": {"type": "Point", "coordinates": [-35.36661, -5.769822]}, "properties": {"id": "e:fac:apt-sbsg", "name": "Rio Grande do Norte/São Gonçalo do Amarante–Governador Aluízio Alves International Airport", "kind": "airport", "iata": "NAT", "country": "BR", "municipality": "Natal", "function": "客货混合·农产品进境口岸", "geoPrecision": "exact", "provenance": {"provider": "OurAirports", "url": "https://davidmegginson.github.io/ourairports-data/airports.csv", "license": "Public Domain", "collectedAt": "2026-09-22"}}}, {"type": "Feature", "id": "airport:SBSL", "geometry": {"type": "Point", "coordinates": [-44.235008, -2.586386]}, "properties": {"id": "e:fac:apt-sbsl", "name": "Marechal Cunha Machado International Airport", "kind": "airport", "iata": "SLZ", "country": "BR", "municipality": "São Luís", "function": "客货混合·农产品进境口岸", "geoPrecision": "exact", "provenance": {"provider": "OurAirports", "url": "https://davidmegginson.github.io/ourairports-data/airports.csv", "license": "Public Domain", "collectedAt": "2026-09-22"}}}, {"type": "Feature", "id": "airport:SBSP", "geometry": {"type": "Point", "coordinates": [-46.654601, -23.627657]}, "properties": {"id": "e:fac:apt-sbsp", "name": "Congonhas–Deputado Freitas Nobre Airport", "kind": "airport", "iata": "CGH", "country": "BR", "municipality": "São Paulo", "function": "客货混合·农产品进境口岸", "geoPrecision": "exact", "provenance": {"provider": "OurAirports", "url": "https://davidmegginson.github.io/ourairports-data/airports.csv", "license": "Public Domain", "collectedAt": "2026-09-22"}}}, {"type": "Feature", "id": "airport:SBSV", "geometry": {"type": "Point", "coordinates": [-38.322498, -12.908611]}, "properties": {"id": "e:fac:apt-sbsv", "name": "Deputado Luiz Eduardo Magalhães International Airport", "kind": "airport", "iata": "SSA", "country": "BR", "municipality": "Salvador", "function": "客货混合·农产品进境口岸", "geoPrecision": "exact", "provenance": {"provider": "OurAirports", "url": "https://davidmegginson.github.io/ourairports-data/airports.csv", "license": "Public Domain", "collectedAt": "2026-09-22"}}}, {"type": "Feature", "id": "airport:SBVT", "geometry": {"type": "Point", "coordinates": [-40.285, -20.258]}, "properties": {"id": "e:fac:apt-sbvt", "name": "Eurico de Aguiar Salles International Airport", "kind": "airport", "iata": "VIX", "country": "BR", "municipality": "Vitória", "function": "客货混合·农产品进境口岸", "geoPrecision": "exact", "provenance": {"provider": "OurAirports", "url": "https://davidmegginson.github.io/ourairports-data/airports.csv", "license": "Public Domain", "collectedAt": "2026-09-22"}}}, {"type": "Feature", "id": "airport:SCCI", "geometry": {"type": "Point", "coordinates": [-70.854599, -53.002602]}, "properties": {"id": "e:fac:apt-scci", "name": "President Carlos Ibáñez International Airport", "kind": "airport", "iata": "PUQ", "country": "CL", "municipality": "Punta Arenas", "function": "客货混合·农产品进境口岸", "geoPrecision": "exact", "provenance": {"provider": "OurAirports", "url": "https://davidmegginson.github.io/ourairports-data/airports.csv", "license": "Public Domain", "collectedAt": "2026-09-22"}}}, {"type": "Feature", "id": "airport:SCDA", "geometry": {"type": "Point", "coordinates": [-70.181373, -20.536273]}, "properties": {"id": "e:fac:apt-scda", "name": "Diego Aracena International Airport", "kind": "airport", "iata": "IQQ", "country": "CL", "municipality": "Iquique", "function": "客货混合·农产品进境口岸", "geoPrecision": "exact", "provenance": {"provider": "OurAirports", "url": "https://davidmegginson.github.io/ourairports-data/airports.csv", "license": "Public Domain", "collectedAt": "2026-09-22"}}}, {"type": "Feature", "id": "airport:SCEL", "geometry": {"type": "Point", "coordinates": [-70.785797, -33.393002]}, "properties": {"id": "e:fac:apt-scel", "name": "Comodoro Arturo Merino Benítez International Airport", "kind": "airport", "iata": "SCL", "country": "CL", "municipality": "Santiago", "function": "客货混合·农产品进境口岸", "geoPrecision": "exact", "provenance": {"provider": "OurAirports", "url": "https://davidmegginson.github.io/ourairports-data/airports.csv", "license": "Public Domain", "collectedAt": "2026-09-22"}}}, {"type": "Feature", "id": "airport:SCFA", "geometry": {"type": "Point", "coordinates": [-70.445232, -23.445274]}, "properties": {"id": "e:fac:apt-scfa", "name": "Andrés Sabella Gálvez International Airport", "kind": "airport", "iata": "ANF", "country": "CL", "municipality": "Antofagasta", "function": "客货混合·农产品进境口岸", "geoPrecision": "exact", "provenance": {"provider": "OurAirports", "url": "https://davidmegginson.github.io/ourairports-data/airports.csv", "license": "Public Domain", "collectedAt": "2026-09-22"}}}, {"type": "Feature", "id": "airport:SCIE", "geometry": {"type": "Point", "coordinates": [-73.062828, -36.77235]}, "properties": {"id": "e:fac:apt-scie", "name": "Carriel Sur International Airport", "kind": "airport", "iata": "CCP", "country": "CL", "municipality": "Concepcion", "function": "客货混合·农产品进境口岸", "geoPrecision": "exact", "provenance": {"provider": "OurAirports", "url": "https://davidmegginson.github.io/ourairports-data/airports.csv", "license": "Public Domain", "collectedAt": "2026-09-22"}}}, {"type": "Feature", "id": "airport:SCIP", "geometry": {"type": "Point", "coordinates": [-109.421027, -27.165411]}, "properties": {"id": "e:fac:apt-scip", "name": "Mataveri International Airport", "kind": "airport", "iata": "IPC", "country": "CL", "municipality": "Isla De Pascua", "function": "客货混合·农产品进境口岸", "geoPrecision": "exact", "provenance": {"provider": "OurAirports", "url": "https://davidmegginson.github.io/ourairports-data/airports.csv", "license": "Public Domain", "collectedAt": "2026-09-22"}}}, {"type": "Feature", "id": "airport:SCQP", "geometry": {"type": "Point", "coordinates": [-72.6515, -38.9259]}, "properties": {"id": "e:fac:apt-scqp", "name": "La Araucanía International Airport", "kind": "airport", "iata": "ZCO", "country": "CL", "municipality": "Temuco", "function": "客货混合·农产品进境口岸", "geoPrecision": "exact", "provenance": {"provider": "OurAirports", "url": "https://davidmegginson.github.io/ourairports-data/airports.csv", "license": "Public Domain", "collectedAt": "2026-09-22"}}}, {"type": "Feature", "id": "airport:SCTE", "geometry": {"type": "Point", "coordinates": [-73.094065, -41.443093]}, "properties": {"id": "e:fac:apt-scte", "name": "El Tepual International Airport", "kind": "airport", "iata": "PMC", "country": "CL", "municipality": "Puerto Montt", "function": "客货混合·农产品进境口岸", "geoPrecision": "exact", "provenance": {"provider": "OurAirports", "url": "https://davidmegginson.github.io/ourairports-data/airports.csv", "license": "Public Domain", "collectedAt": "2026-09-22"}}}, {"type": "Feature", "id": "airport:SEGU", "geometry": {"type": "Point", "coordinates": [-79.883598, -2.15742]}, "properties": {"id": "e:fac:apt-segu", "name": "José Joaquín de Olmedo International Airport", "kind": "airport", "iata": "GYE", "country": "EC", "municipality": "Guayaquil", "function": "客货混合·农产品进境口岸", "geoPrecision": "exact", "provenance": {"provider": "OurAirports", "url": "https://davidmegginson.github.io/ourairports-data/airports.csv", "license": "Public Domain", "collectedAt": "2026-09-22"}}}, {"type": "Feature", "id": "airport:SEQM", "geometry": {"type": "Point", "coordinates": [-78.354306, -0.125399]}, "properties": {"id": "e:fac:apt-seqm", "name": "Mariscal Sucre International Airport", "kind": "airport", "iata": "UIO", "country": "EC", "municipality": "Quito", "function": "客货混合·农产品进境口岸", "geoPrecision": "exact", "provenance": {"provider": "OurAirports", "url": "https://davidmegginson.github.io/ourairports-data/airports.csv", "license": "Public Domain", "collectedAt": "2026-09-22"}}}, {"type": "Feature", "id": "airport:SESA", "geometry": {"type": "Point", "coordinates": [-80.985067, -2.210057]}, "properties": {"id": "e:fac:apt-sesa", "name": "General Ulpiano Paez International Airport", "kind": "airport", "iata": "SNC", "country": "EC", "municipality": "Salinas/La Libertad", "function": "客货混合·农产品进境口岸", "geoPrecision": "exact", "provenance": {"provider": "OurAirports", "url": "https://davidmegginson.github.io/ourairports-data/airports.csv", "license": "Public Domain", "collectedAt": "2026-09-22"}}}, {"type": "Feature", "id": "airport:SETN", "geometry": {"type": "Point", "coordinates": [-79.626602, 0.978519]}, "properties": {"id": "e:fac:apt-setn", "name": "Carlos Concha Torres International Airport", "kind": "airport", "iata": "ESM", "country": "EC", "municipality": "Tachina", "function": "客货混合·农产品进境口岸", "geoPrecision": "exact", "provenance": {"provider": "OurAirports", "url": "https://davidmegginson.github.io/ourairports-data/airports.csv", "license": "Public Domain", "collectedAt": "2026-09-22"}}}, {"type": "Feature", "id": "airport:SGAS", "geometry": {"type": "Point", "coordinates": [-57.519227, -25.240156]}, "properties": {"id": "e:fac:apt-sgas", "name": "Silvio Pettirossi International Airport", "kind": "airport", "iata": "ASU", "country": "PY", "municipality": "Asunción", "function": "客货混合·农产品进境口岸", "geoPrecision": "exact", "provenance": {"provider": "OurAirports", "url": "https://davidmegginson.github.io/ourairports-data/airports.csv", "license": "Public Domain", "collectedAt": "2026-09-22"}}}, {"type": "Feature", "id": "airport:SGEN", "geometry": {"type": "Point", "coordinates": [-55.837584, -27.227537]}, "properties": {"id": "e:fac:apt-sgen", "name": "Teniente Ramon A. Ayub Gonzalez International Airport", "kind": "airport", "iata": "ENO", "country": "PY", "municipality": "Encarnación", "function": "客货混合·农产品进境口岸", "geoPrecision": "exact", "provenance": {"provider": "OurAirports", "url": "https://davidmegginson.github.io/ourairports-data/airports.csv", "license": "Public Domain", "collectedAt": "2026-09-22"}}}, {"type": "Feature", "id": "airport:SGES", "geometry": {"type": "Point", "coordinates": [-54.839544, -25.457186]}, "properties": {"id": "e:fac:apt-sges", "name": "Guaraní International Airport", "kind": "airport", "iata": "AGT", "country": "PY", "municipality": "Ciudad del Este", "function": "客货混合·农产品进境口岸", "geoPrecision": "exact", "provenance": {"provider": "OurAirports", "url": "https://davidmegginson.github.io/ourairports-data/airports.csv", "license": "Public Domain", "collectedAt": "2026-09-22"}}}, {"type": "Feature", "id": "airport:SKBO", "geometry": {"type": "Point", "coordinates": [-74.1469, 4.70159]}, "properties": {"id": "e:fac:apt-skbo", "name": "El Dorado International Airport", "kind": "airport", "iata": "BOG", "country": "CO", "municipality": "Bogota", "function": "客货混合·农产品进境口岸", "geoPrecision": "exact", "provenance": {"provider": "OurAirports", "url": "https://davidmegginson.github.io/ourairports-data/airports.csv", "license": "Public Domain", "collectedAt": "2026-09-22"}}}, {"type": "Feature", "id": "airport:SKBQ", "geometry": {"type": "Point", "coordinates": [-74.7808, 10.8896]}, "properties": {"id": "e:fac:apt-skbq", "name": "Ernesto Cortissoz International Airport", "kind": "airport", "iata": "BAQ", "country": "CO", "municipality": "Barranquilla", "function": "客货混合·农产品进境口岸", "geoPrecision": "exact", "provenance": {"provider": "OurAirports", "url": "https://davidmegginson.github.io/ourairports-data/airports.csv", "license": "Public Domain", "collectedAt": "2026-09-22"}}}, {"type": "Feature", "id": "airport:SKCG", "geometry": {"type": "Point", "coordinates": [-75.513, 10.4424]}, "properties": {"id": "e:fac:apt-skcg", "name": "Rafael Nuñez International Airport", "kind": "airport", "iata": "CTG", "country": "CO", "municipality": "Cartagena", "function": "客货混合·农产品进境口岸", "geoPrecision": "exact", "provenance": {"provider": "OurAirports", "url": "https://davidmegginson.github.io/ourairports-data/airports.csv", "license": "Public Domain", "collectedAt": "2026-09-22"}}}, {"type": "Feature", "id": "airport:SKCL", "geometry": {"type": "Point", "coordinates": [-76.381898, 3.542717]}, "properties": {"id": "e:fac:apt-skcl", "name": "Alfonso Bonilla Aragon International Airport", "kind": "airport", "iata": "CLO", "country": "CO", "municipality": "Cali", "function": "客货混合·农产品进境口岸", "geoPrecision": "exact", "provenance": {"provider": "OurAirports", "url": "https://davidmegginson.github.io/ourairports-data/airports.csv", "license": "Public Domain", "collectedAt": "2026-09-22"}}}, {"type": "Feature", "id": "airport:SKRG", "geometry": {"type": "Point", "coordinates": [-75.4231, 6.16454]}, "properties": {"id": "e:fac:apt-skrg", "name": "Jose Maria Córdova International Airport", "kind": "airport", "iata": "MDE", "country": "CO", "municipality": "Medellín", "function": "客货混合·农产品进境口岸", "geoPrecision": "exact", "provenance": {"provider": "OurAirports", "url": "https://davidmegginson.github.io/ourairports-data/airports.csv", "license": "Public Domain", "collectedAt": "2026-09-22"}}}, {"type": "Feature", "id": "airport:SKSP", "geometry": {"type": "Point", "coordinates": [-81.7112, 12.5836]}, "properties": {"id": "e:fac:apt-sksp", "name": "Gustavo Rojas Pinilla International Airport", "kind": "airport", "iata": "ADZ", "country": "CO", "municipality": "San Andrés", "function": "客货混合·农产品进境口岸", "geoPrecision": "exact", "provenance": {"provider": "OurAirports", "url": "https://davidmegginson.github.io/ourairports-data/airports.csv", "license": "Public Domain", "collectedAt": "2026-09-22"}}}, {"type": "Feature", "id": "airport:SLAL", "geometry": {"type": "Point", "coordinates": [-65.149611, -19.246835]}, "properties": {"id": "e:fac:apt-slal", "name": "Alcantarí International Airport", "kind": "airport", "iata": "SRE", "country": "BO", "municipality": "Sucre", "function": "客货混合·农产品进境口岸", "geoPrecision": "exact", "provenance": {"provider": "OurAirports", "url": "https://davidmegginson.github.io/ourairports-data/airports.csv", "license": "Public Domain", "collectedAt": "2026-09-22"}}}, {"type": "Feature", "id": "airport:SLCB", "geometry": {"type": "Point", "coordinates": [-66.177102, -17.421105]}, "properties": {"id": "e:fac:apt-slcb", "name": "Jorge Wilsterman International Airport", "kind": "airport", "iata": "CBB", "country": "BO", "municipality": "Cochabamba", "function": "客货混合·农产品进境口岸", "geoPrecision": "exact", "provenance": {"provider": "OurAirports", "url": "https://davidmegginson.github.io/ourairports-data/airports.csv", "license": "Public Domain", "collectedAt": "2026-09-22"}}}, {"type": "Feature", "id": "airport:SLLP", "geometry": {"type": "Point", "coordinates": [-68.189416, -16.510272]}, "properties": {"id": "e:fac:apt-sllp", "name": "El Alto International Airport", "kind": "airport", "iata": "LPB", "country": "BO", "municipality": "La Paz / El Alto", "function": "客货混合·农产品进境口岸", "geoPrecision": "exact", "provenance": {"provider": "OurAirports", "url": "https://davidmegginson.github.io/ourairports-data/airports.csv", "license": "Public Domain", "collectedAt": "2026-09-22"}}}, {"type": "Feature", "id": "airport:SLOR", "geometry": {"type": "Point", "coordinates": [-67.075829, -17.956151]}, "properties": {"id": "e:fac:apt-slor", "name": "Juan Mendoza International Airport", "kind": "airport", "iata": "ORU", "country": "BO", "municipality": "Oruro", "function": "客货混合·农产品进境口岸", "geoPrecision": "exact", "provenance": {"provider": "OurAirports", "url": "https://davidmegginson.github.io/ourairports-data/airports.csv", "license": "Public Domain", "collectedAt": "2026-09-22"}}}, {"type": "Feature", "id": "airport:SLUY", "geometry": {"type": "Point", "coordinates": [-66.857553, -20.441304]}, "properties": {"id": "e:fac:apt-sluy", "name": "Joya Andina International Airport", "kind": "airport", "iata": "UYU", "country": "BO", "municipality": "Quijarro", "function": "客货混合·农产品进境口岸", "geoPrecision": "exact", "provenance": {"provider": "OurAirports", "url": "https://davidmegginson.github.io/ourairports-data/airports.csv", "license": "Public Domain", "collectedAt": "2026-09-22"}}}, {"type": "Feature", "id": "airport:SLVR", "geometry": {"type": "Point", "coordinates": [-63.135399, -17.6448]}, "properties": {"id": "e:fac:apt-slvr", "name": "Viru Viru International Airport", "kind": "airport", "iata": "VVI", "country": "BO", "municipality": "Santa Cruz", "function": "客货混合·农产品进境口岸", "geoPrecision": "exact", "provenance": {"provider": "OurAirports", "url": "https://davidmegginson.github.io/ourairports-data/airports.csv", "license": "Public Domain", "collectedAt": "2026-09-22"}}}, {"type": "Feature", "id": "airport:SMJP", "geometry": {"type": "Point", "coordinates": [-55.187801, 5.45283]}, "properties": {"id": "e:fac:apt-smjp", "name": "Johan Adolf Pengel International Airport", "kind": "airport", "iata": "PBM", "country": "SR", "municipality": "Paramaribo", "function": "客货混合·农产品进境口岸", "geoPrecision": "exact", "provenance": {"provider": "OurAirports", "url": "https://davidmegginson.github.io/ourairports-data/airports.csv", "license": "Public Domain", "collectedAt": "2026-09-22"}}}, {"type": "Feature", "id": "airport:SOCA", "geometry": {"type": "Point", "coordinates": [-52.361326, 4.819964]}, "properties": {"id": "e:fac:apt-soca", "name": "Cayenne – Félix Eboué Airport", "kind": "airport", "iata": "CAY", "country": "GF", "municipality": "Matoury", "function": "客货混合·农产品进境口岸", "geoPrecision": "exact", "provenance": {"provider": "OurAirports", "url": "https://davidmegginson.github.io/ourairports-data/airports.csv", "license": "Public Domain", "collectedAt": "2026-09-22"}}}, {"type": "Feature", "id": "airport:SPCL", "geometry": {"type": "Point", "coordinates": [-74.574495, -8.378064]}, "properties": {"id": "e:fac:apt-spcl", "name": "Cap FAP David Abenzur Rengifo International Airport", "kind": "airport", "iata": "PCL", "country": "PE", "municipality": "Pucallpa", "function": "客货混合·农产品进境口岸", "geoPrecision": "exact", "provenance": {"provider": "OurAirports", "url": "https://davidmegginson.github.io/ourairports-data/airports.csv", "license": "Public Domain", "collectedAt": "2026-09-22"}}}, {"type": "Feature", "id": "airport:SPHI", "geometry": {"type": "Point", "coordinates": [-79.828254, -6.789223]}, "properties": {"id": "e:fac:apt-sphi", "name": "Capitán FAP José A. Quiñones González International Airport", "kind": "airport", "iata": "CIX", "country": "PE", "municipality": "Chiclayo", "function": "客货混合·农产品进境口岸", "geoPrecision": "exact", "provenance": {"provider": "OurAirports", "url": "https://davidmegginson.github.io/ourairports-data/airports.csv", "license": "Public Domain", "collectedAt": "2026-09-22"}}}, {"type": "Feature", "id": "airport:SPIM", "geometry": {"type": "Point", "coordinates": [-77.114305, -12.0219]}, "properties": {"id": "e:fac:apt-spim", "name": "Jorge Chávez International Airport", "kind": "airport", "iata": "LIM", "country": "PE", "municipality": "Lima", "function": "客货混合·农产品进境口岸", "geoPrecision": "exact", "provenance": {"provider": "OurAirports", "url": "https://davidmegginson.github.io/ourairports-data/airports.csv", "license": "Public Domain", "collectedAt": "2026-09-22"}}}, {"type": "Feature", "id": "airport:SPJL", "geometry": {"type": "Point", "coordinates": [-70.15653, -15.467689]}, "properties": {"id": "e:fac:apt-spjl", "name": "Inca Manco Capac International Airport", "kind": "airport", "iata": "JUL", "country": "PE", "municipality": "Juliaca", "function": "客货混合·农产品进境口岸", "geoPrecision": "exact", "provenance": {"provider": "OurAirports", "url": "https://davidmegginson.github.io/ourairports-data/airports.csv", "license": "Public Domain", "collectedAt": "2026-09-22"}}}, {"type": "Feature", "id": "airport:SPQT", "geometry": {"type": "Point", "coordinates": [-73.3088, -3.78474]}, "properties": {"id": "e:fac:apt-spqt", "name": "Coronel FAP Francisco Secada Vignetta International Airport", "kind": "airport", "iata": "IQT", "country": "PE", "municipality": "Iquitos", "function": "客货混合·农产品进境口岸", "geoPrecision": "exact", "provenance": {"provider": "OurAirports", "url": "https://davidmegginson.github.io/ourairports-data/airports.csv", "license": "Public Domain", "collectedAt": "2026-09-22"}}}, {"type": "Feature", "id": "airport:SPQU", "geometry": {"type": "Point", "coordinates": [-71.569485, -16.340786]}, "properties": {"id": "e:fac:apt-spqu", "name": "Rodríguez Ballón International Airport", "kind": "airport", "iata": "AQP", "country": "PE", "municipality": "Arequipa", "function": "客货混合·农产品进境口岸", "geoPrecision": "exact", "provenance": {"provider": "OurAirports", "url": "https://davidmegginson.github.io/ourairports-data/airports.csv", "license": "Public Domain", "collectedAt": "2026-09-22"}}}, {"type": "Feature", "id": "airport:SPRU", "geometry": {"type": "Point", "coordinates": [-79.108821, -8.082382]}, "properties": {"id": "e:fac:apt-spru", "name": "Capitán FAP Carlos Martínez de Pinillos International Airport", "kind": "airport", "iata": "TRU", "country": "PE", "municipality": "Trujillo", "function": "客货混合·农产品进境口岸", "geoPrecision": "exact", "provenance": {"provider": "OurAirports", "url": "https://davidmegginson.github.io/ourairports-data/airports.csv", "license": "Public Domain", "collectedAt": "2026-09-22"}}}, {"type": "Feature", "id": "airport:SPSO", "geometry": {"type": "Point", "coordinates": [-76.220299, -13.7449]}, "properties": {"id": "e:fac:apt-spso", "name": "Captain Renán Elías Olivera International Airport", "kind": "airport", "iata": "PIO", "country": "PE", "municipality": "Pisco", "function": "客货混合·农产品进境口岸", "geoPrecision": "exact", "provenance": {"provider": "OurAirports", "url": "https://davidmegginson.github.io/ourairports-data/airports.csv", "license": "Public Domain", "collectedAt": "2026-09-22"}}}, {"type": "Feature", "id": "airport:SPZO", "geometry": {"type": "Point", "coordinates": [-71.938797, -13.5357]}, "properties": {"id": "e:fac:apt-spzo", "name": "Alejandro Velasco Astete International Airport", "kind": "airport", "iata": "CUZ", "country": "PE", "municipality": "Cusco", "function": "客货混合·农产品进境口岸", "geoPrecision": "exact", "provenance": {"provider": "OurAirports", "url": "https://davidmegginson.github.io/ourairports-data/airports.csv", "license": "Public Domain", "collectedAt": "2026-09-22"}}}, {"type": "Feature", "id": "airport:SUMU", "geometry": {"type": "Point", "coordinates": [-56.026497, -34.835647]}, "properties": {"id": "e:fac:apt-sumu", "name": "Carrasco General Cesáreo L. Berisso International Airport", "kind": "airport", "iata": "MVD", "country": "UY", "municipality": "Ciudad de la Costa", "function": "客货混合·农产品进境口岸", "geoPrecision": "exact", "provenance": {"provider": "OurAirports", "url": "https://davidmegginson.github.io/ourairports-data/airports.csv", "license": "Public Domain", "collectedAt": "2026-09-22"}}}, {"type": "Feature", "id": "airport:SVBC", "geometry": {"type": "Point", "coordinates": [-64.692222, 10.111111]}, "properties": {"id": "e:fac:apt-svbc", "name": "General José Antonio Anzoategui International Airport", "kind": "airport", "iata": "BLA", "country": "VE", "municipality": "Barcelona", "function": "客货混合·农产品进境口岸", "geoPrecision": "exact", "provenance": {"provider": "OurAirports", "url": "https://davidmegginson.github.io/ourairports-data/airports.csv", "license": "Public Domain", "collectedAt": "2026-09-22"}}}, {"type": "Feature", "id": "airport:SVBM", "geometry": {"type": "Point", "coordinates": [-69.35862, 10.042747]}, "properties": {"id": "e:fac:apt-svbm", "name": "Jacinto Lara International Airport", "kind": "airport", "iata": "BRM", "country": "VE", "municipality": "Barquisimeto", "function": "客货混合·农产品进境口岸", "geoPrecision": "exact", "provenance": {"provider": "OurAirports", "url": "https://davidmegginson.github.io/ourairports-data/airports.csv", "license": "Public Domain", "collectedAt": "2026-09-22"}}}, {"type": "Feature", "id": "airport:SVMC", "geometry": {"type": "Point", "coordinates": [-71.729307, 10.557542]}, "properties": {"id": "e:fac:apt-svmc", "name": "La Chinita International Airport", "kind": "airport", "iata": "MAR", "country": "VE", "municipality": "Maracaibo", "function": "客货混合·农产品进境口岸", "geoPrecision": "exact", "provenance": {"provider": "OurAirports", "url": "https://davidmegginson.github.io/ourairports-data/airports.csv", "license": "Public Domain", "collectedAt": "2026-09-22"}}}, {"type": "Feature", "id": "airport:SVMG", "geometry": {"type": "Point", "coordinates": [-63.966599, 10.912603]}, "properties": {"id": "e:fac:apt-svmg", "name": "Del Caribe Santiago Mariño International Airport", "kind": "airport", "iata": "PMV", "country": "VE", "municipality": "Isla Margarita", "function": "客货混合·农产品进境口岸", "geoPrecision": "exact", "provenance": {"provider": "OurAirports", "url": "https://davidmegginson.github.io/ourairports-data/airports.csv", "license": "Public Domain", "collectedAt": "2026-09-22"}}}, {"type": "Feature", "id": "airport:SVMI", "geometry": {"type": "Point", "coordinates": [-66.991174, 10.602214]}, "properties": {"id": "e:fac:apt-svmi", "name": "Maiquetía Simón Bolívar International Airport", "kind": "airport", "iata": "CCS", "country": "VE", "municipality": "Maiquetía", "function": "客货混合·农产品进境口岸", "geoPrecision": "exact", "provenance": {"provider": "OurAirports", "url": "https://davidmegginson.github.io/ourairports-data/airports.csv", "license": "Public Domain", "collectedAt": "2026-09-22"}}}, {"type": "Feature", "id": "airport:SVPR", "geometry": {"type": "Point", "coordinates": [-62.760399, 8.28853]}, "properties": {"id": "e:fac:apt-svpr", "name": "General Manuel Carlos Piar International Airport", "kind": "airport", "iata": "PZO", "country": "VE", "municipality": "Guyana City", "function": "客货混合·农产品进境口岸", "geoPrecision": "exact", "provenance": {"provider": "OurAirports", "url": "https://davidmegginson.github.io/ourairports-data/airports.csv", "license": "Public Domain", "collectedAt": "2026-09-22"}}}, {"type": "Feature", "id": "airport:SVVA", "geometry": {"type": "Point", "coordinates": [-67.928398, 10.149733]}, "properties": {"id": "e:fac:apt-svva", "name": "Arturo Michelena International Airport", "kind": "airport", "iata": "VLN", "country": "VE", "municipality": "Valencia", "function": "客货混合·农产品进境口岸", "geoPrecision": "exact", "provenance": {"provider": "OurAirports", "url": "https://davidmegginson.github.io/ourairports-data/airports.csv", "license": "Public Domain", "collectedAt": "2026-09-22"}}}, {"type": "Feature", "id": "airport:SYCJ", "geometry": {"type": "Point", "coordinates": [-58.254101, 6.49855]}, "properties": {"id": "e:fac:apt-sycj", "name": "Cheddi Jagan International Airport", "kind": "airport", "iata": "GEO", "country": "GY", "municipality": "Georgetown", "function": "客货混合·农产品进境口岸", "geoPrecision": "exact", "provenance": {"provider": "OurAirports", "url": "https://davidmegginson.github.io/ourairports-data/airports.csv", "license": "Public Domain", "collectedAt": "2026-09-22"}}}, {"type": "Feature", "id": "airport:TAPA", "geometry": {"type": "Point", "coordinates": [-61.792702, 17.1367]}, "properties": {"id": "e:fac:apt-tapa", "name": "V. C. Bird International Airport", "kind": "airport", "iata": "ANU", "country": "AG", "municipality": "Osbourn", "function": "客货混合·农产品进境口岸", "geoPrecision": "exact", "provenance": {"provider": "OurAirports", "url": "https://davidmegginson.github.io/ourairports-data/airports.csv", "license": "Public Domain", "collectedAt": "2026-09-22"}}}, {"type": "Feature", "id": "airport:TBPB", "geometry": {"type": "Point", "coordinates": [-59.491034, 13.074667]}, "properties": {"id": "e:fac:apt-tbpb", "name": "Grantley Adams International Airport", "kind": "airport", "iata": "BGI", "country": "BB", "municipality": "Bridgetown", "function": "客货混合·农产品进境口岸", "geoPrecision": "exact", "provenance": {"provider": "OurAirports", "url": "https://davidmegginson.github.io/ourairports-data/airports.csv", "license": "Public Domain", "collectedAt": "2026-09-22"}}}, {"type": "Feature", "id": "airport:TFFF", "geometry": {"type": "Point", "coordinates": [-61.003201, 14.591]}, "properties": {"id": "e:fac:apt-tfff", "name": "Martinique Aimé Césaire International Airport", "kind": "airport", "iata": "FDF", "country": "MQ", "municipality": "Fort-de-France", "function": "客货混合·农产品进境口岸", "geoPrecision": "exact", "provenance": {"provider": "OurAirports", "url": "https://davidmegginson.github.io/ourairports-data/airports.csv", "license": "Public Domain", "collectedAt": "2026-09-22"}}}, {"type": "Feature", "id": "airport:TFFR", "geometry": {"type": "Point", "coordinates": [-61.532754, 16.265443]}, "properties": {"id": "e:fac:apt-tffr", "name": "Maryse Condé International Airport", "kind": "airport", "iata": "PTP", "country": "GP", "municipality": "Pointe-à-Pitre", "function": "客货混合·农产品进境口岸", "geoPrecision": "exact", "provenance": {"provider": "OurAirports", "url": "https://davidmegginson.github.io/ourairports-data/airports.csv", "license": "Public Domain", "collectedAt": "2026-09-22"}}}, {"type": "Feature", "id": "airport:TGPY", "geometry": {"type": "Point", "coordinates": [-61.785302, 12.003996]}, "properties": {"id": "e:fac:apt-tgpy", "name": "Maurice Bishop International Airport", "kind": "airport", "iata": "GND", "country": "GD", "municipality": "Saint George's", "function": "客货混合·农产品进境口岸", "geoPrecision": "exact", "provenance": {"provider": "OurAirports", "url": "https://davidmegginson.github.io/ourairports-data/airports.csv", "license": "Public Domain", "collectedAt": "2026-09-22"}}}, {"type": "Feature", "id": "airport:TIST", "geometry": {"type": "Point", "coordinates": [-64.977251, 18.337091]}, "properties": {"id": "e:fac:apt-tist", "name": "Cyril E. King Airport", "kind": "airport", "iata": "STT", "country": "VI", "municipality": "Charlotte Amalie", "function": "客货混合·农产品进境口岸", "geoPrecision": "exact", "provenance": {"provider": "OurAirports", "url": "https://davidmegginson.github.io/ourairports-data/airports.csv", "license": "Public Domain", "collectedAt": "2026-09-22"}}}, {"type": "Feature", "id": "airport:TJSJ", "geometry": {"type": "Point", "coordinates": [-66.001801, 18.4394]}, "properties": {"id": "e:fac:apt-tjsj", "name": "Luis Munoz Marin International Airport", "kind": "airport", "iata": "SJU", "country": "PR", "municipality": "San Juan", "function": "客货混合·农产品进境口岸", "geoPrecision": "exact", "provenance": {"provider": "OurAirports", "url": "https://davidmegginson.github.io/ourairports-data/airports.csv", "license": "Public Domain", "collectedAt": "2026-09-22"}}}, {"type": "Feature", "id": "airport:TKPK", "geometry": {"type": "Point", "coordinates": [-62.719117, 17.310845]}, "properties": {"id": "e:fac:apt-tkpk", "name": "Robert L. Bradshaw International Airport", "kind": "airport", "iata": "SKB", "country": "KN", "municipality": "Basseterre", "function": "客货混合·农产品进境口岸", "geoPrecision": "exact", "provenance": {"provider": "OurAirports", "url": "https://davidmegginson.github.io/ourairports-data/airports.csv", "license": "Public Domain", "collectedAt": "2026-09-22"}}}, {"type": "Feature", "id": "airport:TLPL", "geometry": {"type": "Point", "coordinates": [-60.952599, 13.7332]}, "properties": {"id": "e:fac:apt-tlpl", "name": "Hewanorra International Airport", "kind": "airport", "iata": "UVF", "country": "LC", "municipality": "Vieux Fort", "function": "客货混合·农产品进境口岸", "geoPrecision": "exact", "provenance": {"provider": "OurAirports", "url": "https://davidmegginson.github.io/ourairports-data/airports.csv", "license": "Public Domain", "collectedAt": "2026-09-22"}}}, {"type": "Feature", "id": "airport:TNCA", "geometry": {"type": "Point", "coordinates": [-70.014281, 12.501056]}, "properties": {"id": "e:fac:apt-tnca", "name": "Queen Beatrix International Airport", "kind": "airport", "iata": "AUA", "country": "AW", "municipality": "Oranjestad", "function": "客货混合·农产品进境口岸", "geoPrecision": "exact", "provenance": {"provider": "OurAirports", "url": "https://davidmegginson.github.io/ourairports-data/airports.csv", "license": "Public Domain", "collectedAt": "2026-09-22"}}}, {"type": "Feature", "id": "airport:TNCB", "geometry": {"type": "Point", "coordinates": [-68.268501, 12.131]}, "properties": {"id": "e:fac:apt-tncb", "name": "Flamingo International Airport", "kind": "airport", "iata": "BON", "country": "BQ", "municipality": "Kralendijk", "function": "客货混合·农产品进境口岸", "geoPrecision": "exact", "provenance": {"provider": "OurAirports", "url": "https://davidmegginson.github.io/ourairports-data/airports.csv", "license": "Public Domain", "collectedAt": "2026-09-22"}}}, {"type": "Feature", "id": "airport:TNCC", "geometry": {"type": "Point", "coordinates": [-68.959801, 12.1889]}, "properties": {"id": "e:fac:apt-tncc", "name": "Hato International Airport", "kind": "airport", "iata": "CUR", "country": "CW", "municipality": "Willemstad", "function": "客货混合·农产品进境口岸", "geoPrecision": "exact", "provenance": {"provider": "OurAirports", "url": "https://davidmegginson.github.io/ourairports-data/airports.csv", "license": "Public Domain", "collectedAt": "2026-09-22"}}}, {"type": "Feature", "id": "airport:TNCM", "geometry": {"type": "Point", "coordinates": [-63.108898, 18.041]}, "properties": {"id": "e:fac:apt-tncm", "name": "Princess Juliana International Airport", "kind": "airport", "iata": "SXM", "country": "SX", "municipality": "Sint Maarten", "function": "客货混合·农产品进境口岸", "geoPrecision": "exact", "provenance": {"provider": "OurAirports", "url": "https://davidmegginson.github.io/ourairports-data/airports.csv", "license": "Public Domain", "collectedAt": "2026-09-22"}}}, {"type": "Feature", "id": "airport:TRPG", "geometry": {"type": "Point", "coordinates": [-62.193204, 16.791835]}, "properties": {"id": "e:fac:apt-trpg", "name": "John A. Osborne Airport", "kind": "airport", "iata": "MNI", "country": "MS", "municipality": "Gerald's Park", "function": "客货混合·农产品进境口岸", "geoPrecision": "exact", "provenance": {"provider": "OurAirports", "url": "https://davidmegginson.github.io/ourairports-data/airports.csv", "license": "Public Domain", "collectedAt": "2026-09-22"}}}, {"type": "Feature", "id": "airport:TTCP", "geometry": {"type": "Point", "coordinates": [-60.831298, 11.149571]}, "properties": {"id": "e:fac:apt-ttcp", "name": "A.N.R. Robinson International Airport", "kind": "airport", "iata": "TAB", "country": "TT", "municipality": "Scarborough", "function": "客货混合·农产品进境口岸", "geoPrecision": "exact", "provenance": {"provider": "OurAirports", "url": "https://davidmegginson.github.io/ourairports-data/airports.csv", "license": "Public Domain", "collectedAt": "2026-09-22"}}}, {"type": "Feature", "id": "airport:TTPP", "geometry": {"type": "Point", "coordinates": [-61.337568, 10.59535]}, "properties": {"id": "e:fac:apt-ttpp", "name": "Piarco International Airport", "kind": "airport", "iata": "POS", "country": "TT", "municipality": "Port of Spain", "function": "客货混合·农产品进境口岸", "geoPrecision": "exact", "provenance": {"provider": "OurAirports", "url": "https://davidmegginson.github.io/ourairports-data/airports.csv", "license": "Public Domain", "collectedAt": "2026-09-22"}}}, {"type": "Feature", "id": "airport:TUPJ", "geometry": {"type": "Point", "coordinates": [-64.541707, 18.445492]}, "properties": {"id": "e:fac:apt-tupj", "name": "Terrance B. Lettsome International Airport", "kind": "airport", "iata": "EIS", "country": "VG", "municipality": "Beef Island", "function": "客货混合·农产品进境口岸", "geoPrecision": "exact", "provenance": {"provider": "OurAirports", "url": "https://davidmegginson.github.io/ourairports-data/airports.csv", "license": "Public Domain", "collectedAt": "2026-09-22"}}}, {"type": "Feature", "id": "airport:TVSA", "geometry": {"type": "Point", "coordinates": [-61.148801, 13.159725]}, "properties": {"id": "e:fac:apt-tvsa", "name": "Argyle International Airport", "kind": "airport", "iata": "SVD", "country": "VC", "municipality": "Kingstown", "function": "客货混合·农产品进境口岸", "geoPrecision": "exact", "provenance": {"provider": "OurAirports", "url": "https://davidmegginson.github.io/ourairports-data/airports.csv", "license": "Public Domain", "collectedAt": "2026-09-22"}}}, {"type": "Feature", "id": "airport:TXKF", "geometry": {"type": "Point", "coordinates": [-64.67824, 32.363802]}, "properties": {"id": "e:fac:apt-txkf", "name": "L.F. Wade International Airport", "kind": "airport", "iata": "BDA", "country": "BM", "municipality": "Hamilton", "function": "客货混合·农产品进境口岸", "geoPrecision": "exact", "provenance": {"provider": "OurAirports", "url": "https://davidmegginson.github.io/ourairports-data/airports.csv", "license": "Public Domain", "collectedAt": "2026-09-22"}}}, {"type": "Feature", "id": "airport:UAAA", "geometry": {"type": "Point", "coordinates": [77.042828, 43.354267]}, "properties": {"id": "e:fac:apt-uaaa", "name": "Almaty International Airport", "kind": "airport", "iata": "ALA", "country": "KZ", "municipality": "Almaty", "function": "客货混合·农产品进境口岸", "geoPrecision": "exact", "provenance": {"provider": "OurAirports", "url": "https://davidmegginson.github.io/ourairports-data/airports.csv", "license": "Public Domain", "collectedAt": "2026-09-22"}}}, {"type": "Feature", "id": "airport:UACC", "geometry": {"type": "Point", "coordinates": [71.467094, 51.027035]}, "properties": {"id": "e:fac:apt-uacc", "name": "Nursultan Nazarbayev International Airport", "kind": "airport", "iata": "NQZ", "country": "KZ", "municipality": "Astana", "function": "客货混合·农产品进境口岸", "geoPrecision": "exact", "provenance": {"provider": "OurAirports", "url": "https://davidmegginson.github.io/ourairports-data/airports.csv", "license": "Public Domain", "collectedAt": "2026-09-22"}}}, {"type": "Feature", "id": "airport:UACK", "geometry": {"type": "Point", "coordinates": [69.594597, 53.329102]}, "properties": {"id": "e:fac:apt-uack", "name": "Kokshetau International Airport", "kind": "airport", "iata": "KOV", "country": "KZ", "municipality": "Kokshetau", "function": "客货混合·农产品进境口岸", "geoPrecision": "exact", "provenance": {"provider": "OurAirports", "url": "https://davidmegginson.github.io/ourairports-data/airports.csv", "license": "Public Domain", "collectedAt": "2026-09-22"}}}, {"type": "Feature", "id": "airport:UACP", "geometry": {"type": "Point", "coordinates": [69.187415, 54.775622]}, "properties": {"id": "e:fac:apt-uacp", "name": "Petropavl International Airport", "kind": "airport", "iata": "PPK", "country": "KZ", "municipality": "Petropavl", "function": "客货混合·农产品进境口岸", "geoPrecision": "exact", "provenance": {"provider": "OurAirports", "url": "https://davidmegginson.github.io/ourairports-data/airports.csv", "license": "Public Domain", "collectedAt": "2026-09-22"}}}, {"type": "Feature", "id": "airport:UADD", "geometry": {"type": "Point", "coordinates": [71.303596, 42.8536]}, "properties": {"id": "e:fac:apt-uadd", "name": "Taraz International Airport", "kind": "airport", "iata": "DMB", "country": "KZ", "municipality": "Taraz", "function": "客货混合·农产品进境口岸", "geoPrecision": "exact", "provenance": {"provider": "OurAirports", "url": "https://davidmegginson.github.io/ourairports-data/airports.csv", "license": "Public Domain", "collectedAt": "2026-09-22"}}}, {"type": "Feature", "id": "airport:UAFM", "geometry": {"type": "Point", "coordinates": [74.4776, 43.061298]}, "properties": {"id": "e:fac:apt-uafm", "name": "Manas International Airport", "kind": "airport", "iata": "BSZ", "country": "KG", "municipality": "Bishkek", "function": "客货混合·农产品进境口岸", "geoPrecision": "exact", "provenance": {"provider": "OurAirports", "url": "https://davidmegginson.github.io/ourairports-data/airports.csv", "license": "Public Domain", "collectedAt": "2026-09-22"}}}, {"type": "Feature", "id": "airport:UAFO", "geometry": {"type": "Point", "coordinates": [72.793297, 40.609001]}, "properties": {"id": "e:fac:apt-uafo", "name": "Osh International Airport", "kind": "airport", "iata": "OSS", "country": "KG", "municipality": "Osh", "function": "客货混合·农产品进境口岸", "geoPrecision": "exact", "provenance": {"provider": "OurAirports", "url": "https://davidmegginson.github.io/ourairports-data/airports.csv", "license": "Public Domain", "collectedAt": "2026-09-22"}}}, {"type": "Feature", "id": "airport:UAII", "geometry": {"type": "Point", "coordinates": [69.47564, 42.365021]}, "properties": {"id": "e:fac:apt-uaii", "name": "Shymkent International Airport", "kind": "airport", "iata": "CIT", "country": "KZ", "municipality": "Shymkent", "function": "客货混合·农产品进境口岸", "geoPrecision": "exact", "provenance": {"provider": "OurAirports", "url": "https://davidmegginson.github.io/ourairports-data/airports.csv", "license": "Public Domain", "collectedAt": "2026-09-22"}}}, {"type": "Feature", "id": "airport:UAIT", "geometry": {"type": "Point", "coordinates": [68.550352, 43.311087]}, "properties": {"id": "e:fac:apt-uait", "name": "Hazrat Sultan International Airport", "kind": "airport", "iata": "HSA", "country": "KZ", "municipality": "Turkıstan", "function": "客货混合·农产品进境口岸", "geoPrecision": "exact", "provenance": {"provider": "OurAirports", "url": "https://davidmegginson.github.io/ourairports-data/airports.csv", "license": "Public Domain", "collectedAt": "2026-09-22"}}}, {"type": "Feature", "id": "airport:UAKD", "geometry": {"type": "Point", "coordinates": [67.738094, 47.708953]}, "properties": {"id": "e:fac:apt-uakd", "name": "Zhezkazgan National Airport", "kind": "airport", "iata": "DZN", "country": "KZ", "municipality": "Zhezkazgan", "function": "客货混合·农产品进境口岸", "geoPrecision": "exact", "provenance": {"provider": "OurAirports", "url": "https://davidmegginson.github.io/ourairports-data/airports.csv", "license": "Public Domain", "collectedAt": "2026-09-22"}}}, {"type": "Feature", "id": "airport:UAKK", "geometry": {"type": "Point", "coordinates": [73.334396, 49.670799]}, "properties": {"id": "e:fac:apt-uakk", "name": "Sary-Arka Airport", "kind": "airport", "iata": "KGF", "country": "KZ", "municipality": "Karaganda", "function": "客货混合·农产品进境口岸", "geoPrecision": "exact", "provenance": {"provider": "OurAirports", "url": "https://davidmegginson.github.io/ourairports-data/airports.csv", "license": "Public Domain", "collectedAt": "2026-09-22"}}}, {"type": "Feature", "id": "airport:UAOL", "geometry": {"type": "Point", "coordinates": [63.210773, 45.621994]}, "properties": {"id": "e:fac:apt-uaol", "name": "Baikonur Krayniy International Airport", "kind": "airport", "iata": "BXY", "country": "KZ", "municipality": "Baikonur", "function": "客货混合·农产品进境口岸", "geoPrecision": "exact", "provenance": {"provider": "OurAirports", "url": "https://davidmegginson.github.io/ourairports-data/airports.csv", "license": "Public Domain", "collectedAt": "2026-09-22"}}}, {"type": "Feature", "id": "airport:UAOO", "geometry": {"type": "Point", "coordinates": [65.592499, 44.706902]}, "properties": {"id": "e:fac:apt-uaoo", "name": "Korkyt Ata International Airport", "kind": "airport", "iata": "KZO", "country": "KZ", "municipality": "Kyzylorda", "function": "客货混合·农产品进境口岸", "geoPrecision": "exact", "provenance": {"provider": "OurAirports", "url": "https://davidmegginson.github.io/ourairports-data/airports.csv", "license": "Public Domain", "collectedAt": "2026-09-22"}}}, {"type": "Feature", "id": "airport:UARR", "geometry": {"type": "Point", "coordinates": [51.543652, 51.151976]}, "properties": {"id": "e:fac:apt-uarr", "name": "Manshuk Mametova International Airport", "kind": "airport", "iata": "URA", "country": "KZ", "municipality": "Uralsk", "function": "客货混合·农产品进境口岸", "geoPrecision": "exact", "provenance": {"provider": "OurAirports", "url": "https://davidmegginson.github.io/ourairports-data/airports.csv", "license": "Public Domain", "collectedAt": "2026-09-22"}}}, {"type": "Feature", "id": "airport:UASK", "geometry": {"type": "Point", "coordinates": [82.496057, 50.035033]}, "properties": {"id": "e:fac:apt-uask", "name": "Oskemen International Airport", "kind": "airport", "iata": "UKK", "country": "KZ", "municipality": "Ust-Kamenogorsk (Oskemen)", "function": "客货混合·农产品进境口岸", "geoPrecision": "exact", "provenance": {"provider": "OurAirports", "url": "https://davidmegginson.github.io/ourairports-data/airports.csv", "license": "Public Domain", "collectedAt": "2026-09-22"}}}, {"type": "Feature", "id": "airport:UASP", "geometry": {"type": "Point", "coordinates": [77.073088, 52.194982]}, "properties": {"id": "e:fac:apt-uasp", "name": "Pavlodar International Airport", "kind": "airport", "iata": "PWQ", "country": "KZ", "municipality": "Pavlodar", "function": "客货混合·农产品进境口岸", "geoPrecision": "exact", "provenance": {"provider": "OurAirports", "url": "https://davidmegginson.github.io/ourairports-data/airports.csv", "license": "Public Domain", "collectedAt": "2026-09-22"}}}, {"type": "Feature", "id": "airport:UASS", "geometry": {"type": "Point", "coordinates": [80.234398, 50.351295]}, "properties": {"id": "e:fac:apt-uass", "name": "Semei International Airport", "kind": "airport", "iata": "PLX", "country": "KZ", "municipality": "Semey", "function": "客货混合·农产品进境口岸", "geoPrecision": "exact", "provenance": {"provider": "OurAirports", "url": "https://davidmegginson.github.io/ourairports-data/airports.csv", "license": "Public Domain", "collectedAt": "2026-09-22"}}}, {"type": "Feature", "id": "airport:UATE", "geometry": {"type": "Point", "coordinates": [51.09086, 43.860093]}, "properties": {"id": "e:fac:apt-uate", "name": "Aktau International Airport", "kind": "airport", "iata": "SCO", "country": "KZ", "municipality": "Aktau", "function": "客货混合·农产品进境口岸", "geoPrecision": "exact", "provenance": {"provider": "OurAirports", "url": "https://davidmegginson.github.io/ourairports-data/airports.csv", "license": "Public Domain", "collectedAt": "2026-09-22"}}}, {"type": "Feature", "id": "airport:UATG", "geometry": {"type": "Point", "coordinates": [51.820343, 47.121318]}, "properties": {"id": "e:fac:apt-uatg", "name": "Atyrau International Airport", "kind": "airport", "iata": "GUW", "country": "KZ", "municipality": "Atyrau", "function": "客货混合·农产品进境口岸", "geoPrecision": "exact", "provenance": {"provider": "OurAirports", "url": "https://davidmegginson.github.io/ourairports-data/airports.csv", "license": "Public Domain", "collectedAt": "2026-09-22"}}}, {"type": "Feature", "id": "airport:UATT", "geometry": {"type": "Point", "coordinates": [57.204144, 50.248116]}, "properties": {"id": "e:fac:apt-uatt", "name": "Aktobe International Airport", "kind": "airport", "iata": "AKX", "country": "KZ", "municipality": "Aktobe", "function": "客货混合·农产品进境口岸", "geoPrecision": "exact", "provenance": {"provider": "OurAirports", "url": "https://davidmegginson.github.io/ourairports-data/airports.csv", "license": "Public Domain", "collectedAt": "2026-09-22"}}}, {"type": "Feature", "id": "airport:UAUU", "geometry": {"type": "Point", "coordinates": [63.550301, 53.206902]}, "properties": {"id": "e:fac:apt-uauu", "name": "Kostanay International Airport", "kind": "airport", "iata": "KSN", "country": "KZ", "municipality": "Kostanay", "function": "客货混合·农产品进境口岸", "geoPrecision": "exact", "provenance": {"provider": "OurAirports", "url": "https://davidmegginson.github.io/ourairports-data/airports.csv", "license": "Public Domain", "collectedAt": "2026-09-22"}}}]}